WETLAND_ID,SC_TEMP_COMP,HSE_CODE,DATE,TIME,AIR_TEMP_C,SAMPLE_ID,TYPE,S_W_TEMP_C,SC_MSCM,N2O_CONC,CH4_CONC,CO2_CONC,N2_ADDED,SITE_ID,MEASUREMENT_DEPTH_CM,WATER_DEPTH_CM,RH_PCNT,WIND_KPH
BECK 5,N,S,17MAY2016,15:28:22,21.5,1,12,-9999,1.258,152.97487092,22.27422055,5154.8262815,20,CH1,-9999,-9999,-9999,-9999
BECK 5,N,S,17MAY2016,15:28:42,21.5,2,12,-9999,1.258,167.0267222,18.731011336,4376.1244723,20,CH1,-9999,-9999,-9999,-9999
BECK 6,N,S,17MAY2016,16:35:21,19.7,1,12,-9999,-9999,185.91477389,13.21647685,728.7953562,20,CH1,-9999,-9999,-9999,-9999
BECK 6,N,S,17MAY2016,16:36:06,19.7,2,12,-9999,-9999,219.80549197,15.195952906,809.38829712,20,CH1,-9999,-9999,-9999,-9999
P1,N,NA,04AUG2010,0:00:00,-9999,1,10,-9999,-9999,210.4359755,847.38763921,1248.0059904,0,CH1,-9999,-9999,-9999,-9999
P1,N,NA,04AUG2010,0:00:00,-9999,2,10,-9999,-9999,201.96266246,914.76993105,1012.2148508,0,CH1,-9999,-9999,-9999,-9999
P1,N,NA,18AUG2010,11:42:12,-9999,1,10,-9999,-9999,537.80289366,411.82692942,1029.2576001,0,CH1,-9999,-9999,-9999,-9999
P1,N,NA,18AUG2010,12:46:23,-9999,1,10,-9999,-9999,523.72296408,460.3655379,1118.9303422,0,CH1,-9999,-9999,-9999,-9999
P1,N,NA,29SEP2010,10:26:10,-9999,1,10,-9999,-9999,192.14154036,177.46715178,582.91218498,0,CH1,-9999,-9999,-9999,-9999
P1,N,NA,29SEP2010,14:20:30,-9999,1,10,-9999,-9999,207.4660247,99.739191686,620.38331418,0,CH1,-9999,-9999,-9999,-9999
P1,N,NA,29SEP2010,11:20:10,-9999,2,10,-9999,-9999,218.61721362,114.35073454,580.75885702,0,CH1,-9999,-9999,-9999,-9999
P1,N,NA,12OCT2010,11:32:05,-9999,1,10,-9999,-9999,279.15761379,214.50651021,787.93636378,0,CH1,-9999,-9999,-9999,-9999
P1,N,NA,17NOV2010,10:21:33,-9999,1,10,1.5,2.023,225.86734524,7.8106411653,603.79994249,0,WS1,30,168,-9999,-9999
P1,N,NA,17NOV2010,10:50:43,-9999,2,10,1.4,2.023,213.43276699,35.210126575,634.22196959,0,WS2,30,160,-9999,-9999
P1,N,NA,17NOV2010,11:17:28,-9999,3,10,1.3,1.759,215.00733749,48.357964039,662.47739242,0,WS3,30,160,-9999,-9999
P1,N,NA,25MAR2011,15:53:07,-9999,1,10,-0.2,2.899,95.377540667,10379.642681,4784.2559094,0,WS1,30,170,-9999,-9999
P1,N,NA,25MAR2011,16:54:01,-9999,2,10,-0.1,2.804,100.92051604,2346.6275629,3670.2364363,0,WS2,30,173,-9999,-9999
P1,N,NA,25MAR2011,18:19:52,-9999,3,10,-0.2,2.892,104.14436896,9289.8733831,4294.7531316,0,WS3,30,170,-9999,-9999
P1,N,NA,25MAY2011,11:52:05,-9999,1,10,16.4,-9999,207.95162381,141.70337019,656.12083724,0,CH1,139,-9999,-9999,-9999
P1,N,NA,08JUN2011,11:52:00,-9999,1,10,16.4,-9999,194.55900116,183.34928441,985.06153812,0,CH1,132,-9999,-9999,-9999
P1,N,NA,22JUN2011,14:44:44,-9999,1,10,16.4,-9999,349.23011956,125.88091575,1646.0277496,0,CH1,171,-9999,-9999,-9999
P1,N,NA,05JUL2011,11:42:03,-9999,1,10,16.4,-9999,441.41392427,1607.7856654,1457.2787434,0,CH1,173,-9999,-9999,-9999
P1,N,NA,20JUL2011,14:27:04,-9999,1,10,16.4,-9999,220.7442899,2184.5414789,1846.0508622,0,CH1,147,-9999,-9999,-9999
P1,N,NA,02AUG2011,0:00:00,-9999,1,10,16.4,-9999,203.40631219,1064.2408933,2098.5148233,0,CH1,-9999,-9999,-9999,-9999
P1,N,NA,17AUG2011,11:56:17,-9999,1,10,16.4,-9999,159.0864521,680.32231231,1603.7976602,0,CH1,152,-9999,-9999,-9999
P1,N,NA,30AUG2011,14:38:20,-9999,1,10,16.4,-9999,174.69023196,797.76671695,1417.609415,0,CH1,-9999,-9999,-9999,-9999
P1,N,NA,14SEP2011,14:09:36,-9999,1,10,16.4,-9999,180.7948485,265.74112338,1064.4340005,0,CH1,-9999,-9999,-9999,-9999
P1,N,NA,28SEP2011,11:11:48,-9999,1,10,16.4,-9999,206.72781793,185.81525767,1021.6504186,0,CH1,-9999,-9999,-9999,-9999
P1,N,NA,14OCT2011,11:19:15,-9999,1,10,16.4,-9999,208.06666118,121.57278473,808.40342034,0,CH1,-9999,-9999,-9999,-9999
P1,N,NA,27OCT2011,14:39:03,-9999,1,10,16.4,-9999,199.21172916,117.14438113,615.90071652,0,CH1,-9999,-9999,-9999,-9999
P1,N,NA,29NOV2011,12:29:20,-9999,1,10,1.2,1.921,223.82212627,134.50362086,561.26034884,0,WS1,30,187,-9999,-9999
P1,N,NA,29NOV2011,12:28:04,-9999,2,10,1.4,1.91,229.14096241,130.31071101,598.71516892,0,WS1,100,187,-9999,-9999
P1,N,NA,29NOV2011,14:21:48,-9999,3,10,2.2,1.908,213.46444461,159.66166531,663.49634655,0,WS2,30,200,-9999,-9999
P1,N,NA,29NOV2011,14:22:59,-9999,4,10,1.2,1.932,231.72404232,153.70704999,625.89561086,0,WS2,100,198,-9999,-9999
P1,N,NA,29NOV2011,15:48:21,-9999,5,10,0.9,1.933,217.84657174,134.5861927,567.07104276,0,WS3,30,196,-9999,-9999
P1,N,NA,29NOV2011,15:49:06,-9999,6,10,1.1,1.937,232.17938602,131.03670753,603.02819421,0,WS3,100,196,-9999,-9999
P1,N,NA,12DEC2011,12:51:05,-9999,1,10,1.2,1.821,211.74679529,233.20107381,784.1755051,0,WS1,30,187,-9999,-9999
P1,N,NA,12DEC2011,12:34:31,-9999,2,10,1.4,1.855,180.53765327,180.54721761,666.58292713,0,WS1,100,187,-9999,-9999
P1,N,NA,12DEC2011,15:10:00,-9999,3,10,2.2,1.851,186.50677893,221.17135928,689.41780822,0,WS2,30,200,-9999,-9999
P1,N,NA,12DEC2011,15:14:22,-9999,4,10,1.2,1.85,197.51300947,235.26620994,748.22485902,0,WS2,100,198,-9999,-9999
P1,N,NA,12DEC2011,16:26:07,-9999,5,10,0.9,1.822,198.98511347,127.86005546,762.10642374,0,WS3,30,196,-9999,-9999
P1,N,NA,12DEC2011,16:24:46,-9999,6,10,1.1,1.848,188.7619273,179.40274322,673.18066976,0,WS3,100,196,-9999,-9999
P1,N,NA,18JAN2012,12:50:19,-9999,1,10,0.5,1.926,132.66564361,222.87388001,956.18076412,0,WS1,30,205,-9999,-9999
P1,N,NA,18JAN2012,12:51:33,-9999,2,10,1.1,1.966,124.10075936,221.34478734,902.36823523,0,WS1,100,205,-9999,-9999
P1,N,NA,18JAN2012,15:38:27,-9999,3,10,0.2,1.801,128.85773237,236.61587312,1017.1167648,0,WS2,30,197,-9999,-9999
P1,N,NA,18JAN2012,15:20:33,-9999,4,10,1.2,1.884,130.90649383,233.84411231,900.40457225,0,WS2,100,197,-9999,-9999
P1,N,NA,18JAN2012,17:25:35,-9999,5,10,0.3,1.443,139.31035292,215.04313221,1035.2737656,0,WS3,30,197,-9999,-9999
P1,N,NA,18JAN2012,17:46:10,-9999,6,10,1.2,1.488,132.50614907,235.43653821,1080.2121807,0,WS3,100,197,-9999,-9999
P1,N,NA,08FEB2012,12:12:30,-9999,1,10,0.7,2.039,126.35442252,178.29835831,1012.2894156,0,WS1,30,201,-9999,-9999
P1,N,NA,08FEB2012,12:11:21,-9999,2,10,2.7,2.122,120.87162493,183.53879256,1131.7021257,0,WS1,100,201,-9999,-9999
P1,N,NA,08FEB2012,13:31:39,-9999,3,10,0.6,2.021,105.96969233,87.106869826,613.47365918,0,WS2,30,198,-9999,-9999
P1,N,NA,08FEB2012,13:33:36,-9999,4,10,3.2,2.202,120.84717545,165.71821474,1128.6418478,0,WS2,100,198,-9999,-9999
P1,N,NA,08FEB2012,15:07:40,-9999,5,10,0.7,2.042,122.36786382,161.47927269,1184.5999764,0,WS3,30,196,-9999,-9999
P1,N,NA,08FEB2012,15:09:03,-9999,6,10,2.9,2.198,125.75417399,156.36081765,1213.6881293,0,WS3,100,196,-9999,-9999
P1,N,NA,13MAR2012,11:37:41,-9999,1,10,3.3,1.694,171.1979216,86.391616615,62.110734427,0,WS1,30,190,-9999,-9999
P1,N,NA,13MAR2012,11:35:55,-9999,2,10,4.4,2.441,105.72992246,140.52102032,1643.6537499,0,WS1,100,190,-9999,-9999
P1,N,NA,13MAR2012,14:47:39,-9999,3,10,4.7,1.756,137.55644275,165.91415759,1023.5998983,0,WS2,30,210,-9999,-9999
P1,N,NA,13MAR2012,14:44:55,-9999,4,10,4.7,2.502,103.66996434,150.08865012,1721.1790129,0,WS2,100,210,-9999,-9999
P1,N,NA,13MAR2012,13:24:40,-9999,5,10,4.6,2.429,159.93072527,55.041343699,244.00578904,0,WS3,30,203,-9999,-9999
P1,N,NA,13MAR2012,13:22:43,-9999,6,10,4.6,2.471,99.951536158,146.85073763,1702.3608048,0,WS3,100,203,-9999,-9999
P1,N,NA,31MAY2012,12:59:02,-9999,1,10,15.2,-9999,310.84138245,187.79816074,782.16761289,0,CH1,-9999,128,-9999,-9999
P1,N,NA,27JUN2012,13:01:23,-9999,1,10,24.1,-9999,324.4347699,584.03749344,1201.1518971,0,CH1,-9999,130,-9999,-9999
P1,N,NA,12JUL2012,12:17:10,-9999,1,10,26.9,-9999,258.85438086,828.14834212,1184.5601118,0,CH1,-9999,121,-9999,-9999
P1,N,NA,25JUL2012,12:20:32,-9999,1,10,25.2,-9999,272.39010776,698.43882458,982.37131039,0,CH1,-9999,107,-9999,-9999
P1,N,NA,09AUG2012,12:33:32,-9999,1,10,24.4,-9999,270.94218429,728.61171683,911.80833232,0,CH1,-9999,106,-9999,-9999
P1,N,NA,06SEP2012,12:43:45,-9999,1,10,18.6,-9999,261.8386479,324.13165517,764.42540753,0,CH1,-9999,95,-9999,-9999
P1,N,NA,19SEP2012,12:46:09,-9999,1,10,13.8,-9999,279.65598965,122.45227895,487.54689919,0,CH1,-9999,89,-9999,-9999
P1,N,NA,03OCT2012,13:18:40,-9999,1,10,12.6,-9999,296.73955004,206.34807818,552.35713446,0,CH1,-9999,77,-9999,-9999
P1,N,NA,15OCT2012,14:21:36,-9999,1,10,9.7,-9999,351.87330884,49.804666125,529.42806199,0,CH1,-9999,79,-9999,-9999
P1,Y,NA,07NOV2012,16:27:13,-9999,1,10,3.4,4.154,280.03149278,14.32234213,364.59828748,0,WS1,30,134,-9999,-9999
P1,Y,NA,07NOV2012,16:20:55,-9999,2,10,3.3,4.139,327.2710949,24.159044995,291.62517494,0,WS1,100,134,-9999,-9999
P1,Y,NA,07NOV2012,13:59:00,-9999,3,10,3.1,4.125,276.31596115,22.219250395,331.10079921,0,WS2,30,134,-9999,-9999
P1,Y,NA,07NOV2012,13:57:02,-9999,4,10,2.9,4.119,318.59973413,29.496545393,338.12730489,0,WS2,100,134,-9999,-9999
P1,Y,NA,07NOV2012,15:11:45,-9999,5,10,3.1,4.136,275.08747282,15.982737641,316.81760783,0,WS3,30,152,-9999,-9999
P1,Y,NA,07NOV2012,15:09:44,-9999,6,10,3,4.143,319.56450378,27.782703474,305.75072847,0,WS3,100,152,-9999,-9999
P1,N,NA,12DEC2012,13:40:52,-9999,1,10,0.7,2.551,222.57970164,167.50034448,423.30750897,0,CH1,30,137,-9999,-9999
P1,N,NA,12DEC2012,13:42:19,-9999,2,10,1.1,2.584,233.31459918,177.27709568,437.10887717,0,CH1,100,137,-9999,-9999
P1,N,NA,12DEC2012,15:23:37,-9999,3,10,0.8,2.581,240.19252544,144.90781924,438.15287176,0,CH1,30,140,-9999,-9999
P1,N,NA,12DEC2012,15:22:36,-9999,4,10,1.1,2.588,237.18929394,145.69920839,411.75161117,0,CH1,100,140,-9999,-9999
P1,N,NA,12DEC2012,14:30:05,-9999,5,10,0.6,2.596,222.24415496,160.64050848,404.11608503,0,CH1,30,145,-9999,-9999
P1,N,NA,12DEC2012,14:33:03,-9999,6,10,0.9,2.578,237.53320376,168.16770218,470.76734551,0,CH1,100,145,-9999,-9999
P1,N,NA,09JAN2013,15:09:58,-9999,1,10,0.1,2.893,173.35731165,210.10498151,652.56784783,0,CH1,30,137,-9999,-9999
P1,N,NA,09JAN2013,15:06:56,-9999,2,10,0.2,2.897,184.05260581,196.47052001,685.37725374,0,CH1,100,137,-9999,-9999
P1,N,NA,09JAN2013,16:43:05,-9999,3,10,0.4,2.92,174.148962,178.70716304,654.50206584,0,CH1,30,137,-9999,-9999
P1,N,NA,09JAN2013,16:55:21,-9999,4,10,0.8,2.947,182.33519207,226.95785256,751.39637826,0,CH1,100,137,-9999,-9999
P1,N,NA,09JAN2013,16:04:53,-9999,5,10,0.1,2.894,176.18886242,190.52665061,695.23504859,0,CH1,30,136,-9999,-9999
P1,N,NA,09JAN2013,16:03:24,-9999,6,10,0.3,2.896,182.76357632,207.621075,922.2056879,0,CH1,100,136,-9999,-9999
P1,N,NA,12FEB2013,16:13:29,-9999,1,10,0,3.227,136.19283181,558.79191861,1233.0118579,0,CH1,30,147,-9999,-9999
P1,N,NA,12FEB2013,16:12:27,-9999,2,10,0,3.204,136.00009903,543.4042619,1273.3549268,0,CH1,100,147,-9999,-9999
P1,N,NA,12FEB2013,17:02:40,-9999,3,10,0.2,3.221,133.116788,588.6253469,1338.3871089,0,CH1,30,148,-9999,-9999
P1,N,NA,12FEB2013,17:01:44,-9999,4,10,0.7,3.307,140.91677596,575.49289758,1379.4210217,0,CH1,100,148,-9999,-9999
P1,N,NA,12FEB2013,17:50:18,-9999,5,10,-0.1,3.21,131.05987287,684.51870354,1478.7315959,0,CH1,30,142,-9999,-9999
P1,N,NA,12FEB2013,17:53:28,-9999,6,10,0.1,3.245,157.81917036,580.41225316,1545.3723984,0,CH1,100,142,-9999,-9999
P1,N,NA,21MAR2013,12:48:02,-9999,1,10,0.1,3.373,70.687958583,2280.5042886,2651.955737,0,CH1,30,150,-9999,-9999
P1,N,NA,21MAR2013,12:00:26,-9999,2,10,0.4,3.336,32.203397336,2347.9992174,2699.269129,0,CH1,100,150,-9999,-9999
P1,N,NA,21MAR2013,16:55:10,-9999,3,10,0,3.412,47.947246427,2329.0034594,2381.6454437,0,CH1,30,151,-9999,-9999
P1,N,NA,21MAR2013,16:17:58,-9999,4,10,0.2,3.427,29.498382962,2287.1223774,2390.1856355,0,CH1,100,151,-9999,-9999
P1,N,NA,21MAR2013,15:14:57,-9999,5,10,-0.1,3.392,47.489791089,2381.2583535,2462.2732526,0,CH1,30,149,-9999,-9999
P1,N,NA,21MAR2013,14:49:07,-9999,6,10,-0.1,3.39,27.648154368,2259.6556094,2391.6463752,0,CH1,100,149,-9999,-9999
P1,N,NA,23APR2013,12:53:24,-9999,1,10,0.1,3.444,44.175409698,2620.4094197,2021.0611131,0,CH1,30,153,-9999,-9999
P1,N,NA,23APR2013,13:21:57,-9999,2,10,0.6,3.619,37.49647498,2946.3942349,3551.5743466,0,CH1,100,153,-9999,-9999
P1,N,NA,23APR2013,16:03:49,-9999,3,10,0,3.546,35.590350157,2775.5242146,2859.9123934,0,CH1,30,151,-9999,-9999
P1,N,NA,23APR2013,15:41:30,-9999,4,10,0.7,3.675,34.102567431,2810.3515916,3207.7552181,0,CH1,100,151,-9999,-9999
P1,N,NA,23APR2013,14:52:34,-9999,5,10,0.4,3.708,39.187012035,2534.0413268,2810.6881638,0,CH1,30,150,-9999,-9999
P1,N,NA,23APR2013,14:41:50,-9999,6,10,0.1,3.624,36.212026778,3682.9413829,3628.6036438,0,CH1,100,150,-9999,-9999
P1,N,NA,09MAY2013,13:06:36,-9999,1,10,11.1,-9999,229.04948088,2433.8677425,1132.7178683,0,CH1,33.5,67,-9999,-9999
P1,N,NA,09MAY2013,13:07:42,-9999,2,10,11.1,-9999,227.61522457,2437.5230173,1145.7418005,0,CH1,33.5,67,-9999,-9999
P1,N,NA,22MAY2013,13:12:16,-9999,1,10,11.6,-9999,280.89990772,75.950504346,641.96291911,0,CH1,40,80,-9999,-9999
P1,N,NA,22MAY2013,13:13:00,-9999,2,10,11.6,-9999,281.66467695,76.066095503,636.0638839,0,CH1,40,80,-9999,-9999
P1,N,NA,05JUN2013,11:16:56,-9999,1,10,13,-9999,293.92861302,154.37807948,1017.8957546,0,CH1,41,82,-9999,-9999
P1,N,NA,05JUN2013,11:17:55,-9999,2,10,13,-9999,289.06978068,154.27952712,1026.148245,0,CH1,41,82,-9999,-9999
P1,N,NA,19JUN2013,15:37:03,-9999,1,10,23.6,-9999,248.25611026,382.26847853,1390.0350151,0,CH1,33,66,-9999,-9999
P1,N,NA,19JUN2013,15:45:04,-9999,2,10,23.6,-9999,251.97719952,375.91355138,1395.4583815,0,CH1,33,66,-9999,-9999
P1,N,NA,03JUL2013,11:39:24,-9999,1,10,26.9,-9999,253.62004873,389.37955079,463.42337095,0,CH1,38,76,-9999,-9999
P1,N,NA,03JUL2013,11:40:12,-9999,2,10,26.9,-9999,252.87234157,388.94078707,458.03470787,0,CH1,38,76,-9999,-9999
P1,N,NA,17JUL2013,11:42:13,-9999,1,10,25.6,-9999,258.57617494,341.44336323,453.9035883,0,CH1,35,70,-9999,-9999
P1,N,NA,17JUL2013,11:42:51,-9999,2,10,25.6,-9999,259.16627496,339.3714321,443.54329044,0,CH1,35,70,-9999,-9999
P1,N,NA,29JUL2013,13:33:17,-9999,1,10,20.7,-9999,269.70584773,136.55467414,308.26273123,0,CH1,29.5,59,-9999,-9999
P1,N,NA,29JUL2013,13:34:26,-9999,2,10,20.7,-9999,270.62870879,147.16292338,302.91311505,0,CH1,29.5,59,-9999,-9999
P1,N,NA,14AUG2013,11:54:57,-9999,1,10,21.3,-9999,248.61886609,226.05358065,250.3900393,0,CH1,31.5,63,-9999,-9999
P1,N,NA,14AUG2013,11:55:30,-9999,2,10,21.3,-9999,251.95660532,225.62716617,238.21774812,0,CH1,31.5,63,-9999,-9999
P1,N,NA,28AUG2013,13:52:22,-9999,1,10,28.5,-9999,264.95180211,617.82006205,298.66887581,0,CH1,28.5,57,-9999,-9999
P1,N,NA,28AUG2013,14:01:25,-9999,2,10,28.5,-9999,268.27876301,620.33180677,246.20665302,0,CH1,28.5,57,-9999,-9999
P1,N,NA,11SEP2013,12:32:39,-9999,1,10,21.1,-9999,249.47024274,479.97668958,119.79115177,0,CH1,50.5,101,-9999,-9999
P1,N,NA,11SEP2013,12:33:45,-9999,2,10,21.1,-9999,250.86475738,481.33223726,112.96441735,0,CH1,50.5,101,-9999,-9999
P1,N,NA,25SEP2013,12:48:40,-9999,1,10,17.4,-9999,269.33682133,97.860826575,109.97839181,0,CH1,25,50,-9999,-9999
P1,N,NA,25SEP2013,12:49:40,-9999,2,10,17.4,-9999,268.78927306,99.722954183,66.355827129,0,CH1,25,50,-9999,-9999
P1,N,NA,23OCT2013,12:58:07,-9999,1,10,4.7,-9999,261.23805203,48.830972882,106.97327338,0,CH1,33.5,67,-9999,-9999
P1,N,NA,23OCT2013,13:01:55,-9999,2,10,4.7,-9999,261.06273335,48.640745968,110.97869769,0,CH1,33.5,67,-9999,-9999
P1,N,NA,17DEC2013,11:52:29,-9999,1,10,0,2.434,269.56916473,87.358921865,178.11793627,0,CH1,30,172,-9999,-9999
P1,N,NA,17DEC2013,11:53:25,-9999,2,10,0.1,2.442,278.28922031,85.83070098,227.45211176,0,CH1,100,172,-9999,-9999
P1,N,NA,17DEC2013,13:09:38,-9999,3,10,0.5,2.446,243.62665834,105.60765153,306.77186956,0,CH1,30,169,-9999,-9999
P1,N,NA,17DEC2013,13:10:34,-9999,4,10,0.7,2.471,276.95334322,80.000115202,227.89357583,0,CH1,100,169,-9999,-9999
P1,N,NA,17DEC2013,16:33:51,-9999,5,10,0.2,2.25,105.93203025,403.29869602,442.87536382,0,CH1,30,169,-9999,-9999
P1,N,NA,17DEC2013,16:21:35,-9999,6,10,0.3,2.38,186.384325,177.64053252,341.18804391,0,CH1,100,169,-9999,-9999
P1,N,NA,13JAN2014,13:52:42,-9999,1,10,0.2,2.659,160.16817821,230.45354264,323.24106187,0,CH1,30,170,-9999,-9999
P1,N,NA,13JAN2014,13:53:07,-9999,2,10,0.2,2.634,166.72372116,217.83784379,358.6292684,0,CH1,100,170,-9999,-9999
P1,N,NA,13JAN2014,15:31:18,-9999,3,10,0.6,2.675,50.668085393,665.63703429,547.89164519,0,CH1,30,170,-9999,-9999
P1,N,NA,13JAN2014,15:32:13,-9999,4,10,0.6,2.666,151.59615289,390.2309826,403.23025423,0,CH1,100,170,-9999,-9999
P1,N,NA,13JAN2014,16:08:26,-9999,5,10,0.4,2.668,32.276039058,922.20693413,545.01651204,0,CH1,30,165,-9999,-9999
P1,N,NA,13JAN2014,16:09:29,-9999,6,10,0.7,2.678,25.819933349,1010.6117958,545.05981907,0,CH1,100,165,-9999,-9999
P1,N,NA,26MAR2014,11:23:45,-9999,1,10,0,1.754,329.17127238,2.1108174692,447.4244945,0,CH1,30,172,-9999,-9999
P1,Y,NA,26MAR2014,11:22:18,-9999,2,10,2.1,6.555,287.49745279,2.0023151832,452.82066186,0,CH1,100,172,-9999,-9999
P1,N,NA,26MAR2014,12:31:25,-9999,3,10,0.3,0.955,301.15023327,2.3162694127,485.55026901,0,CH1,30,176,-9999,-9999
P1,Y,NA,26MAR2014,12:30:07,-9999,4,10,2.9,5.23,283.40672161,2.3484847422,506.34116451,0,CH1,100,176,-9999,-9999
P1,N,NA,26MAR2014,14:19:26,-9999,5,10,0.5,0.869,305.73627611,2.2495810401,494.02549519,0,CH1,30,171,-9999,-9999
P1,Y,NA,26MAR2014,13:43:01,-9999,6,10,3.8,5.081,291.24041129,2.2468876273,491.34722262,0,CH1,100,171,-9999,-9999
P1,N,NA,24APR2014,12:58:07,-9999,1,10,9.5,-9999,294.72963715,85.680412332,630.33440388,0,CH1,27.5,55,-9999,-9999
P1,N,NA,24APR2014,12:58:07,-9999,2,10,9.5,-9999,301.05893713,85.713889684,884.59342101,0,CH1,27.5,55,-9999,-9999
P1,N,NA,07MAY2014,13:43:52,-9999,1,10,10,-9999,280.0462893,62.974611583,981.10578937,0,CH1,40,80,-9999,-9999
P1,N,NA,07MAY2014,13:43:52,-9999,2,10,10,-9999,273.1056554,62.930093183,776.36299989,0,CH1,40,80,-9999,-9999
P1,N,NA,21MAY2014,11:35:11,-9999,1,10,-9999,-9999,280.27158268,96.638804067,906.83495489,0,CH1,-9999,-9999,-9999,-9999
P1,N,NA,21MAY2014,11:35:11,-9999,2,10,-9999,-9999,288.17377081,103.95183388,938.0748546,0,CH1,-9999,-9999,-9999,-9999
P1,N,NA,04JUN2014,11:36:40,-9999,1,10,-9999,-9999,356.50032679,638.11659441,431.27238324,0,CH1,-9999,-9999,-9999,-9999
P1,N,NA,04JUN2014,11:36:40,-9999,2,10,-9999,-9999,342.70092567,638.99426262,988.30093422,0,CH1,-9999,-9999,-9999,-9999
P1,N,NA,18JUN2014,11:23:47,-9999,1,10,19.8,-9999,258.57297741,285.39633358,917.62242103,0,CH1,28.5,57,-9999,-9999
P1,N,NA,18JUN2014,11:23:47,-9999,2,10,19.8,-9999,256.76979237,292.12096356,936.98727984,0,CH1,28.5,57,-9999,-9999
P1,N,NA,01JUL2014,10:36:06,-9999,1,10,17.4,-9999,254.40610059,86.605266654,748.5422398,0,CH1,39.5,79,-9999,-9999
P1,N,NA,01JUL2014,10:36:06,-9999,2,10,17.4,-9999,252.73513276,77.884259982,729.87294576,0,CH1,39.5,79,-9999,-9999
P1,N,NA,16JUL2014,12:00:14,-9999,1,10,22.6,-9999,255.82691827,232.60897462,364.07727127,0,CH1,41,82,-9999,-9999
P1,N,NA,16JUL2014,12:00:14,-9999,2,10,22.6,-9999,242.63488878,234.51817341,351.2208904,0,CH1,41,82,-9999,-9999
P1,N,NA,30JUL2014,12:07:30,-9999,1,10,23,-9999,256.32788335,157.52959575,273.20134962,0,CH1,35.5,71,-9999,-9999
P1,N,NA,30JUL2014,12:07:30,-9999,2,10,23,-9999,255.0146689,157.20930204,271.0485312,0,CH1,35.5,71,-9999,-9999
P1,N,NA,13AUG2014,12:44:03,-9999,1,10,24.4,-9999,321.21789845,333.36907053,247.2947675,0,CH1,34.5,69,-9999,-9999
P1,N,NA,13AUG2014,12:44:03,-9999,2,10,24.4,-9999,307.80975451,331.05073355,86.35779637,0,CH1,34.5,69,-9999,-9999
P1,N,NA,27AUG2014,10:11:55,-9999,1,10,17.7,-9999,283.97935435,229.97323215,-9999,0,CH1,39,78,-9999,-9999
P1,N,NA,27AUG2014,10:11:55,-9999,2,10,17.7,-9999,232.22662905,239.81090728,-9999,0,CH1,39,78,-9999,-9999
P1,N,NA,10SEP2014,12:18:54,-9999,1,10,13.4,-9999,233.46769438,280.30569839,86.333611539,0,CH1,38,76,-9999,-9999
P1,N,NA,10SEP2014,12:18:54,-9999,2,10,13.4,-9999,233.10130602,280.74286432,28.592219634,0,CH1,38,76,-9999,-9999
P1,N,NA,24SEP2014,12:16:40,-9999,1,10,16.6,-9999,329.04207429,90.887465143,99.4786654,0,CH1,32,64,-9999,-9999
P1,N,NA,24SEP2014,12:16:40,-9999,2,10,16.6,-9999,322.93853128,92.395342556,109.0785706,0,CH1,32,64,-9999,-9999
P1,N,NA,09OCT2014,10:27:43,-9999,1,10,8,-9999,284.15084651,47.660998064,110.43321815,0,CH1,35,70,-9999,-9999
P1,N,NA,09OCT2014,10:27:43,-9999,2,10,8,-9999,282.57833505,48.238575657,101.0785001,0,CH1,35,70,-9999,-9999
P1,N,NA,22OCT2014,12:19:17,-9999,1,10,11.8,-9999,305.1149944,56.620659565,129.75300809,0,CH1,31.5,63,-9999,-9999
P1,N,NA,22OCT2014,12:19:17,-9999,2,10,11.8,-9999,305.21372362,59.249145913,129.13806389,0,CH1,31.5,63,-9999,-9999
P1,N,NA,05NOV2014,14:32:27,-9999,1,10,3,-9999,295.0972727,32.827776468,124.70210042,0,CH1,31,62,-9999,-9999
P1,N,NA,05NOV2014,14:32:27,-9999,2,10,3,-9999,295.53525284,32.928342977,131.48323004,0,CH1,31,62,-9999,-9999
P1,N,NA,16DEC2014,11:57:25,-9999,1,10,0.3,2.452,175.90228107,118.13270225,296.58380562,0,CH1,30,172,-9999,-9999
P1,N,NA,16DEC2014,11:57:17,-9999,2,10,0.7,2.459,181.13719698,120.02878525,277.67092842,0,CH1,100,172,-9999,-9999
P1,N,NA,16DEC2014,13:04:24,-9999,3,10,0.5,2.47,131.17552646,238.31135498,374.15219479,0,CH1,30,175,-9999,-9999
P1,N,NA,16DEC2014,13:03:56,-9999,4,10,1.9,2.594,120.50759892,276.64754793,350.36501547,0,CH1,100,175,-9999,-9999
P1,N,NA,16DEC2014,14:50:10,-9999,5,10,0.2,2.404,171.93201425,235.76480867,308.74335266,0,CH1,30,165,-9999,-9999
P1,N,NA,16DEC2014,14:50:31,-9999,6,10,1.1,2.497,110.00646692,430.29468419,409.13510912,0,CH1,100,165,-9999,-9999
P1,N,NA,11FEB2015,12:32:26,-9999,1,10,-0.08,-9999,71.99330599,1066.3586425,820.73622915,0,CH1,30,179,-9999,-9999
P1,N,NA,11FEB2015,13:06:35,-9999,2,10,-9999,-9999,75.385098386,1083.7280702,823.73060979,0,CH1,100,179,-9999,-9999
P1,N,NA,11FEB2015,15:12:15,-9999,3,10,-0.12,-9999,75.134020709,2311.4673249,1176.8847748,0,CH1,30,176,-9999,-9999
P1,N,NA,11FEB2015,14:37:29,-9999,4,10,-9999,-9999,74.314541796,2267.6223375,1158.634652,0,CH1,100,176,-9999,-9999
P1,N,NA,11FEB2015,15:46:20,-9999,5,10,0.01,2.92,86.556187813,1556.433568,1000.8894145,0,CH1,30,169,-9999,-9999
P1,N,NA,12FEB2015,15:45:34,-9999,6,10,0,2.896,71.219956729,1946.8984023,987.02080992,0,CH1,100,169,-9999,-9999
P1,N,NA,22APR2015,10:08:45,-9999,1,10,6.4,-9999,256.52779028,39.076122275,718.70126588,0,CH1,25.5,51,-9999,-9999
P1,N,NA,22APR2015,10:08:45,-9999,2,10,6.4,-9999,256.05895958,38.112757932,716.67982896,0,CH1,25.5,51,-9999,-9999
P1,N,NA,06MAY2015,10:59:59,-9999,1,10,15.4,-9999,270.60219619,191.96395231,1031.1104721,0,CH1,33.5,67,-9999,-9999
P1,N,NA,06MAY2015,10:59:59,-9999,2,10,15.4,-9999,271.74558901,190.97537238,1026.9018889,0,CH1,33.5,67,-9999,-9999
P1,N,NA,21MAY2015,12:38:29,-9999,1,10,13.6,-9999,319.94221033,111.86865236,703.19627354,0,CH1,33.5,67,-9999,-9999
P1,N,NA,21MAY2015,12:38:29,-9999,2,10,13.6,-9999,313.6615473,113.80547253,734.71089968,0,CH1,33.5,67,-9999,-9999
P1,N,NA,03JUN2015,11:30:19,-9999,1,10,17,-9999,289.21798192,439.83872526,898.19534945,0,CH1,49,98,-9999,-9999
P1,N,NA,03JUN2015,11:30:19,-9999,2,10,17,-9999,295.92950311,424.3269733,899.67014751,0,CH1,49,98,-9999,-9999
P1,N,NA,17JUN2015,10:45:37,-9999,1,10,20,-9999,355.32964085,756.8678745,1778.8655356,0,CH1,38,76,-9999,-9999
P1,N,NA,17JUN2015,10:45:37,-9999,2,10,20,-9999,331.49865646,752.72427988,1741.5172176,0,CH1,38,76,-9999,-9999
P1,N,NA,29JUN2015,10:12:30,-9999,1,10,25.4,-9999,258.52939822,409.41776869,390.86869326,0,CH1,39,78,-9999,-9999
P1,N,NA,29JUN2015,10:12:30,-9999,2,10,25.4,-9999,261.29176622,409.80971058,386.92639023,0,CH1,39,78,-9999,-9999
P1,N,NA,15JUL2015,11:23:10,-9999,1,10,28.7,-9999,242.80454741,2450.3726739,519.99794456,0,CH1,30,60,-9999,-9999
P1,N,NA,15JUL2015,11:23:10,-9999,2,10,28.7,-9999,239.81787675,2452.6622768,510.79609191,0,CH1,30,60,-9999,-9999
P1,N,NA,29JUL2015,10:45:18,-9999,1,10,19,-9999,283.95589916,266.43103489,570.96834211,0,CH1,35,70,-9999,-9999
P1,N,NA,29JUL2015,10:45:18,-9999,2,10,19,-9999,283.39471578,264.56737193,566.57414782,0,CH1,35,70,-9999,-9999
P1,N,NA,12AUG2015,12:57:39,-9999,1,10,28.3,-9999,313.03648616,1161.8287028,475.67652816,0,CH1,29,58,-9999,-9999
P1,N,NA,12AUG2015,12:57:39,-9999,2,10,28.3,-9999,305.46251746,1143.328646,472.88437618,0,CH1,29,58,-9999,-9999
P1,N,NA,26AUG2015,10:42:50,-9999,1,10,19,-9999,255.35032452,995.34417269,522.66600116,0,CH1,25,50,-9999,-9999
P1,N,NA,26AUG2015,10:42:50,-9999,2,10,19,-9999,255.61369329,986.13261439,523.95988511,0,CH1,25,50,-9999,-9999
P1,N,NA,08SEP2015,10:59:15,-9999,1,10,19.5,-9999,226.97344841,1378.7701551,1001.1212803,0,CH1,23.5,47,-9999,-9999
P1,N,NA,08SEP2015,10:59:15,-9999,2,10,19.5,-9999,228.93560573,1246.2429913,975.30072922,0,CH1,23.5,47,-9999,-9999
P1,N,NA,23SEP2015,13:25:35,-9999,1,10,14.6,-9999,231.82279915,390.25575887,384.53132677,0,CH1,24,48,-9999,-9999
P1,N,NA,04OCT2015,11:05:51,-9999,1,10,9.3,-9999,260.71475652,91.251320441,296.027262,0,CH1,23,46,-9999,-9999
P1,N,NA,04OCT2015,11:05:51,-9999,2,10,9.3,-9999,261.99777661,92.798959263,297.316672,0,CH1,23,46,-9999,-9999
P1,N,NA,19OCT2015,10:58:02,-9999,1,10,10.6,-9999,257.4657362,77.709829616,352.97981428,0,CH1,13,26,-9999,-9999
P1,N,NA,19OCT2015,10:58:02,-9999,2,10,10.6,-9999,255.48436942,77.980654486,347.22671999,0,CH1,13,26,-9999,-9999
P1,N,NA,05NOV2015,12:19:15,-9999,1,10,2.2,-9999,238.4649094,1.3865562306,332.03634392,0,CH1,18,36,-9999,-9999
P1,N,S,28APR2016,9:56:36,-9999,1,12,-9999,-9999,150.49409521,1.4591059349,716.75703487,0,CH1,-9999,-9999,-9999,-9999
P1,N,P,28APR2016,9:56:36,-9999,1,12,-9999,-9999,180.49871917,2.1715221853,847.96791336,0,CH1,-9999,-9999,-9999,-9999
P1,N,P,28APR2016,9:56:36,-9999,2,12,-9999,-9999,187.98872861,1.7408506349,786.37596103,0,CH1,-9999,-9999,-9999,-9999
P1,N,S,28APR2016,9:56:36,-9999,2,12,-9999,-9999,172.91213773,1.6128533543,833.15668054,0,CH1,-9999,-9999,-9999,-9999
P1,N,S,28APR2016,9:56:36,-9999,3,12,-9999,-9999,162.50506696,1.5875884648,925.04099206,0,CH1,-9999,-9999,-9999,-9999
P1,N,NA,28APR2016,9:56:36,-9999,1,10,6.5,-9999,295.18150425,53.017734775,564.97087221,0,CH1,14.5,29,37.7,5.4
P1,N,NA,28APR2016,9:56:36,-9999,2,10,6.5,-9999,301.67776806,48.865903196,567.22361099,0,CH1,14.5,29,37.7,5.4
P1,N,P,11MAY2016,10:47:16,-9999,1,12,-9999,-9999,129.76495046,2.426927661,985.71269713,20,CH1,-9999,-9999,-9999,-9999
P1,N,S,11MAY2016,10:47:16,-9999,1,12,-9999,-9999,119.84202718,2.3884586396,731.03912837,20,CH1,-9999,-9999,-9999,-9999
P1,N,S,11MAY2016,10:47:16,-9999,2,12,-9999,-9999,123.33625753,2.4613198023,749.57994494,20,CH1,-9999,-9999,-9999,-9999
P1,N,S,11MAY2016,10:47:16,-9999,3,12,-9999,-9999,133.12948256,2.8007461943,829.73762295,20,CH1,-9999,-9999,-9999,-9999
P1,N,NA,11MAY2016,10:47:16,-9999,1,10,12.3,-9999,301.47260257,119.24819538,823.15924751,0,CH1,14,28,68.1,22.68
P1,N,NA,11MAY2016,10:47:16,-9999,2,10,12.3,-9999,300.3305154,119.51896293,829.13189309,0,CH1,14,28,68.1,22.68
P1,N,S,01JUN2016,10:01:30,-9999,1,12,-9999,-9999,144.34220939,9.3031385706,874.23964539,20,CH1,-9999,-9999,-9999,-9999
P1,N,P,01JUN2016,10:01:30,-9999,1,12,-9999,-9999,140.44013484,3.0424171478,741.73098051,20,CH1,-9999,-9999,-9999,-9999
P1,N,P,01JUN2016,10:01:30,-9999,2,12,-9999,-9999,133.96794235,2.9992408481,1152.3266753,20,CH1,-9999,-9999,-9999,-9999
P1,N,P,01JUN2016,10:01:30,-9999,3,12,-9999,-9999,130.4766053,2.9228398592,1306.0542303,20,CH1,-9999,-9999,-9999,-9999
P1,N,NA,01JUN2016,10:01:30,-9999,1,10,16.2,-9999,269.90309197,179.01390768,800.15517065,0,CH1,12.5,25,81,12.96
P1,N,NA,01JUN2016,10:01:30,-9999,2,10,16.2,-9999,271.77609095,179.19464788,776.78068906,0,CH1,12.5,25,81,12.96
P1,N,S,14JUN2016,11:19:08,-9999,1,12,-9999,-9999,154.75618768,5.157619229,1589.6543018,20,CH1,-9999,-9999,-9999,-9999
P1,N,P,14JUN2016,11:19:08,-9999,1,12,-9999,-9999,121.67175931,7.3574891993,947.88826791,20,CH1,-9999,-9999,-9999,-9999
P1,N,P,14JUN2016,11:19:08,-9999,2,12,-9999,-9999,117.58669693,5.0863619498,771.25224706,20,CH1,-9999,-9999,-9999,-9999
P1,N,P,14JUN2016,11:19:08,-9999,3,12,-9999,-9999,119.87761005,5.4027845039,734.81398909,20,CH1,-9999,-9999,-9999,-9999
P1,N,NA,14JUN2016,11:19:08,-9999,1,10,21.8,-9999,227.35682541,389.09631178,1003.1730532,0,CH1,32,64,86.5,5.4
P1,N,NA,14JUN2016,11:19:08,-9999,2,10,21.8,-9999,219.25128891,388.72499041,984.59000253,0,CH1,32,64,86.5,5.4
P1,N,S,29JUN2016,10:22:48,-9999,1,12,-9999,-9999,107.54884903,4.7482489086,1313.8910424,20,CH1,-9999,-9999,-9999,-9999
P1,N,P,29JUN2016,10:22:48,-9999,1,12,-9999,-9999,109.02437303,6.9173529472,1395.5598038,20,CH1,-9999,-9999,-9999,-9999
P1,N,S,29JUN2016,10:22:48,-9999,2,12,-9999,-9999,108.6323381,4.9797393129,1057.246379,20,CH1,-9999,-9999,-9999,-9999
P1,N,P,29JUN2016,10:22:48,-9999,2,12,-9999,-9999,110.79771475,6.0832400692,1318.9952009,20,CH1,-9999,-9999,-9999,-9999
P1,N,S,29JUN2016,10:22:48,-9999,3,12,-9999,-9999,108.13422268,5.4269821427,1107.9399602,20,CH1,-9999,-9999,-9999,-9999
P1,N,P,29JUN2016,10:22:48,-9999,3,12,-9999,-9999,110.10625769,5.6387869146,1039.7366325,20,CH1,-9999,-9999,-9999,-9999
P1,N,NA,29JUN2016,10:22:48,-9999,1,10,23.9,-9999,256.15997936,462.74774589,1628.9862602,0,CH1,28.5,57,64.6,7.56
P1,N,NA,29JUN2016,10:22:48,-9999,2,10,23.9,-9999,253.58930279,459.34325788,1622.717153,0,CH1,28.5,57,64.6,7.56
P1,N,P,20JUL2016,10:20:22,-9999,1,12,-9999,-9999,127.35838129,4.126239945,1084.1824942,20,CH1,-9999,-9999,-9999,-9999
P1,N,S,20JUL2016,10:20:22,-9999,1,12,-9999,-9999,129.82483805,4.2616107021,1072.7198489,20,CH1,-9999,-9999,-9999,-9999
P1,N,S,20JUL2016,10:20:22,-9999,2,12,-9999,-9999,137.14066709,4.2268243085,1108.0676695,20,CH1,-9999,-9999,-9999,-9999
P1,N,P,20JUL2016,10:20:22,-9999,2,12,-9999,-9999,103.89743815,4.1832687238,957.40942734,20,CH1,-9999,-9999,-9999,-9999
P1,N,S,20JUL2016,10:20:22,-9999,3,12,-9999,-9999,121.41502106,3.9171731386,969.70904211,20,CH1,-9999,-9999,-9999,-9999
P1,N,NA,20JUL2016,10:20:22,-9999,1,10,24.8,-9999,313.33854829,267.2357175,1341.1611207,0,CH1,29.5,59,100,12.24
P1,N,NA,20JUL2016,10:20:22,-9999,2,10,24.8,-9999,302.83971427,271.0393396,1336.2555242,0,CH1,29.5,59,100,12.24
P1,N,P,03AUG2016,10:24:34,-9999,1,12,-9999,-9999,101.70407516,3.8097787651,476.60155039,20,CH1,-9999,-9999,-9999,-9999
P1,N,S,03AUG2016,10:24:34,-9999,1,12,-9999,-9999,102.8690757,3.7331226661,564.58342086,20,CH1,-9999,-9999,-9999,-9999
P1,N,P,03AUG2016,10:24:34,-9999,2,12,-9999,-9999,106.90860411,3.9655355768,1026.8825259,20,CH1,-9999,-9999,-9999,-9999
P1,N,S,03AUG2016,10:24:34,-9999,2,12,-9999,-9999,106.64312797,4.1120377797,575.55583137,20,CH1,-9999,-9999,-9999,-9999
P1,N,S,03AUG2016,10:24:34,-9999,3,12,-9999,-9999,104.21696776,3.978457106,866.60815362,20,CH1,-9999,-9999,-9999,-9999
P1,N,P,03AUG2016,10:24:34,-9999,3,12,-9999,-9999,109.06065578,3.8692643636,500.17432302,20,CH1,-9999,-9999,-9999,-9999
P1,N,NA,03AUG2016,10:24:34,-9999,1,10,25,-9999,258.92992906,294.05616234,471.84545833,0,CH1,29.5,59,86.9,23.4
P1,N,NA,03AUG2016,10:24:34,-9999,2,10,25,-9999,258.38661862,294.87964791,472.79365882,0,CH1,29.5,59,86.9,23.4
P1,N,S,10AUG2016,10:40:19,-9999,1,12,-9999,-9999,137.27543978,3.8510412388,633.55059549,20,CH1,-9999,-9999,-9999,-9999
P1,N,P,10AUG2016,10:40:19,-9999,1,12,-9999,-9999,120.98989908,3.3391882531,557.98674775,20,CH1,-9999,-9999,-9999,-9999
P1,N,S,10AUG2016,10:40:19,-9999,2,12,-9999,-9999,120.59358307,3.5534149951,551.92270157,20,CH1,-9999,-9999,-9999,-9999
P1,N,P,10AUG2016,10:40:19,-9999,2,12,-9999,-9999,125.78880151,3.4416046741,585.59920087,20,CH1,-9999,-9999,-9999,-9999
P1,N,P,10AUG2016,10:40:19,-9999,3,12,-9999,-9999,117.47158722,4.5326717816,600.58951092,20,CH1,-9999,-9999,-9999,-9999
P1,N,S,10AUG2016,10:40:19,-9999,3,12,-9999,-9999,120.30207018,4.0661844589,613.55484427,20,CH1,-9999,-9999,-9999,-9999
P1,N,NA,10AUG2016,10:40:19,-9999,1,10,21.3,-9999,271.5154823,232.5838433,580.29962422,0,CH1,31.5,63,85.3,2.52
P1,N,NA,10AUG2016,10:40:19,-9999,2,10,21.3,-9999,274.84239026,228.99899362,573.49807466,0,CH1,31.5,63,85.3,2.52
P1,N,S,24AUG2016,10:22:28,-9999,1,12,-9999,-9999,122.10019436,3.7503748147,514.80848861,20,CH1,-9999,-9999,-9999,-9999
P1,N,P,24AUG2016,10:22:28,-9999,1,12,-9999,-9999,93.007172978,3.4390167208,450.73531354,20,CH1,-9999,-9999,-9999,-9999
P1,N,S,24AUG2016,10:22:28,-9999,2,12,-9999,-9999,104.58003,3.7028010434,552.69444458,20,CH1,-9999,-9999,-9999,-9999
P1,N,P,24AUG2016,10:22:28,-9999,2,12,-9999,-9999,103.22150146,3.2968807665,486.31730605,20,CH1,-9999,-9999,-9999,-9999
P1,N,P,24AUG2016,10:22:28,-9999,3,12,-9999,-9999,103.67419888,3.9342309443,496.9299514,20,CH1,-9999,-9999,-9999,-9999
P1,N,S,24AUG2016,10:22:28,-9999,3,12,-9999,-9999,108.28426814,3.5494368276,522.86203029,20,CH1,-9999,-9999,-9999,-9999
P1,N,NA,24AUG2016,10:22:28,-9999,1,10,20,-9999,250.17905321,190.71189998,420.65834766,0,CH1,31,62,66.2,19.08
P1,N,NA,24AUG2016,10:22:28,-9999,2,10,20,-9999,251.00158242,190.03759765,414.886001,0,CH1,31,62,66.2,19.08
P1,N,S,08SEP2016,12:57:38,-9999,1,12,-9999,-9999,105.30363599,3.4283361433,307.50459484,20,CH1,-9999,-9999,-9999,-9999
P1,N,P,08SEP2016,12:57:38,-9999,1,12,-9999,-9999,116.97906135,2.8760936784,379.58923785,20,CH1,-9999,-9999,-9999,-9999
P1,N,S,08SEP2016,12:57:38,-9999,2,12,-9999,-9999,113.66932462,3.1615375051,295.4858957,20,CH1,-9999,-9999,-9999,-9999
P1,N,P,08SEP2016,12:57:38,-9999,2,12,-9999,-9999,123.11221072,3.3725083531,374.71106576,20,CH1,-9999,-9999,-9999,-9999
P1,N,S,08SEP2016,12:57:38,-9999,3,12,-9999,-9999,114.42649394,3.2480274697,598.73890115,20,CH1,-9999,-9999,-9999,-9999
P1,N,P,08SEP2016,12:57:38,-9999,3,12,-9999,-9999,115.19540155,2.6620512241,452.14077012,20,CH1,-9999,-9999,-9999,-9999
P1,N,P,08SEP2016,12:57:38,-9999,1,12,-9999,-9999,118.57344087,3.129258696,346.98228962,20,CH1,-9999,-9999,-9999,-9999
P1,N,S,08SEP2016,12:57:38,-9999,1,12,-9999,-9999,131.08035612,3.2553562143,340.62545922,20,CH1,-9999,-9999,-9999,-9999
P1,N,S,08SEP2016,12:57:38,-9999,2,12,-9999,-9999,122.25860796,3.1421917748,363.78639228,20,CH1,-9999,-9999,-9999,-9999
P1,N,P,08SEP2016,12:57:38,-9999,2,12,-9999,-9999,116.18935733,3.1089429847,385.15905184,20,CH1,-9999,-9999,-9999,-9999
P1,N,P,08SEP2016,12:57:38,-9999,3,12,-9999,-9999,118.47645372,3.1931157726,404.76310537,20,CH1,-9999,-9999,-9999,-9999
P1,N,S,08SEP2016,12:57:38,-9999,3,12,-9999,-9999,112.59550959,3.1498438464,329.39750068,20,CH1,-9999,-9999,-9999,-9999
P1,N,NA,08SEP2016,12:57:38,-9999,1,10,19.6,-9999,287.46099577,97.989762687,289.2427905,0,CH1,29,58,50.4,13.68
P1,N,NA,08SEP2016,12:57:38,-9999,2,10,19.6,-9999,286.78950913,96.218060221,267.12098724,0,CH1,29,58,50.4,13.68
P1,N,P,21SEP2016,13:04:53,-9999,1,12,-9999,-9999,110.90917074,3.8110970268,385.43570349,20,CH1,-9999,-9999,-9999,-9999
P1,N,S,21SEP2016,13:04:53,-9999,1,12,-9999,-9999,117.29440021,2.9952414891,405.27473553,20,CH1,-9999,-9999,-9999,-9999
P1,N,P,21SEP2016,13:04:53,-9999,2,12,-9999,-9999,106.1367824,2.7836873714,863.18536958,20,CH1,-9999,-9999,-9999,-9999
P1,N,S,21SEP2016,13:04:53,-9999,2,12,-9999,-9999,115.20586361,3.1478024769,359.63669856,20,CH1,-9999,-9999,-9999,-9999
P1,N,S,21SEP2016,13:04:53,-9999,3,12,-9999,-9999,115.93086598,2.8231241706,370.43230566,20,CH1,-9999,-9999,-9999,-9999
P1,N,P,21SEP2016,13:04:53,-9999,3,12,-9999,-9999,108.79394794,3.0541265729,369.70898287,20,CH1,-9999,-9999,-9999,-9999
P1,N,NA,21SEP2016,13:04:53,-9999,1,10,17.6,-9999,246.05646806,87.066203763,292.88499931,0,CH1,26,52,43.6,2.16
P1,N,NA,21SEP2016,13:04:53,-9999,2,10,17.6,-9999,249.7710442,86.852596771,289.54777076,0,CH1,26,52,43.6,2.16
P1,N,NA,19OCT2016,10:32:44,-9999,1,10,8.1,-9999,286.67301806,17.538975877,315.38148331,0,CH1,29,58,-9999,-9999
P1,N,NA,19OCT2016,10:32:44,-9999,2,10,8.1,-9999,285.50883733,18.073464711,316.97515276,0,CH1,29,58,-9999,-9999
P1,N,NA,02NOV2016,10:35:12,-9999,1,10,7.4,-9999,296.22942609,16.139532382,393.28093381,0,CH1,26.5,53,-9999,-9999
P1,N,NA,02NOV2016,10:35:12,-9999,2,10,7.4,-9999,301.5551829,16.690215959,391.31256612,0,CH1,26.5,53,-9999,-9999
P1,N,NA,16NOV2016,10:26:01,-9999,1,10,6,-9999,295.70558521,11.579813466,413.32892075,0,CH1,24.5,49,-9999,-9999
P1,N,NA,16NOV2016,10:26:01,-9999,2,10,6,-9999,295.11317201,11.7616333,414.13682273,0,CH1,24.5,49,-9999,-9999
P11,N,NA,23MAY2013,15:23:27,-9999,1,10,13.6,-9999,278.14262407,13.401860136,684.93919162,0,CH1,43,86,-9999,-9999
P11,N,NA,23MAY2013,15:24:36,-9999,2,10,13.6,-9999,276.8414187,13.337283476,681.30696882,0,CH1,43,86,-9999,-9999
P11,N,NA,06JUN2013,14:59:56,-9999,1,10,14.4,-9999,296.35888472,29.87677476,967.37404675,0,CH1,61,122,-9999,-9999
P11,N,NA,06JUN2013,15:00:30,-9999,2,10,14.4,-9999,293.97864642,29.934247565,913.14742988,0,CH1,61,122,-9999,-9999
P11,N,NA,18JUN2013,14:39:58,-9999,1,10,24,-9999,302.76013727,50.792120165,343.09010239,0,CH1,42,84,-9999,-9999
P11,N,NA,18JUN2013,14:40:46,-9999,2,10,24,-9999,300.55619213,50.907428548,345.49751226,0,CH1,42,84,-9999,-9999
P11,N,NA,01JUL2013,14:33:40,-9999,1,10,25.4,-9999,272.5740058,113.63769225,418.90524293,0,CH1,36,72,-9999,-9999
P11,N,NA,01JUL2013,14:34:37,-9999,2,10,25.4,-9999,269.23225535,113.63408287,415.38288473,0,CH1,36,72,-9999,-9999
P11,N,NA,15JUL2013,14:42:10,-9999,1,10,24.4,-9999,276.79931828,355.80093226,565.67705137,0,CH1,32,64,-9999,-9999
P11,N,NA,15JUL2013,14:57:36,-9999,2,10,24.4,-9999,275.44857687,349.33213351,580.20154511,0,CH1,32,64,-9999,-9999
P11,N,NA,31JUL2013,11:43:19,-9999,1,10,20.6,-9999,269.78506512,177.67337709,315.99132855,0,CH1,36,72,-9999,-9999
P11,N,NA,31JUL2013,11:44:08,-9999,2,10,20.6,-9999,270.25445248,177.01823805,310.55220342,0,CH1,36,72,-9999,-9999
P11,N,NA,12AUG2013,11:54:09,-9999,1,10,23,-9999,258.0950964,220.78688253,286.09723116,0,CH1,45.5,91,-9999,-9999
P11,N,NA,12AUG2013,11:55:05,-9999,2,10,23,-9999,254.59450875,221.05179437,256.66298411,0,CH1,45.5,91,-9999,-9999
P11,N,NA,26AUG2013,11:33:52,-9999,1,10,24.7,-9999,259.03802986,633.17496009,363.60101905,0,CH1,58,116,-9999,-9999
P11,N,NA,26AUG2013,11:54:06,-9999,2,10,24.7,-9999,260.3768041,630.99073331,362.91856281,0,CH1,58,116,-9999,-9999
P11,N,NA,09SEP2013,11:56:07,-9999,1,10,21.2,-9999,711.53207732,678.92985528,530.29916013,0,CH1,25,50,-9999,-9999
P11,N,NA,09SEP2013,12:28:26,-9999,2,10,21.2,-9999,370.53619145,775.25992682,485.32916806,0,CH1,25,50,-9999,-9999
P11,N,NA,24SEP2013,11:52:52,-9999,1,10,16.8,-9999,269.69039313,485.54142375,348.19008643,0,CH1,51.5,103,-9999,-9999
P11,N,NA,24SEP2013,11:53:59,-9999,2,10,16.8,-9999,269.84036786,521.22257753,322.71761002,0,CH1,51.5,103,-9999,-9999
P11,N,NA,21OCT2013,12:07:33,-9999,1,10,5.1,-9999,252.94474651,29.272218684,297.8217187,0,CH1,56,112,-9999,-9999
P11,N,NA,21OCT2013,12:08:19,-9999,2,10,5.1,-9999,252.56834726,29.406403025,294.20253446,0,CH1,56,112,-9999,-9999
P11,N,NA,24APR2014,15:27:40,-9999,1,10,9.4,-9999,310.75555753,71.970999285,510.84660474,0,CH1,28.5,57,-9999,-9999
P11,N,NA,24APR2014,15:27:40,-9999,2,10,9.4,-9999,308.37126066,58.120524577,671.28158744,0,CH1,28.5,57,-9999,-9999
P11,N,NA,05MAY2014,11:04:26,-9999,1,10,8.4,-9999,268.57941683,11.243316466,593.76181127,0,CH1,55.5,111,-9999,-9999
P11,N,NA,05MAY2014,11:04:26,-9999,2,10,8.4,-9999,266.95631887,11.238333903,594.03261959,0,CH1,55.5,111,-9999,-9999
P11,N,NA,19MAY2014,10:43:37,-9999,1,10,12,-9999,295.49868508,25.970243008,904.4221241,0,CH1,41.25,82.5,-9999,-9999
P11,N,NA,19MAY2014,10:43:37,-9999,2,10,12,-9999,296.65863026,26.242152872,918.2488534,0,CH1,41.25,82.5,-9999,-9999
P11,N,NA,02JUN2014,10:41:17,-9999,1,10,21,-9999,310.00923845,197.95049113,1348.3240726,0,CH1,49.5,99,-9999,-9999
P11,N,NA,02JUN2014,10:41:17,-9999,2,10,21,-9999,304.17160626,197.42091419,948.49925865,0,CH1,49.5,99,-9999,-9999
P11,N,NA,16JUN2014,10:05:45,-9999,1,10,17.9,-9999,292.48838768,81.781489323,132.90129299,0,CH1,51.5,103,-9999,-9999
P11,N,NA,16JUN2014,10:05:45,-9999,2,10,17.9,-9999,303.7034011,83.688410298,36.737438694,0,CH1,51.5,103,-9999,-9999
P11,N,NA,02JUL2014,13:38:39,-9999,1,10,20,-9999,439.95021708,79.362746909,700.7849344,0,CH1,58.5,117,-9999,-9999
P11,N,NA,02JUL2014,13:38:39,-9999,2,10,20,-9999,376.1473283,79.947655921,633.92039221,0,CH1,58.5,117,-9999,-9999
P11,N,NA,14JUL2014,13:05:45,-9999,1,10,20.7,-9999,272.39419663,154.59191955,503.17015017,0,CH1,50.5,101,-9999,-9999
P11,N,NA,14JUL2014,13:05:45,-9999,2,10,20.7,-9999,272.50986958,147.50583145,471.50509515,0,CH1,50.5,101,-9999,-9999
P11,N,NA,28JUL2014,13:37:59,-9999,1,10,23.1,-9999,270.25372207,224.91321065,75.361751687,0,CH1,37,74,-9999,-9999
P11,N,NA,28JUL2014,13:37:59,-9999,2,10,23.1,-9999,275.04136851,252.07855086,276.63023913,0,CH1,37,74,-9999,-9999
P11,N,NA,11AUG2014,15:46:41,-9999,1,10,26.2,-9999,329.68907586,1827.6473662,94.7744701,0,CH1,51,102,-9999,-9999
P11,N,NA,26AUG2014,11:13:56,-9999,1,10,18.9,-9999,338.51360725,323.53951613,204.31768985,0,CH1,55.5,111,-9999,-9999
P11,N,NA,26AUG2014,11:13:56,-9999,2,10,18.9,-9999,337.90929125,319.33144359,334.95099028,0,CH1,55.5,111,-9999,-9999
P11,N,NA,08SEP2014,14:46:59,-9999,1,10,24.4,-9999,303.95398718,609.75835551,69.020480177,0,CH1,36.5,73,-9999,-9999
P11,N,NA,08SEP2014,14:46:59,-9999,2,10,24.4,-9999,303.68282928,610.37707233,61.165576766,0,CH1,36.5,73,-9999,-9999
P11,N,NA,22SEP2014,10:40:42,-9999,1,10,16.8,-9999,254.36575584,343.86143121,139.49505901,0,CH1,46.5,93,-9999,-9999
P11,N,NA,22SEP2014,10:40:42,-9999,2,10,16.8,-9999,260.68364445,346.28039711,141.72537189,0,CH1,46.5,93,-9999,-9999
P11,N,NA,08OCT2014,9:41:30,-9999,1,10,8.5,-9999,286.90738609,51.212301278,320.76503225,0,CH1,36.5,73,-9999,-9999
P11,N,NA,08OCT2014,9:41:30,-9999,2,10,8.5,-9999,286.09527527,51.315400654,309.2561671,0,CH1,36.5,73,-9999,-9999
P11,N,NA,20OCT2014,10:08:40,-9999,1,10,9.4,-9999,281.19289029,35.414160644,405.85127554,0,CH1,48,96,-9999,-9999
P11,N,NA,20OCT2014,10:08:40,-9999,2,10,9.4,-9999,281.93855836,34.972867529,388.49212064,0,CH1,48,96,-9999,-9999
P11,N,NA,03NOV2014,9:44:11,-9999,1,10,4.8,-9999,293.68887482,17.117749539,395.33568316,0,CH1,29.5,59,-9999,-9999
P11,N,NA,03NOV2014,9:44:11,-9999,2,10,4.8,-9999,335.97107776,21.056624399,413.96762005,0,CH1,29.5,59,-9999,-9999
P11,N,NA,23APR2015,10:59:36,-9999,1,10,7.7,-9999,250.42041259,13.236374289,591.48223884,0,CH1,44.5,89,-9999,-9999
P11,N,NA,23APR2015,10:59:36,-9999,2,10,7.7,-9999,250.77701476,13.115979462,593.55211914,0,CH1,44.5,89,-9999,-9999
P11,N,NA,04MAY2015,10:51:48,-9999,1,10,15,-9999,259.98265104,20.227090771,588.05237403,0,CH1,44.5,89,-9999,-9999
P11,N,NA,04MAY2015,10:51:48,-9999,2,10,15,-9999,261.03703323,20.201731647,588.71133614,0,CH1,44.5,89,-9999,-9999
P11,N,NA,19MAY2015,11:13:17,-9999,1,10,10.5,-9999,270.79335376,9.926129761,515.85473225,0,CH1,52.5,105,-9999,-9999
P11,N,NA,19MAY2015,11:13:17,-9999,2,10,10.5,-9999,212.00975163,2.5799652118,401.00998947,0,CH1,52.5,105,-9999,-9999
P11,N,NA,01JUN2015,10:59:53,-9999,1,10,15.1,-9999,242.82804597,72.505018585,646.20809636,0,CH1,61,122,-9999,-9999
P11,N,NA,01JUN2015,10:59:53,-9999,2,10,15.1,-9999,243.6677887,75.19812994,643.42449078,0,CH1,61,122,-9999,-9999
P11,N,NA,15JUN2015,10:33:57,-9999,1,10,20.8,-9999,239.40644624,131.99026132,734.50544521,0,CH1,32,64,-9999,-9999
P11,N,NA,15JUN2015,10:33:57,-9999,2,10,20.8,-9999,241.67786632,131.83047722,738.03199611,0,CH1,32,64,-9999,-9999
P11,N,NA,02JUL2015,10:39:09,-9999,1,10,25.7,-9999,274.0793132,385.6979882,590.97956311,0,CH1,49,98,-9999,-9999
P11,N,NA,02JUL2015,10:39:09,-9999,2,10,25.7,-9999,265.27367546,383.3055049,576.3388142,0,CH1,49,98,-9999,-9999
P11,N,NA,16JUL2015,10:55:05,-9999,1,10,24.2,-9999,242.87582319,570.14052523,663.33630184,0,CH1,39.5,79,-9999,-9999
P11,N,NA,16JUL2015,10:55:05,-9999,2,10,24.2,-9999,247.13366221,584.07891218,670.68021957,0,CH1,39.5,79,-9999,-9999
P11,N,NA,27JUL2015,10:31:22,-9999,1,10,23.7,-9999,236.64082606,434.2202148,593.2493235,0,CH1,44,88,-9999,-9999
P11,N,NA,27JUL2015,10:31:22,-9999,2,10,23.7,-9999,237.46137399,432.3019198,582.10960353,0,CH1,44,88,-9999,-9999
P11,N,NA,10AUG2015,10:26:30,-9999,1,10,25,-9999,232.47960153,311.21477516,478.43545704,0,CH1,38.5,77,-9999,-9999
P11,N,NA,10AUG2015,10:26:30,-9999,2,10,25,-9999,230.67963107,321.64221174,485.4699572,0,CH1,38.5,77,-9999,-9999
P11,N,NA,24AUG2015,10:09:56,-9999,1,10,17.9,-9999,255.22595346,45.432652887,531.89652391,0,CH1,39.5,79,-9999,-9999
P11,N,NA,24AUG2015,10:09:56,-9999,2,10,17.9,-9999,258.61643714,45.67848491,528.03464576,0,CH1,39.5,79,-9999,-9999
P11,N,NA,09SEP2015,10:30:15,-9999,1,10,19.4,-9999,220.76774764,416.24162762,586.68725767,0,CH1,38,76,-9999,-9999
P11,N,NA,09SEP2015,10:30:15,-9999,2,10,19.4,-9999,220.93596209,421.69647802,597.75357928,0,CH1,38,76,-9999,-9999
P11,N,NA,21SEP2015,10:34:24,-9999,1,10,18,-9999,248.82327393,175.52303019,511.74541832,0,CH1,35.5,71,-9999,-9999
P11,N,NA,21SEP2015,10:34:24,-9999,2,10,18,-9999,252.28644954,174.15562094,504.2866446,0,CH1,35.5,71,-9999,-9999
P11,N,NA,05OCT2015,10:16:18,-9999,1,10,11.1,-9999,248.97747906,84.806895432,432.37927004,0,CH1,31,62,-9999,-9999
P11,N,NA,05OCT2015,10:16:18,-9999,2,10,11.1,-9999,252.49211257,84.004696501,431.56577838,0,CH1,31,62,-9999,-9999
P11,N,NA,20OCT2015,10:40:26,-9999,1,10,10.3,-9999,255.37573347,34.32066367,411.46887129,0,CH1,28.5,57,-9999,-9999
P11,N,NA,20OCT2015,10:40:26,-9999,2,10,10.3,-9999,257.2989666,34.329316712,409.10683858,0,CH1,28.5,57,-9999,-9999
P11,N,NA,04NOV2015,10:36:00,-9999,1,10,7,-9999,259.45397179,20.989297805,366.48310082,0,CH1,33,66,-9999,-9999
P11,N,NA,04NOV2015,10:36:00,-9999,2,10,7,-9999,259.87149248,21.159386827,375.31533368,0,CH1,33,66,-9999,-9999
P11,N,P,29APR2016,9:57:06,-9999,1,12,-9999,-9999,151.68170652,1.0011838038,716.34772212,0,CH1,-9999,-9999,-9999,-9999
P11,N,S,29APR2016,9:57:06,-9999,1,12,-9999,-9999,150.69493392,0.9753698164,710.36866869,0,CH1,-9999,-9999,-9999,-9999
P11,N,S,29APR2016,9:57:06,-9999,2,12,-9999,-9999,168.2544227,1.064208753,769.90940027,0,CH1,-9999,-9999,-9999,-9999
P11,N,S,29APR2016,9:57:06,-9999,3,12,-9999,-9999,160.55031793,0.9326040267,661.79916911,0,CH1,-9999,-9999,-9999,-9999
P11,N,NA,29APR2016,9:57:06,-9999,1,10,7.7,-9999,299.91345378,14.969041083,485.63252883,0,CH1,28.5,57,-9999,-9999
P11,N,P,10MAY2016,10:11:06,-9999,1,12,-9999,-9999,95.885623618,1.3259609961,566.95437527,20,CH1,-9999,-9999,-9999,-9999
P11,N,S,10MAY2016,10:11:06,-9999,1,12,-9999,-9999,113.99497259,1.6570245574,540.21524621,20,CH1,-9999,-9999,-9999,-9999
P11,N,S,10MAY2016,10:11:06,-9999,2,12,-9999,-9999,112.34246807,1.1407242956,637.1588446,20,CH1,-9999,-9999,-9999,-9999
P11,N,S,10MAY2016,10:11:06,-9999,3,12,-9999,-9999,120.70774555,1.6802314127,551.00504998,20,CH1,-9999,-9999,-9999,-9999
P11,N,NA,10MAY2016,10:11:06,-9999,1,10,14,-9999,278.10635759,39.519726988,585.00957234,0,CH1,26.5,53,-9999,-9999
P11,N,NA,10MAY2016,10:11:06,-9999,2,10,14,-9999,278.81347545,39.335859701,583.42791898,0,CH1,26.5,53,-9999,-9999
P11,N,S,03JUN2016,9:56:27,-9999,1,12,-9999,-9999,130.23053528,3.1261897001,563.79608635,20,CH1,-9999,-9999,-9999,-9999
P11,N,P,03JUN2016,9:56:27,-9999,1,12,-9999,-9999,119.17811047,3.1760004069,539.07833411,20,CH1,-9999,-9999,-9999,-9999
P11,N,P,03JUN2016,9:56:27,-9999,2,12,-9999,-9999,97.265789368,1.7134295806,441.798404,20,CH1,-9999,-9999,-9999,-9999
P11,N,P,03JUN2016,9:56:27,-9999,3,12,-9999,-9999,116.39158232,2.2404437074,556.86158152,20,CH1,-9999,-9999,-9999,-9999
P11,N,NA,03JUN2016,9:56:27,-9999,1,10,17.6,-9999,1120.8394933,98.291023816,709.84160332,0,CH1,32,64,77.8,5.4
P11,N,NA,03JUN2016,9:56:27,-9999,2,10,17.6,-9999,495.05181881,98.021666891,588.54745348,0,CH1,32,64,77.8,5.4
P11,N,P,13JUN2016,14:43:46,-9999,1,12,-9999,-9999,123.4436657,3.8489417091,637.13588631,20,CH1,-9999,-9999,-9999,-9999
P11,N,S,13JUN2016,14:43:46,-9999,1,12,-9999,-9999,128.29890933,4.2935320737,581.73724481,20,CH1,-9999,-9999,-9999,-9999
P11,N,P,13JUN2016,14:43:46,-9999,2,12,-9999,-9999,121.94352686,3.810719008,583.94152009,20,CH1,-9999,-9999,-9999,-9999
P11,N,P,13JUN2016,14:43:46,-9999,3,12,-9999,-9999,125.23155305,3.8058485254,526.84745446,20,CH1,-9999,-9999,-9999,-9999
P11,N,NA,13JUN2016,14:43:46,-9999,1,10,27,-9999,321.24726984,237.46388157,888.65232604,0,CH1,-9999,-9999,28,2.88
P11,N,NA,13JUN2016,14:43:46,-9999,2,10,27,-9999,297.85171767,235.90417302,695.72743685,0,CH1,-9999,-9999,28,2.88
P11,N,P,27JUN2016,10:23:22,-9999,1,12,-9999,-9999,117.34126342,1.8613561834,566.11415535,20,CH1,-9999,-9999,-9999,-9999
P11,N,S,27JUN2016,10:23:22,-9999,1,12,-9999,-9999,119.7248543,1.5279636821,576.46945898,20,CH1,-9999,-9999,-9999,-9999
P11,N,P,27JUN2016,10:23:22,-9999,2,12,-9999,-9999,123.69191052,1.4510107555,556.68349694,20,CH1,-9999,-9999,-9999,-9999
P11,N,P,27JUN2016,10:23:22,-9999,3,12,-9999,-9999,115.69343533,1.6407086675,534.68362257,20,CH1,-9999,-9999,-9999,-9999
P11,N,NA,27JUN2016,10:23:22,-9999,1,10,20.6,-9999,284.08922925,63.763928063,588.09784003,0,CH1,17,34,87.8,18.72
P11,N,NA,27JUN2016,10:23:22,-9999,2,10,20.6,-9999,280.59916727,63.888137034,576.51864175,0,CH1,17,34,87.8,18.72
P11,N,P,18JUL2016,10:02:27,-9999,1,12,-9999,-9999,108.21905554,2.3254778528,778.94968324,20,CH1,-9999,-9999,-9999,-9999
P11,N,S,18JUL2016,10:02:27,-9999,1,12,-9999,-9999,107.10015261,1.948460712,641.92814814,20,CH1,-9999,-9999,-9999,-9999
P11,N,S,18JUL2016,10:02:27,-9999,2,12,-9999,-9999,96.458747617,2.0711132384,596.99653413,20,CH1,-9999,-9999,-9999,-9999
P11,N,P,18JUL2016,10:02:27,-9999,2,12,-9999,-9999,96.169151969,2.0008435618,609.74641725,20,CH1,-9999,-9999,-9999,-9999
P11,N,P,18JUL2016,10:02:27,-9999,3,12,-9999,-9999,98.028325624,2.1754724192,620.52066744,20,CH1,-9999,-9999,-9999,-9999
P11,N,S,18JUL2016,10:02:27,-9999,3,12,-9999,-9999,112.82278349,2.213975556,635.50081862,20,CH1,-9999,-9999,-9999,-9999
P11,N,NA,18JUL2016,10:02:27,-9999,1,10,22,-9999,263.38808825,109.67298929,553.2729732,0,CH1,24,48,56.4,3.96
P11,N,NA,18JUL2016,10:02:27,-9999,2,10,22,-9999,259.45209919,104.8862828,561.32178034,0,CH1,24,48,56.4,3.96
P11,N,P,09AUG2016,10:15:35,-9999,1,12,-9999,-9999,181.96942967,3.9700688243,605.52301069,20,CH1,-9999,-9999,-9999,-9999
P11,N,S,09AUG2016,10:15:35,-9999,1,12,-9999,-9999,108.50267598,4.1876177993,478.14944805,20,CH1,-9999,-9999,-9999,-9999
P11,N,S,09AUG2016,10:15:35,-9999,2,12,-9999,-9999,104.28890894,4.4021882205,483.1778822,20,CH1,-9999,-9999,-9999,-9999
P11,N,P,09AUG2016,10:15:35,-9999,2,12,-9999,-9999,102.92564383,4.9842090562,498.62986585,20,CH1,-9999,-9999,-9999,-9999
P11,N,S,09AUG2016,10:15:35,-9999,3,12,-9999,-9999,106.22980781,4.6696852487,872.79812995,20,CH1,-9999,-9999,-9999,-9999
P11,N,P,09AUG2016,10:15:35,-9999,3,12,-9999,-9999,111.0113517,5.5648551749,471.2746132,20,CH1,-9999,-9999,-9999,-9999
P11,N,NA,09AUG2016,10:15:35,-9999,1,10,23.6,-9999,269.66259446,283.82927428,532.80131331,0,CH1,28.5,57,71.6,18
P11,N,NA,09AUG2016,10:15:35,-9999,2,10,23.6,-9999,269.60618219,281.30938354,525.93406537,0,CH1,28.5,57,71.6,18
P11,N,S,22AUG2016,10:34:01,-9999,1,12,-9999,-9999,90.191654216,4.9982550575,662.41386671,20,CH1,-9999,-9999,-9999,-9999
P11,N,P,22AUG2016,10:34:01,-9999,1,12,-9999,-9999,117.52385132,3.282299991,573.05699302,20,CH1,-9999,-9999,-9999,-9999
P11,N,S,22AUG2016,10:34:01,-9999,2,12,-9999,-9999,101.62672138,2.8484953112,717.89027445,20,CH1,-9999,-9999,-9999,-9999
P11,N,P,22AUG2016,10:34:01,-9999,2,12,-9999,-9999,162.37933745,3.5723190666,1086.8928314,20,CH1,-9999,-9999,-9999,-9999
P11,N,S,22AUG2016,10:34:01,-9999,3,12,-9999,-9999,105.26092135,3.4758411613,460.45494784,20,CH1,-9999,-9999,-9999,-9999
P11,N,P,22AUG2016,10:34:01,-9999,3,12,-9999,-9999,114.6231738,6.0613745242,589.61093791,20,CH1,-9999,-9999,-9999,-9999
P11,N,NA,22AUG2016,10:34:01,-9999,1,10,21.9,-9999,298.44863089,182.42154772,641.3908878,0,CH1,32.5,65,70.6,0.36
P11,N,NA,22AUG2016,10:34:01,-9999,2,10,21.9,-9999,259.8343591,188.61431174,541.76608309,0,CH1,32.5,65,70.6,0.36
P11,N,P,06SEP2016,10:55:49,-9999,1,12,-9999,-9999,125.63848916,2.0880380765,526.66466234,20,CH1,-9999,-9999,-9999,-9999
P11,N,S,06SEP2016,10:55:49,-9999,1,12,-9999,-9999,136.38010554,2.0874453104,572.51328266,20,CH1,-9999,-9999,-9999,-9999
P11,N,P,06SEP2016,10:55:49,-9999,2,12,-9999,-9999,123.81250828,2.0727339333,1156.0300658,20,CH1,-9999,-9999,-9999,-9999
P11,N,S,06SEP2016,10:55:49,-9999,2,12,-9999,-9999,131.142891,1.7970438034,623.96023889,20,CH1,-9999,-9999,-9999,-9999
P11,N,S,06SEP2016,10:55:49,-9999,3,12,-9999,-9999,109.61737096,1.7762431017,752.01890024,20,CH1,-9999,-9999,-9999,-9999
P11,N,P,06SEP2016,10:55:49,-9999,3,12,-9999,-9999,198.2668506,3.0016523184,1423.0716199,20,CH1,-9999,-9999,-9999,-9999
P11,N,NA,06SEP2016,10:55:49,-9999,1,10,18.9,-9999,284.42917523,82.764651324,451.10743637,0,CH1,24.5,49,-9999,-9999
P11,N,NA,06SEP2016,10:55:49,-9999,2,10,18.9,-9999,287.03720425,81.847631371,453.43809648,0,CH1,24.5,49,-9999,-9999
P11,N,S,19SEP2016,10:33:10,-9999,1,12,-9999,-9999,124.68049562,1.4386764243,522.09770195,20,CH1,-9999,-9999,-9999,-9999
P11,N,P,19SEP2016,10:33:10,-9999,1,12,-9999,-9999,127.51934547,1.6355362826,458.29354288,20,CH1,-9999,-9999,-9999,-9999
P11,N,P,19SEP2016,10:33:10,-9999,2,12,-9999,-9999,118.25579597,1.4361373427,778.2761152,20,CH1,-9999,-9999,-9999,-9999
P11,N,S,19SEP2016,10:33:10,-9999,2,12,-9999,-9999,123.31773563,1.3187453361,499.12687767,20,CH1,-9999,-9999,-9999,-9999
P11,N,S,19SEP2016,10:33:10,-9999,3,12,-9999,-9999,123.5441125,1.4335982611,553.02997522,20,CH1,-9999,-9999,-9999,-9999
P11,N,NA,19SEP2016,10:33:10,-9999,1,10,16,-9999,282.41274305,45.80319977,430.89063997,0,CH1,17.5,35,50.2,14.76
P11,N,NA,19SEP2016,10:33:10,-9999,2,10,16,-9999,282.59565246,45.611472098,409.4768382,0,CH1,17.5,35,50.2,14.76
P11,N,NA,03OCT2016,10:40:27,-9999,1,10,15,-9999,287.23221257,27.845303318,456.87919336,0,CH1,21.5,43,-9999,-9999
P11,N,NA,03OCT2016,10:40:27,-9999,2,10,15,-9999,279.14629008,27.718568021,455.43652456,0,CH1,21.5,43,-9999,-9999
P11,N,NA,17OCT2016,11:00:47,-9999,1,10,8.8,-9999,293.49816281,17.721377059,373.97109601,0,CH1,26,52,-9999,-9999
P11,N,NA,17OCT2016,11:00:47,-9999,2,10,8.8,-9999,294.87588003,17.733401096,370.07127593,0,CH1,26,52,-9999,-9999
P11,N,NA,31OCT2016,10:59:17,-9999,1,10,7.1,-9999,368.9914324,2.1151819637,719.85418921,0,CH1,19,38,-9999,-9999
P11,N,NA,31OCT2016,10:59:17,-9999,2,10,7.1,-9999,296.76059585,12.882374751,418.9883071,0,CH1,19,38,-9999,-9999
P11,N,NA,14NOV2016,10:51:11,-9999,1,10,6,-9999,281.99980079,10.851764114,380.78494457,0,CH1,25.5,51,-9999,-9999
P11,N,NA,14NOV2016,10:51:11,-9999,2,10,6,-9999,288.84969782,10.664714593,384.25385277,0,CH1,25.5,51,-9999,-9999
P3,N,NA,11MAY2011,15:01:17,-9999,1,10,-9999,-9999,170.86694833,331.19380837,5935.057478,0,CH1,-9999,-9999,-9999,-9999
P3,N,NA,23MAY2011,14:14:29,-9999,1,10,-9999,-9999,154.79220344,299.78715111,7390.3596858,0,CH1,-9999,-9999,-9999,-9999
P3,N,NA,06JUN2011,13:59:06,-9999,1,10,-9999,-9999,129.40809952,299.563143,8040.5144753,0,CH1,102,-9999,-9999,-9999
P3,N,NA,05JUL2011,14:55:28,-9999,1,10,25,-9999,130.65943783,2951.4784263,8679.2041437,0,CH1,114,-9999,-9999,-9999
P3,N,NA,18JUL2011,11:55:32,-9999,1,10,25,-9999,122.16575455,5888.8657736,11780.716086,0,CH1,109,-9999,-9999,-9999
P3,N,NA,02AUG2011,0:00:00,-9999,1,10,25,-9999,164.29680084,12782.564904,12704.36247,0,CH1,-9999,-9999,-9999,-9999
P3,N,NA,16AUG2011,13:58:36,-9999,1,10,25,-9999,92.251740254,18735.135799,19952.966615,0,CH1,118,-9999,-9999,-9999
P3,N,NA,13OCT2011,14:07:01,-9999,1,10,25,-9999,93.553495631,13266.898884,9310.2256862,0,CH1,-9999,-9999,-9999,-9999
P3,N,NA,16APR2012,15:20:24,-9999,1,10,6.4,-9999,193.60677239,204.38944387,2307.8562089,0,CH1,-9999,73,-9999,-9999
P3,N,NA,17MAY2012,15:33:51,-9999,1,10,19.5,-9999,154.92149954,1107.5195516,11346.960384,0,CH1,-9999,81,-9999,-9999
P3,N,NA,30MAY2012,13:05:15,-9999,1,10,13.9,-9999,121.15470783,1420.4693391,11338.876729,0,CH1,-9999,81,-9999,-9999
P3,N,NA,14JUN2012,13:12:00,-9999,1,10,23.1,-9999,198.19821169,2451.1474023,11968.680357,0,CH1,-9999,79,-9999,-9999
P3,N,NA,26JUN2012,13:09:15,-9999,1,10,23.2,-9999,153.68282967,2252.2921258,12028.271703,0,CH1,-9999,74,-9999,-9999
P3,N,NA,12JUL2012,13:08:25,-9999,1,10,25.3,-9999,158.7129585,15243.516118,28742.00493,0,CH1,-9999,64,-9999,-9999
P3,N,NA,25JUL2012,14:39:48,-9999,1,10,26.6,-9999,157.37991267,12482.844869,17516.953116,0,CH1,-9999,55,-9999,-9999
P3,N,NA,09AUG2012,11:54:22,-9999,1,10,22.4,-9999,108.22293052,11568.319553,14086.044878,0,CH1,-9999,35,-9999,-9999
P3,N,NA,22AUG2012,14:51:57,-9999,1,10,22.1,-9999,149.96832595,6370.2528758,8360.8314353,0,CH1,-9999,28,-9999,-9999
P3,N,NA,08MAY2013,12:04:39,-9999,1,10,12,-9999,335.92264239,291.84153112,2618.5921418,0,CH1,39.5,79,-9999,-9999
P3,N,NA,08MAY2013,12:05:41,-9999,2,10,12,-9999,339.96725977,292.79712682,2617.6969246,0,CH1,39.5,79,-9999,-9999
P3,N,NA,20MAY2013,12:48:36,-9999,1,10,13,-9999,306.59517987,80.675926738,3726.5786217,0,CH1,39,78,-9999,-9999
P3,N,NA,06JUN2013,13:09:05,-9999,1,10,15.6,-9999,226.36258298,173.79368665,8069.1642654,0,CH1,47.5,95,-9999,-9999
P3,N,NA,06JUN2013,13:18:40,-9999,2,10,15.6,-9999,258.43793164,186.4981522,7968.4291353,0,CH1,47.5,95,-9999,-9999
P3,N,NA,19JUN2013,11:49:20,-9999,1,10,20,-9999,142.61517269,418.54485129,14881.091381,0,CH1,50.5,101,-9999,-9999
P3,N,NA,19JUN2013,12:03:46,-9999,2,10,20,-9999,153.16176529,427.56398951,15618.471954,0,CH1,50.5,101,-9999,-9999
P3,N,NA,03JUL2013,14:11:17,-9999,1,10,25.3,-9999,132.42912516,936.19783714,16581.900145,0,CH1,47.5,95,-9999,-9999
P3,N,NA,03JUL2013,14:12:46,-9999,2,10,25.3,-9999,142.6305344,824.83935078,15157.003019,0,CH1,47.5,95,-9999,-9999
P3,N,NA,17JUL2013,14:05:43,-9999,1,10,26.6,-9999,137.3160566,2498.6367844,14679.065875,0,CH1,45.5,91,-9999,-9999
P3,N,NA,17JUL2013,14:06:28,-9999,2,10,26.6,-9999,138.60307264,2467.6866744,14397.787691,0,CH1,45.5,91,-9999,-9999
P3,N,NA,01AUG2013,12:43:38,-9999,1,10,19.7,-9999,121.89733254,2633.6107802,13026.168969,0,CH1,36,72,-9999,-9999
P3,N,NA,01AUG2013,12:44:32,-9999,2,10,19.7,-9999,116.53095588,2626.5897155,12895.496173,0,CH1,36,72,-9999,-9999
P3,N,NA,14AUG2013,14:00:23,-9999,1,10,21.1,-9999,146.91821109,2570.1786411,10179.182557,0,CH1,26,52,-9999,-9999
P3,N,NA,14AUG2013,14:00:50,-9999,2,10,21.1,-9999,146.11541648,2558.4456948,10125.901954,0,CH1,26,52,-9999,-9999
P3,N,NA,29AUG2013,14:00:51,-9999,1,10,26.3,-9999,234.10357724,3224.7230527,10067.188412,0,CH1,18,36,-9999,-9999
P3,N,NA,29AUG2013,14:01:36,-9999,2,10,26.3,-9999,234.04328393,3196.0292235,10146.838506,0,CH1,18,36,-9999,-9999
P3,N,NA,12SEP2013,11:46:47,-9999,1,10,16.3,-9999,95.609309546,2927.1407334,10326.412461,0,CH1,26.5,53,-9999,-9999
P3,N,NA,12SEP2013,11:47:30,-9999,2,10,16.3,-9999,94.371118575,2890.3735637,10303.697911,0,CH1,26.5,53,-9999,-9999
P3,N,NA,23SEP2013,11:31:52,-9999,1,10,16,-9999,347.70261223,318.75534714,4838.2124591,0,CH1,22.5,45,-9999,-9999
P3,N,NA,23SEP2013,11:43:58,-9999,2,10,16,-9999,342.03915136,332.37641379,4881.3299506,0,CH1,22.5,45,-9999,-9999
P3,N,NA,23OCT2013,11:40:20,-9999,1,10,4.2,-9999,185.55562883,1266.9145589,7995.4075959,0,CH1,35,70,-9999,-9999
P3,N,NA,23OCT2013,11:41:03,-9999,2,10,4.2,-9999,182.83501447,1268.27376,7990.5832053,0,CH1,35,70,-9999,-9999
P3,N,NA,22APR2014,10:36:06,-9999,1,10,1.8,-9999,220.97112894,267.71015791,4789.3102851,0,CH1,44.5,89,-9999,-9999
P3,N,NA,22APR2014,10:36:06,-9999,2,10,1.8,-9999,215.07557629,266.05755341,4899.6951899,0,CH1,44.5,89,-9999,-9999
P3,N,NA,08MAY2014,11:46:16,-9999,1,10,8.1,-9999,212.26473792,216.38648879,5739.2223981,0,CH1,50.5,101,-9999,-9999
P3,N,NA,08MAY2014,11:46:16,-9999,2,10,8.1,-9999,206.70142375,214.07455996,5213.1351111,0,CH1,50.5,101,-9999,-9999
P3,N,NA,22MAY2014,11:31:47,-9999,1,10,14.9,-9999,206.25450714,279.90234413,8633.577318,0,CH1,58,116,-9999,-9999
P3,N,NA,22MAY2014,11:31:47,-9999,2,10,14.9,-9999,204.13056656,279.13264318,8610.8414642,0,CH1,58,116,-9999,-9999
P3,N,NA,05JUN2014,13:10:27,-9999,1,10,20.7,-9999,3855.2779172,1658.6549604,14740.055607,0,CH1,41,82,-9999,-9999
P3,N,NA,05JUN2014,13:10:27,-9999,2,10,20.7,-9999,5759.6351164,2010.2646068,13987.731343,0,CH1,41,82,-9999,-9999
P3,N,NA,19JUN2014,14:36:07,-9999,1,10,19,-9999,412.23849084,1095.257345,14629.334104,0,CH1,43.5,87,-9999,-9999
P3,N,NA,19JUN2014,14:36:07,-9999,2,10,19,-9999,387.25151246,986.28373389,13075.168841,0,CH1,43.5,87,-9999,-9999
P3,N,NA,30JUN2014,10:34:30,-9999,1,10,18,-9999,279.88168381,2486.329813,16234.757891,0,CH1,43,86,-9999,-9999
P3,N,NA,30JUN2014,10:34:30,-9999,2,10,18,-9999,540.48212033,2482.8139909,15679.431605,0,CH1,43,86,-9999,-9999
P3,N,NA,17JUL2014,11:01:43,-9999,1,10,19.7,-9999,580.92684476,2508.3833797,16938.837638,0,CH1,46,92,-9999,-9999
P3,N,NA,17JUL2014,11:01:43,-9999,2,10,19.7,-9999,1337.3605348,2531.1021076,17330.450199,0,CH1,46,92,-9999,-9999
P3,N,NA,31JUL2014,10:50:42,-9999,1,10,19,-9999,99.602219029,2163.1214507,20217.824856,0,CH1,40.5,81,-9999,-9999
P3,N,NA,31JUL2014,10:50:42,-9999,2,10,19,-9999,99.084752552,2185.4397598,13910.380449,0,CH1,40.5,81,-9999,-9999
P3,N,NA,14AUG2014,10:32:10,-9999,1,10,19.9,-9999,164.83161956,3138.6743253,21496.441975,0,CH1,44,88,-9999,-9999
P3,N,NA,14AUG2014,10:32:10,-9999,2,10,19.9,-9999,229.54730599,3304.5957738,17804.828037,0,CH1,44,88,-9999,-9999
P3,N,NA,28AUG2014,11:17:35,-9999,1,10,19,-9999,159.77013947,6110.2312036,23333.083483,0,CH1,34.5,69,-9999,-9999
P3,N,NA,28AUG2014,11:17:35,-9999,2,10,19,-9999,141.73698715,6057.4083843,20090.394806,0,CH1,34.5,69,-9999,-9999
P3,N,NA,11SEP2014,10:51:13,-9999,1,10,10.4,-9999,157.22492122,2798.1144451,10898.297617,0,CH1,35.5,71,-9999,-9999
P3,N,NA,11SEP2014,10:51:13,-9999,2,10,10.4,-9999,146.97916701,2821.9032933,11914.888151,0,CH1,35.5,71,-9999,-9999
P3,N,NA,25SEP2014,11:38:09,-9999,1,10,17.6,-9999,732.19886862,4706.2328606,22273.558876,0,CH1,36.5,73,-9999,-9999
P3,N,NA,25SEP2014,11:38:09,-9999,2,10,17.6,-9999,1694.4652667,3726.3540834,20909.21311,0,CH1,36.5,73,-9999,-9999
P3,N,NA,09OCT2014,14:34:34,-9999,1,10,8.3,-9999,217.16512862,551.51281079,7217.3454423,0,CH1,32,64,-9999,-9999
P3,N,NA,09OCT2014,14:34:34,-9999,2,10,8.3,-9999,222.03507853,520.15738429,6951.3718633,0,CH1,32,64,-9999,-9999
P3,N,NA,23OCT2014,13:14:43,-9999,1,10,11,-9999,238.2056154,476.3993249,7470.8263986,0,CH1,41.5,83,-9999,-9999
P3,N,NA,23OCT2014,13:14:43,-9999,2,10,11,-9999,237.61229541,481.10265042,7391.6218267,0,CH1,41.5,83,-9999,-9999
P3,N,NA,06NOV2014,9:34:44,-9999,1,10,3,-9999,248.97619812,336.881877,3920.2509655,0,CH1,30.5,61,-9999,-9999
P3,N,NA,06NOV2014,9:34:44,-9999,2,10,3,-9999,246.16233305,351.62720004,4427.8404966,0,CH1,30.5,61,-9999,-9999
P3,N,NA,07MAY2015,10:49:38,-9999,1,10,14,-9999,187.16740314,651.39021024,9434.864422,0,CH1,44,88,-9999,-9999
P3,N,NA,07MAY2015,10:49:38,-9999,2,10,14,-9999,187.39584894,696.83972764,10305.250234,0,CH1,44,88,-9999,-9999
P3,N,NA,22MAY2015,12:34:15,-9999,1,10,15.4,-9999,198.91395003,368.6796685,9745.9153898,0,CH1,52,104,-9999,-9999
P3,N,NA,22MAY2015,12:34:15,-9999,2,10,15.4,-9999,199.67030339,371.91606193,9926.5728052,0,CH1,52,104,-9999,-9999
P3,N,NA,04JUN2015,11:10:09,-9999,1,10,15.7,-9999,389.09536532,872.21648924,16326.99424,0,CH1,47.5,95,-9999,-9999
P3,N,NA,04JUN2015,11:10:09,-9999,2,10,15.7,-9999,420.60435295,929.76845682,16655.322515,0,CH1,47.5,95,-9999,-9999
P3,N,NA,18JUN2015,10:44:35,-9999,1,10,16.4,-9999,378.85407724,1847.0981218,18048.570886,0,CH1,55,110,-9999,-9999
P3,N,NA,18JUN2015,10:44:35,-9999,2,10,16.4,-9999,333.92506966,1771.0604618,17763.123903,0,CH1,55,110,-9999,-9999
P3,N,NA,01JUL2015,11:09:59,-9999,1,10,21.9,-9999,1407.5987799,3578.4455757,32904.852107,0,CH1,49.5,99,-9999,-9999
P3,N,NA,01JUL2015,11:09:59,-9999,2,10,21.9,-9999,5953.7098667,3651.440268,33032.780601,0,CH1,49.5,99,-9999,-9999
P3,N,NA,16JUL2015,12:35:17,-9999,1,10,25.2,-9999,96.46562671,21196.852719,134670.74314,0,CH1,42,84,-9999,-9999
P3,N,NA,16JUL2015,13:13:28,-9999,2,10,25.2,-9999,122.73143607,8220.2490125,42223.374742,0,CH1,42,84,-9999,-9999
P3,N,NA,30JUL2015,11:01:25,-9999,1,10,20.6,-9999,1286.1987539,3484.2326035,20363.98837,0,CH1,47,94,-9999,-9999
P3,N,NA,30JUL2015,11:01:25,-9999,2,10,20.6,-9999,2705.2282892,3748.0416364,22560.078715,0,CH1,47,94,-9999,-9999
P3,N,NA,13AUG2015,13:00:00,-9999,1,10,24.9,-9999,377.97847365,5474.9905088,27127.398118,0,CH1,40,80,-9999,-9999
P3,N,NA,27AUG2015,10:51:04,-9999,1,10,18.7,-9999,449.0553473,4702.4205065,31532.133259,0,CH1,29,58,-9999,-9999
P3,N,NA,27AUG2015,10:51:04,-9999,2,10,18.7,-9999,365.32277367,4522.6357173,30713.80733,0,CH1,29,58,-9999,-9999
P3,N,NA,10SEP2015,11:21:59,-9999,1,10,16,-9999,150.39468919,3353.3536323,14985.168364,0,CH1,29.5,59,-9999,-9999
P3,N,NA,10SEP2015,14:22:20,-9999,2,10,16,-9999,162.69120508,3992.4271163,16366.17956,0,CH1,29.5,59,-9999,-9999
P3,N,NA,24SEP2015,11:18:26,-9999,1,10,16,-9999,282.67011238,2483.1281047,19460.771554,0,CH1,20.5,41,-9999,-9999
P3,N,NA,08OCT2015,11:20:09,-9999,1,10,8.4,-9999,170.659858,955.6161968,9109.2600595,0,CH1,13,26,-9999,-9999
P3,N,NA,08OCT2015,12:27:30,-9999,2,10,8.4,-9999,189.96346626,537.59075687,5199.5170568,0,CH1,13,26,-9999,-9999
P3,N,NA,23OCT2015,11:25:20,-9999,1,10,9,-9999,270.57113394,339.1849188,4260.6085974,0,CH1,16,32,-9999,-9999
P3,N,NA,23OCT2015,12:11:35,-9999,2,10,9,-9999,320.61135601,284.56463528,2983.3538198,0,CH1,16,32,-9999,-9999
P3,N,S,29APR2016,13:24:17,-9999,1,12,-9999,-9999,130.0186585,2.7075694586,1673.8477199,0,CH1,-9999,-9999,-9999,-9999
P3,N,P,29APR2016,13:24:17,-9999,1,12,-9999,-9999,129.51163929,3.5376012078,1846.5936953,0,CH1,-9999,-9999,-9999,-9999
P3,N,S,29APR2016,13:24:17,-9999,2,12,-9999,-9999,154.08864817,2.6506548201,1775.7841621,0,CH1,-9999,-9999,-9999,-9999
P3,N,S,29APR2016,13:24:17,-9999,3,12,-9999,-9999,134.76932741,2.8817995076,1676.4883963,0,CH1,-9999,-9999,-9999,-9999
P3,N,NA,29APR2016,13:24:17,-9999,1,10,11.6,-9999,261.34531356,173.1406957,2344.6293536,0,CH1,29.5,59,-9999,-9999
P3,N,NA,29APR2016,13:24:17,-9999,2,10,11.6,-9999,259.35491088,173.77694696,2368.0496492,0,CH1,29.5,59,-9999,-9999
P3,N,P,12MAY2016,12:41:54,-9999,1,12,-9999,-9999,55.907161459,12.8719987,1200.310297,20,CH1,-9999,-9999,-9999,-9999
P3,N,S,12MAY2016,12:41:54,-9999,1,12,-9999,-9999,89.379657856,2.8820747231,2232.3417731,20,CH1,-9999,-9999,-9999,-9999
P3,N,S,12MAY2016,12:41:54,-9999,2,12,-9999,-9999,89.647530609,2.9181394306,2042.6779933,20,CH1,-9999,-9999,-9999,-9999
P3,N,S,12MAY2016,12:41:54,-9999,3,12,-9999,-9999,93.142038662,2.986296501,2156.7818361,20,CH1,-9999,-9999,-9999,-9999
P3,N,NA,12MAY2016,12:41:54,-9999,1,10,9.6,-9999,218.52974864,133.77785065,4048.2200833,0,CH1,26,52,-9999,-9999
P3,N,NA,12MAY2016,12:41:54,-9999,2,10,9.6,-9999,226.541632,129.87216827,3927.7165026,0,CH1,26,52,-9999,-9999
P3,N,S,02JUN2016,11:49:17,-9999,3,12,-9999,-9999,117.53109532,4.3918871305,2537.9883414,20,CH1,-9999,-9999,-9999,-9999
P3,N,P,02JUN2016,11:49:17,-9999,1,12,-9999,-9999,96.582582937,11.043985914,4364.2027511,20,CH1,-9999,-9999,-9999,-9999
P3,N,P,02JUN2016,11:49:17,-9999,2,12,-9999,-9999,104.50358586,6.6823371771,3342.6604761,20,CH1,-9999,-9999,-9999,-9999
P3,N,P,02JUN2016,11:49:17,-9999,3,12,-9999,-9999,117.96356009,7.8774782152,3904.5710409,20,CH1,-9999,-9999,-9999,-9999
P3,N,NA,02JUN2016,11:49:17,-9999,1,10,17,-9999,531.87565165,636.07220352,9199.7338497,0,CH1,24,48,45.9,9.72
P3,N,NA,02JUN2016,11:49:17,-9999,2,10,17,-9999,393.00006721,640.96390979,9082.68589,0,CH1,24,48,45.9,9.72
P3,N,P,16JUN2016,12:36:44,-9999,1,12,-9999,-9999,100.53300574,11.270604392,4144.9904125,20,CH1,-9999,-9999,-9999,-9999
P3,N,S,16JUN2016,12:36:44,-9999,1,12,-9999,-9999,98.437994851,9.9628268526,3838.4546429,20,CH1,-9999,-9999,-9999,-9999
P3,N,P,16JUN2016,12:36:44,-9999,2,12,-9999,-9999,104.70478412,12.090539563,4256.4997145,20,CH1,-9999,-9999,-9999,-9999
P3,N,P,16JUN2016,12:36:44,-9999,3,12,-9999,-9999,116.5076614,10.555384599,3641.4967664,20,CH1,-9999,-9999,-9999,-9999
P3,N,NA,16JUN2016,12:36:44,-9999,1,10,23.8,-9999,233.86019089,982.026205,10932.023382,0,CH1,26,52,62.2,23.4
P3,N,NA,16JUN2016,12:36:44,-9999,2,10,23.8,-9999,212.99019295,987.12420275,10757.68611,0,CH1,26,52,62.2,23.4
P3,N,S,28JUN2016,11:30:04,-9999,1,12,-9999,-9999,83.544439566,13.605046513,4631.8131027,20,CH1,-9999,-9999,-9999,-9999
P3,N,P,28JUN2016,11:30:04,-9999,1,12,-9999,-9999,82.824652405,13.737213953,4570.3566311,20,CH1,-9999,-9999,-9999,-9999
P3,N,P,28JUN2016,11:30:04,-9999,2,12,-9999,-9999,68.351811915,22.251671041,5506.7394668,20,CH1,-9999,-9999,-9999,-9999
P3,N,P,28JUN2016,11:30:04,-9999,3,12,-9999,-9999,67.615947134,17.246888503,4637.3494628,20,CH1,-9999,-9999,-9999,-9999
P3,N,NA,28JUN2016,11:30:04,-9999,1,10,23.6,-9999,195.56602549,1388.6807505,11374.749662,0,CH1,24.5,49,41.9,1.08
P3,N,NA,28JUN2016,11:30:04,-9999,2,10,23.6,-9999,282.42155458,1573.7365168,11515.273337,0,CH1,24.5,49,41.9,1.08
P3,N,P,19JUL2016,11:39:19,-9999,1,12,-9999,-9999,100.5075033,24.949526156,6560.4172274,20,CH1,-9999,-9999,-9999,-9999
P3,N,S,19JUL2016,11:39:19,-9999,1,12,-9999,-9999,105.45209719,18.275300659,5285.5313123,20,CH1,-9999,-9999,-9999,-9999
P3,N,S,19JUL2016,11:39:19,-9999,2,12,-9999,-9999,129.25855412,20.018337083,5743.4233734,20,CH1,-9999,-9999,-9999,-9999
P3,N,P,19JUL2016,11:39:19,-9999,2,12,-9999,-9999,108.70769092,25.339609972,6961.1210812,20,CH1,-9999,-9999,-9999,-9999
P3,N,P,19JUL2016,11:39:19,-9999,3,12,-9999,-9999,101.39863866,23.477928135,5876.3083717,20,CH1,-9999,-9999,-9999,-9999
P3,N,S,19JUL2016,11:39:19,-9999,3,12,-9999,-9999,108.64471943,19.041646652,5247.428494,20,CH1,-9999,-9999,-9999,-9999
P3,N,NA,19JUL2016,11:39:19,-9999,1,10,21.1,-9999,197.40877474,1900.4194051,11812.649004,0,CH1,25.5,51,83.3,4.68
P3,N,NA,19JUL2016,11:39:19,-9999,2,10,21.1,-9999,222.8697347,1761.9941122,11150.742335,0,CH1,25.5,51,83.3,4.68
P3,N,P,04AUG2016,10:35:40,-9999,1,12,-9999,-9999,115.16724205,23.149117246,5044.8171862,20,CH1,-9999,-9999,-9999,-9999
P3,N,S,04AUG2016,10:35:40,-9999,1,12,-9999,-9999,116.44831396,25.929341412,4443.9809996,20,CH1,-9999,-9999,-9999,-9999
P3,N,P,04AUG2016,10:35:40,-9999,2,12,-9999,-9999,102.84874069,25.501650435,4601.2460049,20,CH1,-9999,-9999,-9999,-9999
P3,N,S,04AUG2016,10:35:40,-9999,2,12,-9999,-9999,99.492579465,111.74796877,3825.2368417,20,CH1,-9999,-9999,-9999,-9999
P3,N,P,04AUG2016,10:35:40,-9999,3,12,-9999,-9999,110.94416333,31.528728947,5322.4087926,20,CH1,-9999,-9999,-9999,-9999
P3,N,S,04AUG2016,10:35:40,-9999,3,12,-9999,-9999,136.1117078,28.834415488,4801.6269074,20,CH1,-9999,-9999,-9999,-9999
P3,N,NA,04AUG2016,10:35:40,-9999,1,10,21.4,-9999,351.97541778,2556.9390963,10640.884324,0,CH1,27,54,79.3,15.48
P3,N,NA,04AUG2016,10:35:40,-9999,2,10,21.4,-9999,425.96824926,2577.3673941,10446.338044,0,CH1,27,54,79.3,15.48
P3,N,P,11AUG2016,11:47:34,-9999,1,12,-9999,-9999,115.77562006,28.228440643,5628.3326109,20,CH1,-9999,-9999,-9999,-9999
P3,N,S,11AUG2016,11:47:34,-9999,1,12,-9999,-9999,143.05043574,25.678455054,5631.502859,20,CH1,-9999,-9999,-9999,-9999
P3,N,S,11AUG2016,11:47:34,-9999,2,12,-9999,-9999,178.60511138,24.106924334,5885.6974067,20,CH1,-9999,-9999,-9999,-9999
P3,N,P,11AUG2016,11:47:34,-9999,2,12,-9999,-9999,125.45820156,26.301087323,5457.5596304,20,CH1,-9999,-9999,-9999,-9999
P3,N,P,11AUG2016,11:47:34,-9999,3,12,-9999,-9999,116.0410565,26.495667067,4915.5918742,20,CH1,-9999,-9999,-9999,-9999
P3,N,S,11AUG2016,11:47:34,-9999,3,12,-9999,-9999,121.60967374,23.899685737,5283.0035659,20,CH1,-9999,-9999,-9999,-9999
P3,N,NA,11AUG2016,11:47:34,-9999,1,10,22.6,-9999,774.80346495,2615.3919122,10838.281157,0,CH1,34.5,69,66.9,2.52
P3,N,NA,11AUG2016,11:47:34,-9999,2,10,22.6,-9999,1931.881422,2521.2781055,10599.531547,0,CH1,34.5,69,66.9,2.52
P3,N,S,25AUG2016,11:28:53,-9999,1,12,-9999,-9999,122.94928625,27.352925407,5556.3911114,20,CH1,-9999,-9999,-9999,-9999
P3,N,P,25AUG2016,11:28:53,-9999,1,12,-9999,-9999,74.797425837,25.260956618,5295.1010638,20,CH1,-9999,-9999,-9999,-9999
P3,N,S,25AUG2016,11:28:53,-9999,2,12,-9999,-9999,85.604653885,24.379405057,5352.8364408,20,CH1,-9999,-9999,-9999,-9999
P3,N,P,25AUG2016,11:28:53,-9999,2,12,-9999,-9999,81.774524558,28.735970504,6155.2994896,20,CH1,-9999,-9999,-9999,-9999
P3,N,P,25AUG2016,11:28:53,-9999,3,12,-9999,-9999,244.84995713,90.495559267,11427.632927,20,CH1,-9999,-9999,-9999,-9999
P3,N,S,25AUG2016,11:28:53,-9999,3,12,-9999,-9999,88.23439536,26.075883613,5521.8354781,20,CH1,-9999,-9999,-9999,-9999
P3,N,NA,25AUG2016,11:28:53,-9999,1,10,16.6,-9999,203.01848993,2330.1764268,10956.638955,0,CH1,23.5,47,80.4,0.72
P3,N,NA,25AUG2016,11:28:53,-9999,2,10,16.6,-9999,302.07093585,2300.4456933,10664.548606,0,CH1,23.5,47,80.4,0.72
P3,N,S,08SEP2016,11:20:57,-9999,1,12,-9999,-9999,89.5813865,25.243152929,4617.7344212,20,CH1,-9999,-9999,-9999,-9999
P3,N,P,08SEP2016,11:20:57,-9999,1,12,-9999,-9999,77.828768098,40.971016176,5735.3005632,20,CH1,-9999,-9999,-9999,-9999
P3,N,P,08SEP2016,11:20:57,-9999,2,12,-9999,-9999,78.578569067,35.855013528,5153.2485191,20,CH1,-9999,-9999,-9999,-9999
P3,N,S,08SEP2016,11:20:57,-9999,2,12,-9999,-9999,81.495964229,22.79023287,4328.7552189,20,CH1,-9999,-9999,-9999,-9999
P3,N,S,08SEP2016,11:20:57,-9999,3,12,-9999,-9999,228.38995489,24.525852046,4650.2738852,20,CH1,-9999,-9999,-9999,-9999
P3,N,P,08SEP2016,11:20:57,-9999,3,12,-9999,-9999,74.947020526,37.479731552,5254.9211087,20,CH1,-9999,-9999,-9999,-9999
P3,N,P,08SEP2016,11:20:57,-9999,1,12,-9999,-9999,81.80579279,35.953843805,5337.5382684,20,CH1,-9999,-9999,-9999,-9999
P3,N,S,08SEP2016,11:20:57,-9999,1,12,-9999,-9999,86.372575312,30.75312949,5048.5347191,20,CH1,-9999,-9999,-9999,-9999
P3,N,S,08SEP2016,11:20:57,-9999,2,12,-9999,-9999,87.643190696,30.223519913,4870.1684397,20,CH1,-9999,-9999,-9999,-9999
P3,N,P,08SEP2016,11:20:57,-9999,2,12,-9999,-9999,56.469212729,25.70319332,3647.2890004,20,CH1,-9999,-9999,-9999,-9999
P3,N,S,08SEP2016,11:20:57,-9999,3,12,-9999,-9999,83.821345711,30.390572181,4495.3670766,20,CH1,-9999,-9999,-9999,-9999
P3,N,P,08SEP2016,11:20:57,-9999,3,12,-9999,-9999,76.576203795,47.675416452,6363.255578,20,CH1,-9999,-9999,-9999,-9999
P3,N,NA,08SEP2016,11:20:57,-9999,1,10,15.6,-9999,190.89370031,2057.9323172,8397.1313059,0,CH1,31.5,63,66.3,4.68
P3,N,S,22SEP2016,10:11:34,-9999,1,12,-9999,-9999,97.191149035,27.164813231,4610.0757846,20,CH1,-9999,-9999,-9999,-9999
P3,N,P,22SEP2016,10:11:34,-9999,1,12,-9999,-9999,108.54018012,33.608894277,5119.8874702,20,CH1,-9999,-9999,-9999,-9999
P3,N,P,22SEP2016,10:11:34,-9999,2,12,-9999,-9999,96.663336882,33.488422959,5277.802705,20,CH1,-9999,-9999,-9999,-9999
P3,N,S,22SEP2016,10:11:34,-9999,2,12,-9999,-9999,90.832037385,26.444092218,4417.8321743,20,CH1,-9999,-9999,-9999,-9999
P3,N,S,22SEP2016,10:11:34,-9999,3,12,-9999,-9999,94.761166671,29.966122531,4550.9867293,20,CH1,-9999,-9999,-9999,-9999
P3,N,P,22SEP2016,10:11:34,-9999,3,12,-9999,-9999,96.037304463,35.659013586,5372.4458059,20,CH1,-9999,-9999,-9999,-9999
P3,N,NA,22SEP2016,10:11:34,-9999,1,10,13.2,-9999,167.76086234,1547.3773431,8208.5093116,0,CH1,21.5,43,55.7,11.52
P3,N,NA,22SEP2016,10:11:34,-9999,2,10,13.2,-9999,169.48851748,1617.293602,8392.4034637,0,CH1,21.5,43,55.7,11.52
P3,N,NA,19OCT2016,13:35:19,-9999,1,10,7.9,-9999,223.23071358,161.21494309,2566.7130068,0,CH1,18.5,37,-9999,-9999
P3,N,NA,19OCT2016,13:35:19,-9999,2,10,7.9,-9999,223.99354678,161.17202701,2527.9428281,0,CH1,18.5,37,-9999,-9999
P3,N,NA,03NOV2016,10:51:26,-9999,1,10,6.3,-9999,217.20608635,168.35374426,2368.0495114,0,CH1,29.5,59,-9999,-9999
P3,N,NA,03NOV2016,10:51:26,-9999,2,10,6.3,-9999,217.62270037,169.72179902,2354.6371577,0,CH1,29.5,59,-9999,-9999
P3,N,NA,17NOV2016,11:53:21,-9999,1,10,3.7,-9999,259.81437424,82.268105262,1633.1175236,0,CH1,22.5,45,-9999,-9999
P3,N,NA,17NOV2016,11:53:21,-9999,2,10,3.7,-9999,260.21758255,77.959774083,1550.9620596,0,CH1,22.5,45,-9999,-9999
P4,Y,NA,16NOV2010,13:35:02,-9999,1,10,2.3,1.764,270.26621425,84.308216128,863.94801458,0,WS1,30,170,-9999,-9999
P4,Y,NA,16NOV2010,14:06:54,-9999,2,10,2.6,1.775,220.5187906,349.21708981,539.38915898,0,WS2,30,165,-9999,-9999
P4,Y,NA,16NOV2010,14:43:09,-9999,3,10,2.6,1.801,211.64723429,366.63568709,485.1864103,0,WS3,30,160,-9999,-9999
P4,N,NA,21JAN2011,14:31:00,-9999,1,10,0.4,1.226,216.47153394,2425.0793872,7364.0879079,0,WS1,30,172,-9999,-9999
P4,N,NA,21JAN2011,12:57:00,-9999,2,10,-0.1,1.127,202.57184197,2114.5180447,5247.1293552,0,WS2,30,172,-9999,-9999
P4,N,NA,21JAN2011,15:39:00,-9999,3,10,1.2,1.236,126.8185791,2058.7367743,1679.0655828,0,WS3,30,170,-9999,-9999
P4,N,NA,25FEB2011,11:13:43,-9999,2,10,0.5,1.342,142.56547422,19720.41676,3074.6585528,0,WS2,30,170,-9999,-9999
P4,N,NA,25FEB2011,13:45:30,-9999,3,10,-0.1,1.313,114.38646685,24649.944929,1990.4741961,0,WS3,30,172,-9999,-9999
P4,N,NA,25FEB2011,11:56:44,-9999,5,10,0.9,1.391,73.528147939,40035.244718,2349.4891888,0,WS2,100,170,-9999,-9999
P4,N,NA,25FEB2011,14:37:25,-9999,6,10,0.5,1.35,73.476813377,36909.519786,2278.4426714,0,WS3,100,172,-9999,-9999
P4,N,NA,27FEB2011,14:06:04,-9999,1,10,0.2,1.38,112.46363704,32606.584161,2336.9624524,0,WS1,30,170,-9999,-9999
P4,N,NA,27FEB2011,14:35:27,-9999,4,10,0.7,1.405,183.00002328,7619.2151112,4977.277856,0,WS1,100,170,-9999,-9999
P4,N,NA,26MAR2011,12:23:00,-9999,1,10,-0.1,1.203,295.93397565,28209.352082,1128.9934935,0,WS1,30,180,-9999,-9999
P4,N,NA,26MAR2011,14:11:50,-9999,2,10,0.3,1.277,74.95892774,52416.818683,3490.0023584,0,WS1,100,180,-9999,-9999
P4,N,NA,26MAR2011,15:14:56,-9999,3,10,0.1,1.203,114.41257417,39286.609042,3308.7577045,0,WS2,30,185,-9999,-9999
P4,N,NA,26MAR2011,15:50:47,-9999,4,10,0.4,1.262,111.8931857,40064.636959,5094.2077723,0,WS2,100,185,-9999,-9999
P4,N,NA,26MAR2011,16:43:33,-9999,5,10,0.1,1.261,127.63269112,40054.599696,2298.7303776,0,WS3,30,173,-9999,-9999
P4,N,NA,26MAR2011,17:20:47,-9999,6,10,0.3,1.26,116.32631555,45531.588228,3230.4785692,0,WS3,100,173,-9999,-9999
P4,N,NA,12APR2011,17:45:00,-9999,1,10,0.6,0.084,175.30703049,1920.99639,206.51953317,0,WS1,30,193,-9999,-9999
P4,N,NA,12APR2011,12:05:31,-9999,3,10,0.8,0.2324,259.72112475,886.84292765,73.760126476,0,WS2,30,197,-9999,-9999
P4,N,NA,12APR2011,14:08:25,-9999,4,10,2.5,1.471,79.954684973,57133.919671,4577.9804683,0,WS2,100,197,-9999,-9999
P4,N,NA,13APR2011,14:08:26,-9999,2,10,2.9,1.076,81.539837315,53028.182044,3196.4834083,0,WS1,100,193,-9999,-9999
P4,N,NA,13APR2011,16:05:45,-9999,5,10,0.4,0.3047,1073.1818601,24863.147144,178.20060419,0,WS3,30,187,-9999,-9999
P4,N,NA,13APR2011,16:06:47,-9999,6,10,4.4,0.82,81.138913434,47213.467985,4438.2863081,0,WS3,100,187,-9999,-9999
P4,Y,NA,28APR2011,15:10:14,-9999,1,10,7.2,0.939,297.28870737,566.28810941,196.82032701,0,WS1,30,210,-9999,-9999
P4,Y,NA,28APR2011,16:09:40,-9999,2,10,5.5,1.371,161.47336764,46560.830943,3348.6149011,0,WS1,100,210,-9999,-9999
P4,Y,NA,28APR2011,17:05:55,-9999,4,10,6.2,1.272,290.10030014,12138.269065,692.65024137,0,WS2,100,210,-9999,-9999
P4,Y,NA,28APR2011,12:46:36,-9999,6,10,5.8,1.071,331.94469704,2069.6849089,366.84023455,0,WS3,100,197,-9999,-9999
P4,Y,NA,29APR2011,11:01:04,-9999,3,10,8.4,0.907,238.38033712,23858.566845,851.71802975,0,WS2,30,210,-9999,-9999
P4,Y,NA,02MAY2011,13:49:29,-9999,1,10,6.2,1.433,222.56441428,192.62505047,547.47340485,0,WS1,30,210,-9999,-9999
P4,Y,NA,02MAY2011,13:51:05,-9999,2,10,5.4,1.418,215.99132638,202.98538083,555.20871203,0,WS1,100,210,-9999,-9999
P4,Y,NA,02MAY2011,14:36:04,-9999,3,10,6,1.4,234.06093469,271.55160734,554.94590069,0,WS2,30,220,-9999,-9999
P4,Y,NA,02MAY2011,14:37:35,-9999,4,10,5.4,1.417,225.64067171,321.99397763,567.67479,0,WS2,100,220,-9999,-9999
P4,Y,NA,02MAY2011,15:30:09,-9999,5,10,6.2,1.437,227.84225413,313.95829915,527.46330027,0,WS3,30,210,-9999,-9999
P4,Y,NA,02MAY2011,15:31:38,-9999,6,10,5.5,1.442,236.67261436,350.83855107,575.79378483,0,WS3,100,210,-9999,-9999
P4,Y,NA,01JUN2011,11:41:23,-9999,1,10,13.3,1.433,240.0418088,93.824529805,551.94753792,0,WS1,30,240,-9999,-9999
P4,Y,NA,01JUN2011,11:40:10,-9999,2,10,12,1.43,209.87695541,107.94932118,533.35640162,0,WS1,100,240,-9999,-9999
P4,Y,NA,01JUN2011,12:14:41,-9999,3,10,4.9,1.43,220.40410625,103.18334935,513.86112808,0,WS2,30,219,-9999,-9999
P4,Y,NA,01JUN2011,12:13:46,-9999,4,10,12.1,1.428,192.02002111,87.694149733,485.77351408,0,WS2,100,240,-9999,-9999
P4,Y,NA,01JUN2011,12:54:12,-9999,5,10,25.9,1.4,205.79865379,59.841823265,495.62636179,0,WS3,30,240,-9999,-9999
P4,Y,NA,01JUN2011,12:52:38,-9999,6,10,5.2,1.43,187.50531892,51.774091779,458.62658189,0,WS3,100,209,-9999,-9999
P4,Y,NA,06JUL2011,11:46:36,-9999,1,10,13.3,1.508,447.74093459,1914.3227391,1522.5020344,0,WS1,30,240,-9999,-9999
P4,Y,NA,06JUL2011,12:12:14,-9999,2,10,12,1.511,439.74560898,1955.4004382,2030.2987019,0,WS1,100,240,-9999,-9999
P4,Y,NA,06JUL2011,13:13:55,-9999,3,10,4.9,1.511,437.00423694,2248.3145355,1612.8820466,0,WS2,30,219,-9999,-9999
P4,Y,NA,06JUL2011,13:43:43,-9999,4,10,12.1,1.513,453.90182012,2317.1512409,1664.4424762,0,WS2,100,240,-9999,-9999
P4,Y,NA,07JUL2011,15:01:28,-9999,5,10,25.9,1.501,502.84681399,3385.3748106,1951.5515013,0,WS3,30,-9999,-9999,-9999
P4,Y,NA,07JUL2011,15:23:07,-9999,6,10,5.2,1.519,514.39915272,3949.7915597,2026.6869629,0,WS3,100,209,-9999,-9999
P4,Y,NA,03AUG2011,12:40:38,-9999,1,10,13.3,1.521,258.58072613,2918.1310065,1963.7266686,0,WS1,30,240,-9999,-9999
P4,Y,NA,03AUG2011,12:56:14,-9999,2,10,12,1.517,280.46200397,2715.0985954,1980.9248694,0,WS1,100,240,-9999,-9999
P4,Y,NA,03AUG2011,13:51:50,-9999,3,10,4.9,1.521,273.84527234,2720.9837619,1935.7840885,0,WS2,30,219,-9999,-9999
P4,Y,NA,03AUG2011,14:30:48,-9999,4,10,12.1,1.519,278.08212943,2583.3387964,1963.18466,0,WS2,100,240,-9999,-9999
P4,Y,NA,03AUG2011,15:23:26,-9999,5,10,25.9,1.518,298.86630702,3631.1516188,1741.791279,0,WS3,30,240,-9999,-9999
P4,Y,NA,03AUG2011,15:40:50,-9999,6,10,5.2,1.522,300.31248424,2937.3187521,2251.0896191,0,WS3,100,209,-9999,-9999
P4,Y,NA,29AUG2011,15:15:11,-9999,1,10,13.3,1.515,224.56612459,1747.7847312,1125.3766527,0,WS1,30,240,-9999,-9999
P4,Y,NA,29AUG2011,15:16:20,-9999,2,10,12,1.511,218.39957186,1725.8400734,1165.7338048,0,WS1,100,240,-9999,-9999
P4,Y,NA,29AUG2011,13:38:39,-9999,3,10,4.9,1.509,218.85970244,1131.6295149,1107.3461793,0,WS2,30,219,-9999,-9999
P4,Y,NA,29AUG2011,13:39:36,-9999,4,10,12.1,1.506,217.02651537,1033.2126302,1087.3809304,0,WS2,100,240,-9999,-9999
P4,Y,NA,29AUG2011,14:23:44,-9999,5,10,25.9,1.511,212.52366945,953.33389209,1029.7664514,0,WS3,30,240,-9999,-9999
P4,Y,NA,29AUG2011,14:25:59,-9999,6,10,5.2,1.508,221.75416838,1604.5492243,1164.7503699,0,WS3,100,209,-9999,-9999
P4,Y,NA,27SEP2011,12:18:14,-9999,1,10,13.3,1.553,240.52016745,228.75807341,1182.987888,0,WS3,30,240,-9999,-9999
P4,Y,NA,27SEP2011,12:19:24,-9999,2,10,12,1.579,221.70858615,216.26966378,1136.0659643,0,WS3,100,240,-9999,-9999
P4,Y,NA,27SEP2011,13:39:55,-9999,3,10,4.9,1.574,249.68560534,216.50776307,1147.8775426,0,WS2,30,219,-9999,-9999
P4,Y,NA,27SEP2011,13:58:15,-9999,4,10,12.1,1.58,235.94926059,215.01891269,1102.6270654,0,WS2,100,240,-9999,-9999
P4,Y,NA,27SEP2011,15:20:37,-9999,5,10,25.9,1.58,270.96404614,203.92494158,1159.882704,0,WS1,30,240,-9999,-9999
P4,Y,NA,27SEP2011,15:21:24,-9999,6,10,5.2,1.572,267.0469234,211.42618467,1133.6695214,0,WS1,100,209,-9999,-9999
P4,Y,NA,31OCT2011,12:17:15,-9999,1,10,13.3,1.63,224.80713973,78.982260603,621.10366688,0,WS2,30,240,-9999,-9999
P4,Y,NA,31OCT2011,12:19:05,-9999,2,10,12,1.631,223.77051265,90.347138476,632.55601281,0,WS2,100,240,-9999,-9999
P4,Y,NA,31OCT2011,13:22:20,-9999,3,10,4.9,1.62,201.95193114,56.722987637,627.31376321,0,WS1,30,219,-9999,-9999
P4,Y,NA,31OCT2011,13:50:43,-9999,4,10,12.1,1.627,218.92683876,102.90751745,614.15129281,0,WS1,100,240,-9999,-9999
P4,Y,NA,31OCT2011,15:29:38,-9999,5,10,25.9,1.623,227.32504593,93.839302883,674.55156805,0,WS3,30,240,-9999,-9999
P4,Y,NA,31OCT2011,15:41:22,-9999,6,10,5.2,1.626,213.76698904,106.7271456,641.06724016,0,WS3,100,209,-9999,-9999
P4,N,NA,28NOV2011,13:09:25,-9999,1,10,13.3,0.985,228.60744904,167.15812143,491.36563164,0,WS1,30,240,-9999,-9999
P4,N,NA,28NOV2011,14:34:29,-9999,2,10,12,0.982,231.3211025,168.74965117,490.86191683,0,WS1,100,240,-9999,-9999
P4,N,NA,28NOV2011,12:27:43,-9999,3,10,4.9,0.943,227.149606,166.14949313,507.20754994,0,WS2,30,219,-9999,-9999
P4,N,NA,28NOV2011,15:48:56,-9999,4,10,12.1,0.992,229.88247833,164.81829498,559.20206271,0,WS2,100,240,-9999,-9999
P4,N,NA,28NOV2011,12:43:19,-9999,5,10,25.9,0.922,255.57201695,191.45497666,530.08102891,0,WS3,30,240,-9999,-9999
P4,N,NA,28NOV2011,14:04:42,-9999,6,10,5.2,0.991,269.9372641,199.14597288,538.6932108,0,WS3,100,209,-9999,-9999
P4,N,NA,14DEC2011,11:04:35,-9999,1,10,13.3,0.967,185.44834749,225.95812917,603.51215675,0,WS1,30,240,-9999,-9999
P4,N,NA,14DEC2011,11:06:36,-9999,2,10,12,0.981,264.9404692,256.42254443,736.20275243,0,WS1,100,240,-9999,-9999
P4,N,NA,14DEC2011,12:26:40,-9999,3,10,4.9,0.942,202.23487042,303.84458598,694.2578256,0,WS2,30,219,-9999,-9999
P4,N,NA,14DEC2011,12:25:35,-9999,4,10,12.1,0.987,205.88412357,338.60494462,791.15922235,0,WS2,100,240,-9999,-9999
P4,N,NA,14DEC2011,14:03:43,-9999,5,10,25.9,0.932,208.63848616,319.15815788,663.538792,0,WS3,30,240,-9999,-9999
P4,N,NA,14DEC2011,14:04:48,-9999,6,10,5.2,0.983,214.19102997,305.91025586,780.6622443,0,WS3,100,209,-9999,-9999
P4,N,NA,17JAN2012,16:48:37,-9999,1,10,0.9,0.999,160.52056077,34.9452581,716.47796219,0,WS1,30,210,-9999,-9999
P4,N,NA,17JAN2012,14:04:18,-9999,3,10,0.2,0.98,146.22396035,35.018211806,739.97824519,0,WS2,30,119,-9999,-9999
P4,N,NA,17JAN2012,13:52:20,-9999,4,10,2.6,1.033,149.10670388,38.677617706,731.62837397,0,WS2,100,119,-9999,-9999
P4,N,NA,17JAN2012,15:40:24,-9999,5,10,0.9,0.995,149.14028358,25.411193762,912.20937459,0,WS3,30,214,-9999,-9999
P4,N,NA,17JAN2012,15:39:24,-9999,6,10,2.9,1.042,150.75736086,22.634877723,858.79428421,0,WS3,100,214,-9999,-9999
P4,N,NA,06FEB2012,16:22:42,-9999,1,10,0.5,0.822,130.65077407,94.540269564,635.86538052,0,WS1,30,211,-9999,-9999
P4,N,NA,06FEB2012,16:23:17,-9999,2,10,3.4,1.097,144.2617419,60.911790769,846.24137578,0,WS1,100,211,-9999,-9999
P4,N,NA,06FEB2012,12:31:19,-9999,3,10,1.1,0.792,134.57345844,136.13440965,719.92206717,0,WS2,30,217,-9999,-9999
P4,N,NA,06FEB2012,12:26:03,-9999,4,10,3.7,1.104,146.78597358,42.100391448,953.53250278,0,WS2,100,217,-9999,-9999
P4,N,NA,06FEB2012,14:26:23,-9999,5,10,1.3,0.742,116.16714568,22.70495929,530.84630855,0,WS3,30,210,-9999,-9999
P4,N,NA,06FEB2012,14:31:39,-9999,6,10,3.6,1.101,139.71321993,12.056783646,801.50184654,0,WS3,100,210,-9999,-9999
P4,N,NA,12MAR2012,12:38:39,-9999,3,10,1.4,0.0898,126.54219365,275.78438554,794.60620062,0,WS2,30,219,-9999,-9999
P4,N,NA,12MAR2012,12:37:24,-9999,4,10,5.6,1.238,130.95886342,82.261855989,1041.7049598,0,WS2,100,219,-9999,-9999
P4,N,NA,12MAR2012,15:16:35,-9999,5,10,4.5,0.644,158.61239192,80.783606108,363.75083428,0,WS3,30,216,-9999,-9999
P4,N,NA,12MAR2012,15:08:11,-9999,6,10,6.4,1.248,137.68886456,65.983710928,809.1027633,0,WS3,100,216,-9999,-9999
P4,N,NA,13MAR2012,12:17:42,-9999,1,10,0.6,0.0525,175.1897474,469.46010111,711.44642724,0,WS1,30,192,-9999,-9999
P4,N,NA,13MAR2012,12:16:03,-9999,2,10,5.4,1.225,143.75837656,163.35736038,848.42209068,0,WS1,100,192,-9999,-9999
P4,Y,NA,20MAR2012,14:53:18,-9999,1,10,9.6,1.652,205.81026453,99.363817572,724.98685874,0,WS1,30,219,-9999,-9999
P4,Y,NA,20MAR2012,14:54:25,-9999,2,10,9.5,1.646,209.05308251,88.588298682,791.61868755,0,WS1,100,219,-9999,-9999
P4,Y,NA,20MAR2012,13:24:47,-9999,3,10,9.4,1.645,195.15130714,97.425251691,737.49104036,0,WS2,30,215,-9999,-9999
P4,Y,NA,20MAR2012,13:22:57,-9999,4,10,9.3,1.646,223.62747535,101.00851298,791.49125386,0,WS2,100,215,-9999,-9999
P4,Y,NA,20MAR2012,16:41:56,-9999,5,10,9.7,1.646,200.23080351,101.28146101,766.19456872,0,WS3,30,204,-9999,-9999
P4,Y,NA,20MAR2012,16:42:48,-9999,6,10,9.7,1.647,215.19723686,92.092703673,786.76536467,0,WS3,100,204,-9999,-9999
P4,Y,NA,17APR2012,16:36:44,-9999,1,10,7.7,1.641,211.17982423,80.11465872,572.97016218,0,WS1,30,220,-9999,-9999
P4,Y,NA,17APR2012,17:15:01,-9999,2,10,7.6,1.643,227.93067953,-9999,36.24599243,0,WS1,100,220,-9999,-9999
P4,Y,NA,17APR2012,14:32:27,-9999,3,10,6.9,1.644,210.34777647,78.958331877,588.878766,0,WS2,30,209,-9999,-9999
P4,Y,NA,17APR2012,15:24:32,-9999,4,10,6.9,1.645,222.65937866,98.361474953,658.37498479,0,WS2,100,209,-9999,-9999
P4,Y,NA,17APR2012,13:03:39,-9999,5,10,6.8,1.645,224.30125575,98.196867768,599.20408118,0,WS3,30,212,-9999,-9999
P4,Y,NA,17APR2012,11:52:58,-9999,6,10,6.7,1.646,357.91123159,81.343641662,642.93090732,0,WS3,100,212,-9999,-9999
P4,Y,NA,15MAY2012,15:51:47,-9999,1,10,17.6,1.708,391.03646236,201.7956935,1144.5345645,0,WS1,30,210,-9999,-9999
P4,Y,NA,15MAY2012,15:52:42,-9999,2,10,17.5,1.713,287.55838783,2.2389470323,426.88216452,0,WS1,100,210,-9999,-9999
P4,Y,NA,15MAY2012,12:40:19,-9999,3,10,16.4,1.708,365.87443783,193.97762527,1085.1335188,0,WS2,30,217,-9999,-9999
P4,Y,NA,15MAY2012,12:41:42,-9999,4,10,16.3,1.706,355.97758438,165.64772193,1102.7940348,0,WS2,100,217,-9999,-9999
P4,Y,NA,15MAY2012,14:16:19,-9999,5,10,17.2,1.708,376.45840031,208.27003348,1115.4441483,0,WS3,30,199,-9999,-9999
P4,Y,NA,15MAY2012,14:17:20,-9999,6,10,17,1.704,339.0392348,189.46063475,1081.3405906,0,WS3,100,199,-9999,-9999
P4,Y,NA,13JUN2012,16:57:02,-9999,1,10,18,1.516,299.90514755,114.11660553,754.5772292,0,WS1,30,175,-9999,-9999
P4,Y,NA,13JUN2012,16:11:11,-9999,2,10,17.8,1.521,290.23335814,93.074048454,657.21542509,0,WS1,100,175,-9999,-9999
P4,Y,NA,13JUN2012,12:20:32,-9999,3,10,17,1.514,301.74004971,93.346367141,714.20568815,0,WS2,30,203,-9999,-9999
P4,Y,NA,13JUN2012,12:57:12,-9999,4,10,17,1.513,300.08562177,106.27847554,691.50940277,0,WS2,100,203,-9999,-9999
P4,Y,NA,13JUN2012,14:36:32,-9999,5,10,18.3,1.512,329.05464055,97.702662387,661.53791273,0,WS3,30,198,-9999,-9999
P4,Y,NA,13JUN2012,14:37:44,-9999,6,10,18,1.51,304.96558469,94.065456245,714.4564014,0,WS3,100,198,-9999,-9999
P4,Y,NA,11JUL2012,16:06:11,-9999,1,10,25.9,1.62,344.81566416,3759.7002911,572.64150578,0,WS1,30,198,-9999,-9999
P4,Y,NA,11JUL2012,16:08:21,-9999,2,10,25.5,1.626,276.48423942,4026.4222676,618.08708556,0,WS1,100,198,-9999,-9999
P4,Y,NA,11JUL2012,13:10:58,-9999,3,10,25.2,1.618,280.71206406,2654.183394,655.24971655,0,WS2,30,176,-9999,-9999
P4,Y,NA,11JUL2012,13:43:32,-9999,4,10,25.1,1.617,268.87008777,3043.7573453,565.26280254,0,WS2,100,176,-9999,-9999
P4,Y,NA,11JUL2012,15:13:20,-9999,6,10,25.7,1.618,335.14758856,3111.466612,546.859864,0,WS3,100,187,-9999,-9999
P4,N,NA,06AUG2012,15:29:43,-9999,1,10,-9999,-9999,281.25377858,4987.2405573,913.76173153,0,WS1,30,182,-9999,-9999
P4,N,NA,06AUG2012,15:35:31,-9999,2,10,-9999,-9999,275.70263672,3413.0213498,674.93805268,0,WS1,100,182,-9999,-9999
P4,N,NA,06AUG2012,12:58:00,-9999,3,10,-9999,-9999,264.33662703,9481.1284882,374.88641325,0,WS2,30,166,-9999,-9999
P4,N,NA,06AUG2012,13:03:57,-9999,4,10,-9999,-9999,299.47856323,7691.8329433,442.91939215,0,WS2,100,166,-9999,-9999
P4,N,NA,06AUG2012,14:14:15,-9999,5,10,-9999,-9999,260.7771892,7448.3269172,371.04939223,0,WS3,30,183,-9999,-9999
P4,N,NA,06AUG2012,14:15:21,-9999,6,10,-9999,-9999,275.30894642,6853.8911,1042.6319389,0,WS3,100,183,-9999,-9999
P4,Y,NA,05SEP2012,16:22:48,-9999,1,10,20.1,1.698,262.25797962,2594.3636382,600.70636508,0,WS1,30,173,-9999,-9999
P4,Y,NA,05SEP2012,16:15:53,-9999,2,10,20,1.698,254.87063499,4082.3829089,421.8074505,0,WS1,100,173,-9999,-9999
P4,Y,NA,05SEP2012,14:48:18,-9999,3,10,19.7,1.693,254.44863827,4497.7883355,442.52327379,0,WS2,30,173,-9999,-9999
P4,Y,NA,05SEP2012,14:52:14,-9999,4,10,19.7,1.694,249.4768053,3689.8110728,502.86200917,0,WS2,100,173,-9999,-9999
P4,Y,NA,05SEP2012,13:11:31,-9999,5,10,19.3,1.7,254.08720051,4494.995637,604.0327741,0,WS3,30,144,-9999,-9999
P4,Y,NA,05SEP2012,13:02:16,-9999,6,10,19.3,1.702,252.24302244,4810.1764499,544.9417276,0,WS3,100,144,-9999,-9999
P4,Y,NA,02OCT2012,12:33:40,-9999,1,10,13.1,1.883,316.93600875,974.99275251,1059.1113781,0,WS1,30,164,-9999,-9999
P4,Y,NA,02OCT2012,12:38:27,-9999,2,10,13,1.885,316.21954797,964.93676613,1155.3673305,0,WS1,100,164,-9999,-9999
P4,Y,NA,02OCT2012,16:20:26,-9999,3,10,14.4,1.883,327.06614133,932.8423232,1097.4193207,0,WS2,30,163,-9999,-9999
P4,Y,NA,02OCT2012,16:21:12,-9999,4,10,14.2,1.88,322.05688394,916.39513861,1165.1985527,0,WS2,100,163,-9999,-9999
P4,Y,NA,02OCT2012,14:41:57,-9999,5,10,13.7,1.876,317.28609109,947.47776579,1108.2751321,0,WS3,30,146,-9999,-9999
P4,Y,NA,02OCT2012,14:09:34,-9999,6,10,13.5,1.878,310.1647789,909.17910734,1283.9723994,0,WS3,100,146,-9999,-9999
P4,Y,NA,30OCT2012,13:56:59,-9999,1,10,3.2,1.93,317.18368902,279.50660397,665.22137628,0,WS1,30,162,-9999,-9999
P4,Y,NA,30OCT2012,13:57:53,-9999,2,10,3.2,1.93,314.45145612,274.27600674,637.80410001,0,WS1,100,162,-9999,-9999
P4,Y,NA,30OCT2012,12:54:15,-9999,3,10,3.1,1.934,315.05058828,277.24655037,668.61237349,0,WS2,30,155,-9999,-9999
P4,Y,NA,30OCT2012,12:55:19,-9999,4,10,3.1,1.932,312.06042406,273.45795891,630.94854028,0,WS2,100,155,-9999,-9999
P4,Y,NA,30OCT2012,11:45:22,-9999,5,10,3.1,1.924,311.44812668,260.57938457,651.72373984,0,WS3,30,150,-9999,-9999
P4,Y,NA,30OCT2012,11:49:51,-9999,6,10,3,1.927,310.37751748,271.37403919,632.62756683,0,WS3,100,150,-9999,-9999
P4,Y,NA,07NOV2012,16:03:11,-9999,1,10,3.1,1.93,302.06519531,169.75624385,796.16617418,0,WS1,30,184,-9999,-9999
P4,Y,NA,07NOV2012,16:01:25,-9999,2,10,3,1.931,297.64200019,174.03598317,624.0992615,0,WS1,100,184,-9999,-9999
P4,Y,NA,07NOV2012,14:56:55,-9999,3,10,3.1,1.93,301.18025881,193.28679719,781.18550931,0,WS2,30,179,-9999,-9999
P4,Y,NA,07NOV2012,14:29:48,-9999,4,10,3.1,1.929,301.17348878,210.10570565,655.50442448,0,WS2,100,179,-9999,-9999
P4,Y,NA,07NOV2012,13:18:24,-9999,5,10,3.1,1.93,293.63609588,189.44487013,663.13994366,0,WS3,30,153,-9999,-9999
P4,Y,NA,07NOV2012,13:12:44,-9999,6,10,3.1,1.931,297.47054259,185.82957356,681.09157104,0,WS3,100,153,-9999,-9999
P4,N,NA,11DEC2012,11:51:22,-9999,1,10,0.7,1.188,300.67417205,599.20550187,892.19739331,0,CH1,30,56,-9999,-9999
P4,N,NA,11DEC2012,11:53:10,-9999,2,10,2,1.198,309.21475815,640.05076319,960.89342726,0,CH1,100,56,-9999,-9999
P4,N,NA,11DEC2012,14:23:01,-9999,3,10,0.9,1.18,284.61838465,566.99910962,955.02920175,0,CH1,30,60,-9999,-9999
P4,Y,NA,11DEC2012,14:21:35,-9999,4,10,2.2,1.145,294.45406801,593.17751541,944.99145034,0,CH1,100,60,-9999,-9999
P4,N,NA,11DEC2012,15:03:18,-9999,5,10,1.3,1.2,311.67613663,700.87791603,1064.7382155,0,CH1,30,59,-9999,-9999
P4,Y,NA,11DEC2012,15:04:18,-9999,6,10,2.4,2.137,307.15677927,685.79191369,1043.9621192,0,CH1,100,59,-9999,-9999
P4,N,NA,09JAN2013,11:13:34,-9999,1,10,0.5,1.332,354.65862449,678.52949696,1698.6230543,0,CH1,30,159,-9999,-9999
P4,N,NA,09JAN2013,11:12:30,-9999,2,10,0.7,1.305,360.01229972,876.32624131,1959.0124187,0,CH1,100,159,-9999,-9999
P4,N,NA,09JAN2013,13:18:08,-9999,3,10,0,1.276,294.4667949,772.92834243,1697.138724,0,CH1,30,160,-9999,-9999
P4,N,NA,09JAN2013,13:15:55,-9999,4,10,0.9,1.297,291.83373065,922.69637626,2015.4107721,0,CH1,100,160,-9999,-9999
P4,N,NA,09JAN2013,14:08:34,-9999,5,10,0.3,1.257,331.07908981,612.31750699,1876.5310777,0,CH1,30,159,-9999,-9999
P4,N,NA,09JAN2013,14:09:54,-9999,6,10,1.1,1.304,312.50705376,878.7455014,2169.0975581,0,CH1,100,159,-9999,-9999
P4,N,NA,12FEB2013,11:25:20,-9999,1,10,0.3,1.351,415.27524403,54.664495898,2073.0110631,0,CH1,30,166,-9999,-9999
P4,N,NA,12FEB2013,11:26:30,-9999,2,10,0.3,1.363,418.01871087,80.482476745,2915.4534441,0,CH1,100,166,-9999,-9999
P4,N,NA,12FEB2013,14:15:42,-9999,3,10,0.4,1.392,404.690479,205.07401193,2489.7560518,0,CH1,30,167,-9999,-9999
P4,N,NA,12FEB2013,14:16:35,-9999,4,10,0.8,1.394,405.16756691,176.76824219,2906.8692181,0,CH1,100,167,-9999,-9999
P4,N,NA,12FEB2013,15:11:32,-9999,5,10,0.1,1.346,438.07301862,58.385980046,1656.7106522,0,CH1,30,168,-9999,-9999
P4,N,NA,12FEB2013,15:12:25,-9999,6,10,0.5,1.384,421.79658839,76.855978378,2760.2891746,0,CH1,100,168,-9999,-9999
P4,N,NA,20MAR2013,12:05:22,-9999,1,10,0.1,1.418,694.01641259,2294.5337352,3273.9362332,0,CH1,30,164,-9999,-9999
P4,N,NA,20MAR2013,12:57:13,-9999,2,10,0.3,1.424,537.94108444,2447.2149088,3404.2338437,0,CH1,100,164,-9999,-9999
P4,N,NA,20MAR2013,18:11:45,-9999,3,10,0.1,1.423,616.85640354,1022.8385643,3201.3878457,0,CH1,30,168,-9999,-9999
P4,N,NA,20MAR2013,18:31:45,-9999,4,10,0.3,1.428,710.39448567,1247.7211375,3297.1755722,0,CH1,100,168,-9999,-9999
P4,N,NA,20MAR2013,14:18:20,-9999,5,10,0.1,1.404,502.33247519,212.417678,2998.6167515,0,CH1,30,161,-9999,-9999
P4,N,NA,20MAR2013,14:13:01,-9999,6,10,0.6,1.414,761.6364808,1572.5815097,3397.5241368,0,CH1,100,161,-9999,-9999
P4,N,NA,25APR2013,11:09:06,-9999,1,10,1,1.463,92.884398731,98.937436207,2903.956239,0,CH1,30,175,-9999,-9999
P4,N,NA,25APR2013,11:11:04,-9999,2,10,0.3,1.436,68.728853106,2650.5217888,3300.3480989,0,CH1,100,175,-9999,-9999
P4,N,NA,25APR2013,12:19:05,-9999,3,10,0.3,1.494,144.9967634,59.953766769,1684.8965556,0,CH1,30,171,-9999,-9999
P4,N,NA,25APR2013,12:20:29,-9999,4,10,0.3,1.439,201.4390642,1058.6807968,2930.32028,0,CH1,100,171,-9999,-9999
P4,N,NA,25APR2013,13:07:45,-9999,5,10,0.8,1.365,277.53874053,123.17435888,1708.2395035,0,CH1,30,168,-9999,-9999
P4,N,NA,25APR2013,13:09:26,-9999,6,10,0.7,1.426,75.407663948,989.72015768,3326.7922396,0,CH1,100,168,-9999,-9999
P4,N,NA,09MAY2013,11:47:05,-9999,1,10,7,-9999,294.6409929,220.69777805,390.56334809,0,CH1,34,68,-9999,-9999
P4,N,NA,09MAY2013,11:47:59,-9999,2,10,7,-9999,290.31697565,221.39880317,286.4672164,0,CH1,34,68,-9999,-9999
P4,N,NA,21MAY2013,14:16:07,-9999,1,10,13,-9999,304.06176036,80.585716391,583.71552712,0,CH1,42.5,85,-9999,-9999
P4,N,NA,21MAY2013,14:17:03,-9999,2,10,13,-9999,304.58802648,80.977441978,579.03737502,0,CH1,42.5,85,-9999,-9999
P4,N,NA,05JUN2013,13:46:42,-9999,1,10,13.2,-9999,287.44983612,148.0379419,693.8427952,0,CH1,43.5,87,-9999,-9999
P4,N,NA,05JUN2013,13:47:19,-9999,2,10,13.2,-9999,290.97251638,148.07726504,693.62208789,0,CH1,43.5,87,-9999,-9999
P4,N,NA,18JUN2013,11:49:39,-9999,1,10,22,-9999,285.82494746,250.8356066,688.83264148,0,CH1,42,84,-9999,-9999
P4,N,NA,18JUN2013,12:05:57,-9999,2,10,22,-9999,284.69314425,260.49359377,672.70460119,0,CH1,42,84,-9999,-9999
P4,N,NA,01JUL2013,13:02:42,-9999,1,10,25,-9999,269.0364933,356.67054298,296.85549874,0,CH1,37.5,75,-9999,-9999
P4,N,NA,01JUL2013,13:21:44,-9999,2,10,25,-9999,265.37207697,364.17606158,549.21915094,0,CH1,37.5,75,-9999,-9999
P4,N,NA,15JUL2013,13:28:30,-9999,1,10,25.4,-9999,281.44444063,1233.3258391,472.18513752,0,CH1,32,64,-9999,-9999
P4,N,NA,15JUL2013,13:29:08,-9999,2,10,25.4,-9999,283.01452531,1220.4409166,465.67511206,0,CH1,32,64,-9999,-9999
P4,N,NA,31JUL2013,14:13:36,-9999,1,10,21.8,-9999,287.25637325,2505.4098144,495.94707336,0,CH1,32.5,65,-9999,-9999
P4,N,NA,31JUL2013,14:40:45,-9999,2,10,21.8,-9999,289.54497933,2524.2732978,502.67799917,0,CH1,32.5,65,-9999,-9999
P4,N,NA,12AUG2013,13:47:50,-9999,1,10,24,-9999,280.29197309,1691.6748218,361.49541853,0,CH1,35,70,-9999,-9999
P4,N,NA,12AUG2013,14:02:30,-9999,2,10,24,-9999,292.1214708,1758.225814,378.27780681,0,CH1,35,70,-9999,-9999
P4,N,NA,26AUG2013,13:09:17,-9999,1,10,26,-9999,258.97971889,1258.4709145,377.60226294,0,CH1,27.5,55,-9999,-9999
P4,N,NA,26AUG2013,13:09:58,-9999,2,10,26,-9999,255.6858941,1259.4760551,421.89101779,0,CH1,27.5,55,-9999,-9999
P4,N,NA,09SEP2013,14:00:52,-9999,1,10,21.5,-9999,253.76429276,2350.2611379,352.67959028,0,CH1,28,56,-9999,-9999
P4,N,NA,09SEP2013,14:43:33,-9999,2,10,21.5,-9999,248.96336324,2328.6156164,341.91348138,0,CH1,28,56,-9999,-9999
P4,N,NA,23SEP2013,12:59:15,-9999,1,10,16.4,-9999,258.07577206,586.10149366,287.39291612,0,CH1,24,48,-9999,-9999
P4,N,NA,23SEP2013,12:59:58,-9999,2,10,16.4,-9999,258.75851033,588.31341919,262.83728653,0,CH1,24,48,-9999,-9999
P4,N,NA,21OCT2013,13:30:45,-9999,1,10,5,-9999,267.68260596,450.20406678,250.84330832,0,CH1,31.5,63,-9999,-9999
P4,N,NA,21OCT2013,13:12:40,-9999,2,10,5,-9999,270.05258463,450.77411186,255.30107708,0,CH1,31.5,63,-9999,-9999
P4,N,NA,18DEC2013,16:03:38,-9999,1,10,0.5,1.176,457.53436246,31.610920221,580.56331176,0,CH1,30,183,-9999,-9999
P4,N,NA,18DEC2013,16:04:24,-9999,2,10,0.4,1.165,454.60873087,36.91872122,620.8384775,0,CH1,100,183,-9999,-9999
P4,N,NA,18DEC2013,17:34:49,-9999,3,10,0.6,1.134,675.47643837,32.827388246,448.57521118,0,CH1,30,184,-9999,-9999
P4,N,NA,18DEC2013,17:33:48,-9999,4,10,0.9,1.168,496.75498033,49.128982924,493.84834882,0,CH1,100,184,-9999,-9999
P4,N,NA,18DEC2013,16:43:16,-9999,5,10,0.6,1.167,489.02979248,19.31603833,498.06395834,0,CH1,30,185,-9999,-9999
P4,N,NA,18DEC2013,16:44:23,-9999,6,10,0.7,1.165,490.34031185,27.999236087,430.97750168,0,CH1,100,185,-9999,-9999
P4,N,NA,14JAN2014,14:29:50,-9999,1,10,-0.3,1.182,982.4810771,45.086405376,505.48567286,0,CH1,30,186,-9999,-9999
P4,N,NA,14JAN2014,14:30:05,-9999,2,10,0.2,1.187,759.08931623,14.976436728,780.35916742,0,CH1,100,186,-9999,-9999
P4,N,NA,14JAN2014,15:30:57,-9999,3,10,0,1.138,949.52780509,18.407800088,666.18792419,0,CH1,30,186,-9999,-9999
P4,N,NA,14JAN2014,15:32:07,-9999,4,10,0.5,1.194,997.11320013,9.9645798106,750.74624151,0,CH1,100,186,-9999,-9999
P4,N,NA,14JAN2014,16:17:58,-9999,5,10,0.1,1.14,1009.1172202,17.82188421,613.76377315,0,CH1,30,185,-9999,-9999
P4,N,NA,14JAN2014,16:21:55,-9999,6,10,0.7,1.156,997.00689814,15.955919246,586.10339802,0,CH1,100,185,-9999,-9999
P4,N,NA,25MAR2014,13:32:56,-9999,1,10,0.1,0.36,327.56434947,2.4371165073,519.16075448,0,CH1,30,-9999,-9999,-9999
P4,N,NA,25MAR2014,13:48:08,-9999,2,10,4.3,2.216,403.7662077,2.2069089315,528.11601712,0,CH1,100,-9999,-9999,-9999
P4,N,NA,25MAR2014,14:41:15,-9999,3,10,0.3,0.695,349.64672461,2.4898096959,508.15378449,0,CH1,30,-9999,-9999,-9999
P4,N,NA,25MAR2014,14:58:13,-9999,4,10,3.7,1.994,432.48929277,2.3838027776,486.79599289,0,CH1,100,-9999,-9999,-9999
P4,N,NA,25MAR2014,16:27:57,-9999,5,10,0.7,0.4492,337.05399391,2.5270553698,473.44896146,0,CH1,30,-9999,-9999,-9999
P4,N,NA,25MAR2014,16:07:09,-9999,6,10,4.8,2.265,364.53636267,2.2992771467,460.67874564,0,CH1,100,-9999,-9999,-9999
P4,N,NA,23APR2014,14:14:26,-9999,1,10,9.7,-9999,325.77423174,366.52659267,380.21049127,0,CH1,40.75,81.5,-9999,-9999
P4,N,NA,23APR2014,14:14:26,-9999,2,10,9.7,-9999,323.70677839,367.45671946,381.69318521,0,CH1,40.75,81.5,-9999,-9999
P4,N,NA,05MAY2014,14:42:32,-9999,1,10,9.7,-9999,276.84893952,330.54762111,474.08734579,0,CH1,45.5,91,-9999,-9999
P4,N,NA,05MAY2014,14:42:32,-9999,2,10,9.7,-9999,281.40829218,333.11050015,488.48112454,0,CH1,45.5,91,-9999,-9999
P4,N,NA,19MAY2014,13:12:07,-9999,1,10,14.5,-9999,288.31268961,312.47410649,369.29036252,0,CH1,42.5,85,-9999,-9999
P4,N,NA,19MAY2014,13:12:07,-9999,2,10,14.5,-9999,289.69247298,313.69547424,361.34759033,0,CH1,42.5,85,-9999,-9999
P4,N,NA,02JUN2014,12:46:19,-9999,1,10,20.6,-9999,258.81548067,1871.1776425,320.82413037,0,CH1,41.5,83,-9999,-9999
P4,N,NA,02JUN2014,12:46:19,-9999,2,10,20.6,-9999,256.64838482,1826.1643345,292.45324562,0,CH1,41.5,83,-9999,-9999
P4,N,NA,16JUN2014,12:20:37,-9999,1,10,18,-9999,250.54818306,223.66359571,92.065414812,0,CH1,49,98,-9999,-9999
P4,N,NA,16JUN2014,12:20:37,-9999,2,10,18,-9999,249.11471946,226.51454096,99.931129103,0,CH1,49,98,-9999,-9999
P4,N,NA,02JUL2014,11:01:58,-9999,1,10,17.7,-9999,529.3433613,561.54029669,1925.6180244,0,CH1,42.5,85,-9999,-9999
P4,N,NA,02JUL2014,11:01:58,-9999,2,10,17.7,-9999,445.65095217,555.07191463,1875.403745,0,CH1,42.5,85,-9999,-9999
P4,N,NA,14JUL2014,10:36:32,-9999,1,10,20.1,-9999,364.7606395,179.38132842,943.58370053,0,CH1,42.5,85,-9999,-9999
P4,N,NA,14JUL2014,10:36:32,-9999,2,10,20.1,-9999,368.47108726,181.06118086,951.11435271,0,CH1,42.5,85,-9999,-9999
P4,N,NA,28JUL2014,11:09:18,-9999,1,10,20.5,-9999,254.07499245,401.02788682,954.26628517,0,CH1,37,74,-9999,-9999
P4,N,NA,28JUL2014,11:09:18,-9999,2,10,20.5,-9999,245.4014379,403.73358754,369.85662994,0,CH1,37.5,75,-9999,-9999
P4,N,NA,11AUG2014,12:45:40,-9999,1,10,23.7,-9999,1609.318837,1163.4069439,1968.4951881,0,CH1,37.5,75,-9999,-9999
P4,N,NA,11AUG2014,12:45:40,-9999,2,10,23.7,-9999,712.80993067,1162.8809054,1935.3772171,0,CH1,37.5,75,-9999,-9999
P4,N,NA,25AUG2014,12:57:41,-9999,1,10,18.6,-9999,332.67052998,94.912446488,740.50255599,0,CH1,32.5,65,-9999,-9999
P4,N,NA,25AUG2014,12:57:41,-9999,2,10,18.6,-9999,336.09442496,94.464650958,828.68849914,0,CH1,32.5,65,-9999,-9999
P4,N,NA,08SEP2014,12:27:39,-9999,1,10,21.1,-9999,402.53952237,137.49829286,1039.5301896,0,CH1,31.5,63,-9999,-9999
P4,N,NA,08SEP2014,12:27:39,-9999,2,10,21.1,-9999,404.90760318,137.52204506,735.36479997,0,CH1,31.5,63,-9999,-9999
P4,N,NA,22SEP2014,12:21:18,-9999,1,10,17.3,-9999,269.4789545,137.95569667,276.81831844,0,CH1,38.5,77,-9999,-9999
P4,N,NA,22SEP2014,12:21:18,-9999,2,10,17.3,-9999,266.90433635,138.28960914,191.58916246,0,CH1,38.5,77,-9999,-9999
P4,N,NA,07OCT2014,12:04:52,-9999,1,10,8.2,-9999,301.44507918,55.569450201,371.55958459,0,CH1,29.5,59,-9999,-9999
P4,N,NA,07OCT2014,12:04:52,-9999,2,10,8.2,-9999,300.97175223,49.807148746,371.72984971,0,CH1,29.5,59,-9999,-9999
P4,N,NA,20OCT2014,12:36:38,-9999,1,10,11.4,-9999,322.12843463,103.90129548,423.89312834,0,CH1,31,62,-9999,-9999
P4,N,NA,20OCT2014,12:36:38,-9999,2,10,11.4,-9999,316.271497,86.405666828,428.58405741,0,CH1,31,62,-9999,-9999
P4,N,NA,03NOV2014,13:02:12,-9999,1,10,3.9,-9999,319.33879516,60.953927861,345.79082421,0,CH1,26,52,-9999,-9999
P4,N,NA,03NOV2014,13:02:12,-9999,2,10,3.9,-9999,321.88625046,62.662114609,458.02941002,0,CH1,26,52,-9999,-9999
P4,N,NA,15DEC2014,12:00:29,-9999,1,10,0.5,1.239,306.08313346,148.17136986,420.35504903,0,CH1,30,-9999,-9999,-9999
P4,N,NA,15DEC2014,12:00:29,-9999,2,10,-9999,1.263,295.8534703,206.08835661,608.33694909,0,CH1,100,-9999,-9999,-9999
P4,N,NA,15DEC2014,13:09:08,-9999,3,10,0.1,1.23,300.33617856,148.89468586,469.70131361,0,CH1,30,-9999,-9999,-9999
P4,N,NA,15DEC2014,13:08:06,-9999,4,10,1,1.271,291.48029556,211.35968403,592.53870476,0,CH1,100,-9999,-9999,-9999
P4,N,NA,15DEC2014,15:05:50,-9999,5,10,0.2,1.198,299.11677116,134.48642935,412.89618272,0,CH1,30,-9999,-9999,-9999
P4,N,NA,15DEC2014,15:37:52,-9999,6,10,1.3,1.269,288.24098495,186.69037165,511.47321525,0,CH1,100,-9999,-9999,-9999
P4,N,NA,10FEB2015,12:16:00,-9999,2,10,-9999,2.26,1330.6655977,56.698212747,1428.5823918,0,CH1,100,-9999,-9999,-9999
P4,N,NA,10FEB2015,13:43:27,-9999,3,10,-0.13,2.28,1052.1031898,9.6601278138,1172.4991875,0,CH1,30,-9999,-9999,-9999
P4,N,NA,10FEB2015,13:43:36,-9999,4,10,-9999,2.242,860.31712596,23.166411981,1322.79866,0,CH1,100,-9999,-9999,-9999
P4,N,NA,10FEB2015,15:05:09,-9999,5,10,-0.11,2.274,789.23296245,325.63796508,1239.4678799,0,CH1,30,-9999,-9999,-9999
P4,N,NA,10FEB2015,15:06:10,-9999,6,10,-9999,2.256,658.08271847,72.305915913,1330.3695125,0,CH1,100,-9999,-9999,-9999
P4,N,NA,12FEB2015,12:52:07,-9999,1,10,-0.07,2.286,1023.0270244,17.617494287,1316.9403758,0,CH1,30,-9999,-9999,-9999
P4,N,NA,23APR2015,12:40:28,-9999,1,10,7.6,-9999,275.57342429,70.183980464,399.01852736,0,CH1,34.5,69,-9999,-9999
P4,N,NA,23APR2015,12:40:28,-9999,2,10,7.6,-9999,272.59220511,70.648829023,396.45139954,0,CH1,34.5,69,-9999,-9999
P4,N,NA,04MAY2015,12:21:57,-9999,1,10,17.4,-9999,331.91627938,1.2942157076,328.87866591,0,CH1,34.5,69,-9999,-9999
P4,N,NA,04MAY2015,12:21:57,-9999,2,10,17.4,-9999,270.10581133,58.046320981,491.19878275,0,CH1,34.5,69,-9999,-9999
P4,N,NA,19MAY2015,12:50:38,-9999,1,10,10,-9999,288.39461531,20.030244973,354.39234368,0,CH1,37.5,75,-9999,-9999
P4,N,NA,19MAY2015,12:50:38,-9999,2,10,10,-9999,288.79854464,20.030928196,352.85463533,0,CH1,37.5,75,-9999,-9999
P4,N,NA,01JUN2015,13:03:50,-9999,1,10,15.7,-9999,265.64667288,71.52572307,389.22299613,0,CH1,38.5,77,-9999,-9999
P4,N,NA,01JUN2015,13:03:50,-9999,2,10,15.7,-9999,266.49790268,71.965163674,388.30943658,0,CH1,38.5,77,-9999,-9999
P4,N,NA,15JUN2015,12:58:00,-9999,1,10,21.6,-9999,268.02467267,178.807968,475.30307539,0,CH1,39.5,79,-9999,-9999
P4,N,NA,15JUN2015,12:58:00,-9999,2,10,21.6,-9999,267.7856314,181.38126321,475.26255688,0,CH1,39.5,79,-9999,-9999
P4,N,NA,02JUL2015,12:17:54,-9999,1,10,25,-9999,278.58726962,1203.4583869,1010.9922418,0,CH1,36.5,73,-9999,-9999
P4,N,NA,02JUL2015,12:17:54,-9999,2,10,25,-9999,279.1979243,1187.5652601,1020.4125382,0,CH1,36.5,73,-9999,-9999
P4,N,NA,13JUL2015,12:08:48,-9999,1,10,24.7,-9999,270.18800516,815.68692123,898.36839008,0,CH1,29,58,-9999,-9999
P4,N,NA,13JUL2015,12:08:48,-9999,2,10,24.7,-9999,267.22626975,812.36334418,898.43816622,0,CH1,29,58,-9999,-9999
P4,N,NA,23JUL2015,12:24:36,-9999,1,10,26.4,-9999,273.34497405,731.14221207,329.99060848,0,CH1,30,60,-9999,-9999
P4,N,NA,23JUL2015,12:24:36,-9999,2,10,26.4,-9999,279.55119216,742.00945192,318.9764698,0,CH1,30,60,-9999,-9999
P4,N,NA,10AUG2015,12:40:37,-9999,1,10,25,-9999,232.05132406,2724.2319095,363.94465928,0,CH1,26,52,-9999,-9999
P4,N,NA,10AUG2015,12:40:37,-9999,2,10,25,-9999,231.75695226,2544.6799106,386.73950547,0,CH1,26,52,-9999,-9999
P4,N,NA,24AUG2015,12:29:58,-9999,1,10,18.1,-9999,259.39782428,417.47701109,272.04654786,0,CH1,25.5,51,-9999,-9999
P4,N,NA,24AUG2015,12:29:58,-9999,2,10,18.1,-9999,262.58738738,427.18974729,271.25148675,0,CH1,25.5,51,-9999,-9999
P4,N,NA,08SEP2015,13:14:54,-9999,1,10,20.4,-9999,197.26543409,2943.4940013,399.95604088,0,CH1,23,46,-9999,-9999
P4,N,NA,08SEP2015,13:14:54,-9999,2,10,20.4,-9999,196.52581698,2932.9072112,393.98685438,0,CH1,23,46,-9999,-9999
P4,N,NA,21SEP2015,12:16:40,-9999,1,10,16.7,-9999,278.90036608,2350.4380622,348.71508757,0,CH1,24,48,-9999,-9999
P4,N,NA,21SEP2015,12:16:40,-9999,2,10,16.7,-9999,279.24572663,2313.312912,351.99491815,0,CH1,24,48,-9999,-9999
P4,N,NA,05OCT2015,12:15:27,-9999,1,10,11.1,-9999,236.5319341,1022.3611967,331.85718079,0,CH1,17.5,35,-9999,-9999
P4,N,NA,05OCT2015,12:15:27,-9999,2,10,11.1,-9999,235.7864782,962.17812665,347.19450562,0,CH1,17.5,35,-9999,-9999
P4,N,NA,22OCT2015,10:55:23,-9999,1,10,8.9,-9999,240.60248247,437.26429526,282.15422492,0,CH1,19,38,-9999,-9999
P4,N,NA,22OCT2015,10:55:23,-9999,2,10,8.9,-9999,238.69304968,432.50371993,283.87629258,0,CH1,19,38,-9999,-9999
P4,N,NA,04NOV2015,12:17:11,-9999,1,10,6.1,-9999,256.66669824,423.73615185,376.11292383,0,CH1,17,34,-9999,-9999
P4,N,NA,04NOV2015,12:17:11,-9999,2,10,6.1,-9999,255.15901041,416.45693379,368.1325575,0,CH1,17,34,-9999,-9999
P4,N,S,28APR2016,12:40:56,-9999,1,12,-9999,-9999,167.87652125,3.7651448346,570.51256409,0,CH1,-9999,-9999,-9999,-9999
P4,N,P,28APR2016,12:40:56,-9999,1,12,-9999,-9999,179.7113344,4.0676211737,594.39108995,0,CH1,-9999,-9999,-9999,-9999
P4,N,P,28APR2016,12:40:56,-9999,2,12,-9999,-9999,171.82665544,4.1524121093,629.64176349,0,CH1,-9999,-9999,-9999,-9999
P4,N,S,28APR2016,12:40:56,-9999,2,12,-9999,-9999,170.25518436,4.3600222044,593.93815066,0,CH1,-9999,-9999,-9999,-9999
P4,N,NA,28APR2016,12:40:56,-9999,1,10,8.8,-9999,306.18998233,171.10476829,418.91694768,0,CH1,21,42,30.5,9
P4,N,NA,28APR2016,12:40:56,-9999,2,10,8.8,-9999,303.40292697,171.62874818,405.7426216,0,CH1,21,42,30.5,9
P4,N,P,09MAY2016,13:10:52,-9999,1,12,-9999,-9999,74.330240015,4.1627377132,431.68389124,20,CH1,-9999,-9999,-9999,-9999
P4,N,S,09MAY2016,13:10:52,-9999,1,12,-9999,-9999,86.537923712,5.2950649933,411.93302771,20,CH1,-9999,-9999,-9999,-9999
P4,N,S,09MAY2016,13:10:52,-9999,2,12,-9999,-9999,88.58193549,5.5600621918,429.70072074,20,CH1,-9999,-9999,-9999,-9999
P4,N,S,09MAY2016,13:10:52,-9999,3,12,-9999,-9999,86.613746815,5.5542082103,437.20645983,20,CH1,-9999,-9999,-9999,-9999
P4,N,NA,09MAY2016,13:10:52,-9999,1,10,16.3,-9999,226.11550231,332.39789236,618.0644168,0,CH1,17,34,40.6,5.04
P4,N,NA,09MAY2016,13:10:52,-9999,2,10,16.3,-9999,225.99484206,331.75374532,621.91784883,0,CH1,17,34,40.6,5.04
P4,N,P,13JUN2016,10:58:41,-9999,1,12,-9999,-9999,117.25547173,4.061442986,1327.5745231,20,CH1,-9999,-9999,-9999,-9999
P4,N,S,13JUN2016,10:58:41,-9999,1,12,-9999,-9999,148.97643754,4.239639124,1169.1399018,20,CH1,-9999,-9999,-9999,-9999
P4,N,P,13JUN2016,10:58:41,-9999,2,12,-9999,-9999,113.93425306,4.2838969884,1295.4720659,20,CH1,-9999,-9999,-9999,-9999
P4,N,P,13JUN2016,10:58:41,-9999,3,12,-9999,-9999,112.47258704,4.2241806355,1250.6106507,20,CH1,-9999,-9999,-9999,-9999
P4,N,NA,13JUN2016,10:58:41,-9999,1,10,20.5,-9999,267.40857774,332.48991035,1812.6498228,0,CH1,23,46,31.6,1.8
P4,N,NA,13JUN2016,10:58:41,-9999,2,10,20.5,-9999,240.5694921,332.6778898,1762.4293266,0,CH1,23,46,31.6,1.8
P4,N,P,27JUN2016,13:31:46,-9999,1,12,-9999,-9999,114.72701208,3.005123006,498.46075953,20,CH1,-9999,-9999,-9999,-9999
P4,N,P,27JUN2016,13:31:46,-9999,2,12,-9999,-9999,103.66852636,2.8786928216,460.56535615,20,CH1,-9999,-9999,-9999,-9999
P4,N,NA,27JUN2016,13:31:46,-9999,1,10,22.4,-9999,283.07883161,153.67574853,527.6874737,0,CH1,34,68,62.2,14.76
P4,N,NA,27JUN2016,13:31:46,-9999,2,10,22.4,-9999,284.48820885,152.38477108,514.44866273,0,CH1,34,68,62.2,14.76
P4,N,P,18JUL2016,11:33:47,-9999,1,12,-9999,-9999,109.30537555,9.1044109751,707.57715761,20,CH1,-9999,-9999,-9999,-9999
P4,N,S,18JUL2016,11:33:47,-9999,1,12,-9999,-9999,102.03414805,8.7985346226,704.13183173,20,CH1,-9999,-9999,-9999,-9999
P4,N,P,18JUL2016,11:33:47,-9999,2,12,-9999,-9999,103.46251187,7.9270744847,764.53820998,20,CH1,-9999,-9999,-9999,-9999
P4,N,S,18JUL2016,11:33:47,-9999,2,12,-9999,-9999,97.540643771,8.1171510562,1319.597632,20,CH1,-9999,-9999,-9999,-9999
P4,N,P,18JUL2016,11:33:47,-9999,3,12,-9999,-9999,101.66902899,8.7555597791,744.78079845,20,CH1,-9999,-9999,-9999,-9999
P4,N,S,18JUL2016,11:33:47,-9999,3,12,-9999,-9999,96.141864232,8.5196627325,748.08047332,20,CH1,-9999,-9999,-9999,-9999
P4,N,NA,18JUL2016,11:33:47,-9999,1,10,22.4,-9999,222.4486832,553.87268557,662.49423654,0,CH1,33.5,67,54.4,5.76
P4,N,NA,18JUL2016,11:33:47,-9999,2,10,22.4,-9999,222.90420394,552.52207916,658.4324962,0,CH1,33.5,67,54.4,5.76
P4,N,P,03AUG2016,12:44:00,-9999,1,12,-9999,-9999,95.372905549,11.454784068,823.7743311,20,CH1,-9999,-9999,-9999,-9999
P4,N,S,03AUG2016,12:44:00,-9999,1,12,-9999,-9999,95.055943245,10.811035811,771.50990474,20,CH1,-9999,-9999,-9999,-9999
P4,N,S,03AUG2016,12:44:00,-9999,2,12,-9999,-9999,94.441360839,11.64109855,852.40596576,20,CH1,-9999,-9999,-9999,-9999
P4,N,P,03AUG2016,12:44:00,-9999,2,12,-9999,-9999,92.416125269,10.230265457,734.36215156,20,CH1,-9999,-9999,-9999,-9999
P4,N,S,03AUG2016,12:44:00,-9999,3,12,-9999,-9999,88.923225834,10.805098892,853.92503076,20,CH1,-9999,-9999,-9999,-9999
P4,N,P,03AUG2016,12:44:00,-9999,3,12,-9999,-9999,99.540925765,10.371703817,773.36606016,20,CH1,-9999,-9999,-9999,-9999
P4,N,NA,03AUG2016,12:44:00,-9999,1,10,26,-9999,199.15699331,1019.1358659,813.44866911,0,CH1,32.5,65,87.3,15.48
P4,N,NA,03AUG2016,12:44:00,-9999,2,10,26,-9999,202.04774205,1048.0572168,822.27114826,0,CH1,32.5,65,87.3,15.48
P4,N,P,09AUG2016,11:36:49,-9999,1,12,-9999,-9999,111.71845359,5.0093549225,566.62574697,20,CH1,-9999,-9999,-9999,-9999
P4,N,S,09AUG2016,11:36:49,-9999,1,12,-9999,-9999,116.14098725,4.4904565118,576.24915425,20,CH1,-9999,-9999,-9999,-9999
P4,N,P,09AUG2016,11:36:49,-9999,2,12,-9999,-9999,97.961720905,4.5649776325,1025.0041736,20,CH1,-9999,-9999,-9999,-9999
P4,N,S,09AUG2016,11:36:49,-9999,2,12,-9999,-9999,103.05629097,4.4665708029,526.69878716,20,CH1,-9999,-9999,-9999,-9999
P4,N,P,09AUG2016,11:36:49,-9999,3,12,-9999,-9999,110.91075159,4.3984077486,639.89939112,20,CH1,-9999,-9999,-9999,-9999
P4,N,S,09AUG2016,11:36:49,-9999,3,12,-9999,-9999,92.998774156,4.763051449,458.6355719,20,CH1,-9999,-9999,-9999,-9999
P4,N,NA,09AUG2016,11:36:49,-9999,1,10,24.8,-9999,241.32436554,340.85676523,600.8699182,0,CH1,32,64,66.4,21.96
P4,N,NA,09AUG2016,11:36:49,-9999,2,10,24.8,-9999,241.07057239,342.24399221,605.61316392,0,CH1,32,64,66.4,21.96
P4,N,S,22AUG2016,12:34:48,-9999,1,12,-9999,-9999,113.83857457,6.0073617972,678.3897004,20,CH1,-9999,-9999,-9999,-9999
P4,N,P,22AUG2016,12:34:48,-9999,1,12,-9999,-9999,125.91240263,3.6352186166,550.09834443,20,CH1,-9999,-9999,-9999,-9999
P4,N,S,22AUG2016,12:34:48,-9999,2,12,-9999,-9999,103.16679682,2.9983473694,577.74115657,20,CH1,-9999,-9999,-9999,-9999
P4,N,P,22AUG2016,12:34:48,-9999,2,12,-9999,-9999,104.08312452,3.2469123423,554.82125791,20,CH1,-9999,-9999,-9999,-9999
P4,N,P,22AUG2016,12:34:48,-9999,3,12,-9999,-9999,104.55303487,3.0274024915,576.31988752,20,CH1,-9999,-9999,-9999,-9999
P4,N,S,22AUG2016,12:34:48,-9999,3,12,-9999,-9999,103.74734917,3.4522671336,519.98014456,20,CH1,-9999,-9999,-9999,-9999
P4,N,NA,22AUG2016,12:34:48,-9999,1,10,21.6,-9999,253.61801791,188.81290829,549.61592058,0,CH1,35,70,62.6,6.48
P4,N,NA,22AUG2016,12:34:48,-9999,2,10,21.6,-9999,247.22718435,189.96732257,539.1247367,0,CH1,35,70,62.6,6.48
P4,N,P,06SEP2016,12:22:10,-9999,1,12,-9999,-9999,134.93049612,3.6789145452,616.63926791,20,CH1,-9999,-9999,-9999,-9999
P4,N,S,06SEP2016,12:22:10,-9999,1,12,-9999,-9999,124.36919778,3.4530167687,525.38397948,20,CH1,-9999,-9999,-9999,-9999
P4,N,S,06SEP2016,12:22:10,-9999,2,12,-9999,-9999,115.40981272,3.3567192194,636.47420789,20,CH1,-9999,-9999,-9999,-9999
P4,N,P,06SEP2016,12:22:10,-9999,2,12,-9999,-9999,140.03536867,3.8292615863,661.96176372,20,CH1,-9999,-9999,-9999,-9999
P4,N,P,06SEP2016,12:22:10,-9999,3,12,-9999,-9999,128.24027857,3.6792378721,1024.2297182,20,CH1,-9999,-9999,-9999,-9999
P4,N,S,06SEP2016,12:22:10,-9999,3,12,-9999,-9999,124.91129396,3.3978356325,596.58389551,20,CH1,-9999,-9999,-9999,-9999
P4,N,NA,06SEP2016,12:22:10,-9999,1,10,19,-9999,267.72551879,179.87144489,458.77021338,0,CH1,27.5,55,70.2,4.32
P4,N,NA,06SEP2016,12:22:10,-9999,2,10,19,-9999,272.74365861,179.95964848,455.77018546,0,CH1,27.5,55,70.2,4.32
P4,N,S,19SEP2016,12:32:04,-9999,1,12,-9999,-9999,130.69385579,5.7080610946,825.503867,20,CH1,-9999,-9999,-9999,-9999
P4,N,P,19SEP2016,12:32:04,-9999,1,12,-9999,-9999,119.20717636,5.3105597672,660.74827128,20,CH1,-9999,-9999,-9999,-9999
P4,N,P,19SEP2016,12:32:04,-9999,2,12,-9999,-9999,117.0277871,5.939819819,660.41182756,20,CH1,-9999,-9999,-9999,-9999
P4,N,S,19SEP2016,12:32:04,-9999,2,12,-9999,-9999,114.30108099,5.9614830471,671.75333007,20,CH1,-9999,-9999,-9999,-9999
P4,N,P,19SEP2016,12:32:04,-9999,3,12,-9999,-9999,109.07572915,5.8931439361,683.76711518,20,CH1,-9999,-9999,-9999,-9999
P4,N,S,19SEP2016,12:32:04,-9999,3,12,-9999,-9999,117.21908714,5.6408564668,706.44625233,20,CH1,-9999,-9999,-9999,-9999
P4,N,NA,19SEP2016,12:32:04,-9999,1,10,16.7,-9999,243.04698004,297.72373395,542.52625944,0,CH1,32,64,37.4,20.52
P4,N,NA,19SEP2016,12:32:04,-9999,2,10,16.7,-9999,244.96528012,289.45082266,554.18877927,0,CH1,32,64,37.4,20.52
P4,N,NA,03OCT2016,12:34:54,-9999,1,10,16.1,-9999,298.63671734,112.40716259,583.47724334,0,CH1,32.5,65,-9999,-9999
P4,N,NA,03OCT2016,12:34:54,-9999,2,10,16.1,-9999,293.19539261,111.9553689,572.49403371,0,CH1,32.5,65,-9999,-9999
P4,N,NA,17OCT2016,12:49:50,-9999,1,10,9.8,-9999,307.98715213,70.125142572,536.06785502,0,CH1,29,58,-9999,-9999
P4,N,NA,17OCT2016,12:49:50,-9999,2,10,9.8,-9999,312.72387301,69.471951694,533.28929537,0,CH1,29,58,-9999,-9999
P4,N,NA,31OCT2016,12:52:56,-9999,1,10,7,-9999,419.65589791,2.0620903542,718.55352563,0,CH1,30.5,61,-9999,-9999
P4,N,NA,31OCT2016,12:52:56,-9999,2,10,7,-9999,313.11209665,41.315706014,588.61882077,0,CH1,30.5,61,-9999,-9999
P4,N,NA,14NOV2016,13:57:03,-9999,1,10,6.7,-9999,300.15726999,35.630660075,436.40223849,0,CH1,29,58,-9999,-9999
P4,N,NA,14NOV2016,13:57:03,-9999,2,10,6.7,-9999,297.89584405,35.902828357,440.14817647,0,CH1,29,58,-9999,-9999
P6,N,NA,17NOV2010,14:37:25,-9999,1,10,1.6,0.975,233.96072026,39.799553727,770.93915312,0,WS1,30,160,-9999,-9999
P6,N,NA,17NOV2010,15:07:50,-9999,2,10,1.3,0.933,221.27318965,168.51124155,557.65592861,0,WS2,30,157,-9999,-9999
P6,N,NA,17NOV2010,15:37:42,-9999,3,10,1.4,0.966,218.27078105,224.01449234,481.16169667,0,WS3,30,160,-9999,-9999
P6,N,NA,20JAN2011,14:51:00,-9999,1,10,0.9,1.182,190.59457781,16884.747765,4947.0987694,0,WS1,30,170,-9999,-9999
P6,N,NA,23NOV2011,14:32:09,-9999,1,10,1,0.98,223.9538523,390.82131473,435.07193209,0,WS1,30,181,-9999,-9999
P6,N,NA,23NOV2011,14:33:34,-9999,2,10,1.9,0.989,268.31976051,319.47551152,499.42519126,0,WS1,100,192,-9999,-9999
P6,N,NA,23NOV2011,15:40:04,-9999,3,10,0.6,0.999,215.47884957,273.14070394,417.03439684,0,WS2,30,193,-9999,-9999
P6,N,NA,23NOV2011,15:41:00,-9999,4,10,2.6,0.982,233.27621493,314.85960135,468.4740013,0,WS2,100,208,-9999,-9999
P6,N,NA,23NOV2011,16:43:35,-9999,5,10,0.8,0.885,217.68809942,263.43730857,383.66278427,0,WS3,30,205,-9999,-9999
P6,N,NA,23NOV2011,16:44:43,-9999,6,10,1.8,0.983,249.49197839,291.85087403,440.31440511,0,WS3,100,205,-9999,-9999
P6,N,NA,13DEC2011,13:07:59,-9999,1,10,1,0.966,242.4051558,383.26223939,690.69180376,0,WS2,30,181,-9999,-9999
P6,N,NA,13DEC2011,13:09:06,-9999,2,10,1.9,0.999,236.55610827,361.70416346,681.3128071,0,WS2,100,192,-9999,-9999
P6,N,NA,13DEC2011,14:49:27,-9999,3,10,0.6,0.992,252.19590529,613.05339915,728.49177946,0,WS1,30,193,-9999,-9999
P6,N,NA,13DEC2011,14:50:59,-9999,4,10,2.6,1.006,215.01941383,1047.7351541,728.25891286,0,WS1,100,208,-9999,-9999
P6,N,NA,13DEC2011,16:30:20,-9999,5,10,0.8,0.956,176.77436157,927.8956663,676.57070755,0,WS3,30,205,-9999,-9999
P6,N,NA,13DEC2011,16:32:34,-9999,6,10,1.8,1.011,199.10125337,1404.366265,776.52490988,0,WS3,100,205,-9999,-9999
P6,N,NA,24JAN2012,14:24:04,-9999,1,10,1.2,1.059,125.45544469,975.62641541,913.63341487,0,WS1,30,204,-9999,-9999
P6,N,NA,24JAN2012,14:25:01,-9999,2,10,2.1,1.088,115.2343895,1726.9215907,991.42341349,0,WS1,100,204,-9999,-9999
P6,N,NA,24JAN2012,16:17:52,-9999,3,10,1.2,1.063,122.29917123,923.92677903,985.0434494,0,WS2,30,180,-9999,-9999
P6,N,NA,24JAN2012,16:18:45,-9999,4,10,1.8,1.082,119.04177444,1099.1073742,990.8989975,0,WS2,100,180,-9999,-9999
P6,N,NA,24JAN2012,12:30:45,-9999,5,10,0.7,1.075,113.9939966,968.1341948,833.59787389,0,WS3,30,204,-9999,-9999
P6,N,NA,24JAN2012,12:49:07,-9999,6,10,2,1.081,116.36384589,1132.315964,1034.1355775,0,WS3,100,204,-9999,-9999
P6,N,NA,09FEB2012,12:18:13,-9999,1,10,1,1.028,105.82091097,764.90150281,1124.1532628,0,WS1,30,207,-9999,-9999
P6,N,NA,09FEB2012,12:28:25,-9999,2,10,4.2,1.16,100.53675092,754.48419926,1157.448847,0,WS1,100,207,-9999,-9999
P6,N,NA,09FEB2012,16:12:36,-9999,3,10,0.5,1.042,108.10086797,718.36541319,1093.2284751,0,WS2,30,182,-9999,-9999
P6,N,NA,09FEB2012,16:13:57,-9999,4,10,4.3,1.168,105.50675988,611.52361347,1196.3620025,0,WS2,100,182,-9999,-9999
P6,N,NA,09FEB2012,14:12:17,-9999,5,10,0.9,1.051,117.15875858,677.38043546,1057.4373891,0,WS3,30,206,-9999,-9999
P6,N,NA,09FEB2012,14:13:27,-9999,6,10,4.3,1.173,105.52127066,668.8117008,1183.3990622,0,WS3,100,206,-9999,-9999
P6,Y,NA,08NOV2012,16:26:40,-9999,1,10,3,2.029,402.31851878,266.67621969,564.95523823,0,WS1,30,147,-9999,-9999
P6,Y,NA,08NOV2012,16:25:25,-9999,2,10,3.1,2.027,418.05753453,298.77435857,578.03628141,0,WS1,100,147,-9999,-9999
P6,Y,NA,08NOV2012,13:37:14,-9999,3,10,3.1,2.024,421.44341883,309.7472674,596.58247695,0,WS2,30,150,-9999,-9999
P6,Y,NA,08NOV2012,13:32:09,-9999,4,10,3.1,2.026,431.25936767,307.92349929,578.57892021,0,WS2,100,150,-9999,-9999
P6,Y,NA,08NOV2012,15:08:10,-9999,5,10,3.1,2.027,420.61964229,326.02388002,584.7820607,0,WS3,30,179,-9999,-9999
P6,Y,NA,08NOV2012,15:06:29,-9999,6,10,3.1,2.027,440.81971374,360.08783205,596.26325825,0,WS3,100,179,-9999,-9999
P6,N,NA,13DEC2012,14:46:59,-9999,1,10,1.4,1.285,683.47979421,975.50143222,959.7065847,0,CH1,30,143,-9999,-9999
P6,Y,NA,13DEC2012,14:42:27,-9999,2,10,2,2.324,743.64077896,1006.4224889,1121.6077161,0,CH1,100,143,-9999,-9999
P6,Y,NA,13DEC2012,12:59:55,-9999,3,10,2.1,2.339,754.15942734,993.94070315,1059.3244916,0,CH1,30,117,-9999,-9999
P6,N,NA,13DEC2012,13:02:00,-9999,4,10,1.8,1.301,783.08747593,1017.9227183,1129.9161395,0,CH1,100,117,-9999,-9999
P6,N,NA,13DEC2012,13:55:40,-9999,5,10,1.2,1.273,742.9944917,1028.428362,1095.9008135,0,CH1,30,149,-9999,-9999
P6,N,NA,13DEC2012,13:57:04,-9999,6,10,1.8,1.296,750.15446051,1038.8068598,1129.1406153,0,CH1,100,149,-9999,-9999
P6,N,NA,10JAN2013,14:04:43,-9999,1,10,0.5,1.412,-9999,-9999,-9999,0,CH1,30,144,-9999,-9999
P6,Y,NA,10JAN2013,14:05:58,-9999,2,10,2.1,2.614,661.84415088,353.49205232,1077.030057,0,CH1,100,144,-9999,-9999
P6,N,NA,10JAN2013,14:59:18,-9999,3,10,0.5,1.41,531.20802491,69.817527075,976.24182523,0,CH1,30,122,-9999,-9999
P6,Y,NA,10JAN2013,14:57:46,-9999,4,10,2,2.62,555.84982877,185.30831451,1183.6621772,0,CH1,100,122,-9999,-9999
P6,N,NA,10JAN2013,13:27:20,-9999,5,10,0.6,1.417,574.89711161,170.40898461,829.05316153,0,CH1,30,145,-9999,-9999
P6,N,NA,10JAN2013,13:25:44,-9999,6,10,1.7,1.458,656.40512219,187.30728654,907.85432514,0,CH1,100,145,-9999,-9999
P6,N,NA,13FEB2013,17:35:59,-9999,1,10,0.1,1.565,468.36349291,111.24411125,1634.2007636,0,CH1,30,163,-9999,-9999
P6,N,NA,13FEB2013,17:37:12,-9999,2,10,0.6,1.584,499.86895299,150.25250348,2019.6827992,0,CH1,100,163,-9999,-9999
P6,N,NA,13FEB2013,15:06:47,-9999,3,10,0.1,1.563,439.63827249,25.787164931,1804.7020795,0,CH1,30,131,-9999,-9999
P6,N,NA,13FEB2013,15:08:02,-9999,4,10,0.8,1.594,432.13665587,107.86948619,2424.2641279,0,CH1,100,131,-9999,-9999
P6,N,NA,13FEB2013,16:06:55,-9999,5,10,0,1.567,455.23868804,122.65652398,1683.0141631,0,CH1,30,154,-9999,-9999
P6,N,NA,13FEB2013,16:05:47,-9999,6,10,0.3,1.582,469.16648913,133.57094963,1763.1704629,0,CH1,100,154,-9999,-9999
P6,N,NA,22MAR2013,12:32:25,-9999,1,10,0.2,1.665,90.374987487,6627.9907686,2802.8507239,0,CH1,30,158,-9999,-9999
P6,N,NA,22MAR2013,12:34:16,-9999,2,10,0.7,1.683,36.454683743,6005.5548305,2659.6977823,0,CH1,100,158,-9999,-9999
P6,N,NA,22MAR2013,13:27:42,-9999,3,10,0.2,1.672,63.139480922,5682.0161008,2737.462204,0,CH1,30,148,-9999,-9999
P6,N,NA,22MAR2013,13:30:58,-9999,4,10,0.4,1.676,34.774458841,5824.2672971,2712.19192,0,CH1,100,148,-9999,-9999
P6,N,NA,22MAR2013,11:48:11,-9999,5,10,0.1,1.679,46.559478884,6330.6498673,2664.0205517,0,CH1,30,150,-9999,-9999
P6,N,NA,22MAR2013,11:50:38,-9999,6,10,0.3,1.686,34.402650049,6486.2852408,2676.0552603,0,CH1,100,150,-9999,-9999
P6,N,NA,24APR2013,16:14:01,-9999,1,10,0.3,1.567,80.596087512,1875.7056393,1630.6992352,0,CH1,30,157,-9999,-9999
P6,N,NA,24APR2013,16:09:17,-9999,2,10,0.8,1.682,49.601154693,10851.65282,2981.6622777,0,CH1,100,157,-9999,-9999
P6,N,NA,24APR2013,17:14:16,-9999,3,10,0.3,1.578,55.35902561,5070.9432901,2053.3457085,0,CH1,30,142,-9999,-9999
P6,N,NA,24APR2013,17:38:10,-9999,4,10,0.9,1.66,44.871358935,14728.357605,3211.5742793,0,CH1,100,142,-9999,-9999
P6,N,NA,24APR2013,14:41:03,-9999,5,10,0.4,1.474,89.205619371,8864.5367462,1867.5907987,0,CH1,30,164,-9999,-9999
P6,Y,NA,24APR2013,14:43:08,-9999,6,10,2.3,3.138,44.162867536,15282.396442,3115.4135548,0,CH1,100,164,-9999,-9999
P6,N,NA,09MAY2013,14:31:06,-9999,1,10,12,-9999,273.88230912,383.31545868,368.6799864,0,CH1,37.5,75,-9999,-9999
P6,N,NA,09MAY2013,14:31:57,-9999,2,10,12,-9999,271.71132673,468.00512568,274.09972735,0,CH1,37.5,75,-9999,-9999
P6,N,NA,22MAY2013,12:03:07,-9999,1,10,11.4,-9999,281.38563537,151.05327984,687.26399199,0,CH1,55,110,-9999,-9999
P6,N,NA,22MAY2013,12:04:10,-9999,2,10,11.4,-9999,283.31075735,152.70571432,680.88700731,0,CH1,55,110,-9999,-9999
P6,N,NA,04JUN2013,14:28:11,-9999,1,10,13,-9999,284.18868791,201.04088652,628.05984108,0,CH1,63,126,-9999,-9999
P6,N,NA,04JUN2013,14:26:04,-9999,2,10,13,-9999,291.33902873,201.72788767,632.0203068,0,CH1,63,126,-9999,-9999
P6,N,NA,20JUN2013,13:29:30,-9999,1,10,23.8,-9999,278.9665089,755.82986023,1168.0328871,0,CH1,42.5,85,-9999,-9999
P6,N,NA,20JUN2013,13:34:14,-9999,2,10,23.8,-9999,275.0050358,747.96552164,1150.3976568,0,CH1,42.5,85,-9999,-9999
P6,N,NA,02JUL2013,14:58:45,-9999,1,10,29,-9999,297.35691886,861.82310093,985.73346992,0,CH1,44.5,89,-9999,-9999
P6,N,NA,02JUL2013,15:05:38,-9999,2,10,29,-9999,302.59780241,823.76992228,947.26606392,0,CH1,44.5,89,-9999,-9999
P6,N,NA,18JUL2013,11:30:20,-9999,1,10,26.4,-9999,225.9825108,2809.0376767,1081.995859,0,CH1,37.5,75,-9999,-9999
P6,N,NA,18JUL2013,11:37:27,-9999,2,10,26.4,-9999,229.09791736,2807.8729111,1080.5967661,0,CH1,37.5,75,-9999,-9999
P6,N,NA,29JUL2013,12:02:04,-9999,1,10,19.7,-9999,215.33308321,772.91191833,859.82542901,0,CH1,34,68,-9999,-9999
P6,N,NA,29JUL2013,12:09:04,-9999,2,10,19.7,-9999,214.78098356,770.46680017,859.60447189,0,CH1,34,68,-9999,-9999
P6,N,NA,15AUG2013,13:23:34,-9999,1,10,21.4,-9999,206.5422689,1316.0070855,848.08535903,0,CH1,31.5,63,-9999,-9999
P6,N,NA,15AUG2013,13:42:07,-9999,2,10,21.4,-9999,206.49814079,1321.9070936,860.95482708,0,CH1,31.5,63,-9999,-9999
P6,N,NA,28AUG2013,12:49:00,-9999,1,10,25.8,-9999,209.13999211,3269.0691635,1131.173162,0,CH1,30,60,-9999,-9999
P6,N,NA,28AUG2013,12:50:00,-9999,2,10,25.8,-9999,211.87218589,3261.9935978,1122.7286427,0,CH1,30,60,-9999,-9999
P6,N,NA,12SEP2013,13:02:40,-9999,1,10,20.4,-9999,233.8540342,1990.1958872,751.18654688,0,CH1,31,62,-9999,-9999
P6,N,NA,12SEP2013,13:03:23,-9999,2,10,20.4,-9999,232.52332143,2014.8371775,718.41735507,0,CH1,31,62,-9999,-9999
P6,N,NA,26SEP2013,12:40:15,-9999,1,10,16.8,-9999,247.85269045,818.36398134,556.39056014,0,CH1,29.5,59,-9999,-9999
P6,N,NA,26SEP2013,12:41:03,-9999,2,10,16.8,-9999,247.38701929,815.66686474,555.27081885,0,CH1,29.5,59,-9999,-9999
P6,N,NA,24OCT2013,11:54:38,-9999,1,10,3.5,-9999,262.32944646,307.93863953,253.61710961,0,CH1,38,76,-9999,-9999
P6,N,NA,24OCT2013,12:12:30,-9999,2,10,3.5,-9999,262.30498214,283.79698447,249.75722907,0,CH1,38,76,-9999,-9999
P6,N,NA,18DEC2013,13:31:08,-9999,1,10,0.6,1.246,200.58129925,1180.304838,623.81878938,0,CH1,30,181,-9999,-9999
P6,N,NA,18DEC2013,13:32:16,-9999,2,10,0.7,1.235,193.95443718,1199.9327205,543.46468791,0,CH1,100,181,-9999,-9999
P6,N,NA,18DEC2013,14:16:51,-9999,3,10,1.1,1.255,175.35035677,2339.4265462,553.23370055,0,CH1,30,164,-9999,-9999
P6,N,NA,18DEC2013,14:18:01,-9999,4,10,1.6,1.252,149.88829768,2529.9474821,646.5931853,0,CH1,100,164,-9999,-9999
P6,N,NA,18DEC2013,15:03:36,-9999,5,10,1,1.278,191.07485902,1246.7505843,532.88865097,0,CH1,30,182,-9999,-9999
P6,N,NA,18DEC2013,15:04:13,-9999,6,10,0.7,1.24,201.44820523,1235.4024203,560.959497,0,CH1,100,182,-9999,-9999
P6,N,NA,15JAN2014,15:14:40,-9999,1,10,0.5,1.351,109.83178265,6.3814615646,736.0437714,0,CH1,30,178,-9999,-9999
P6,N,NA,15JAN2014,15:15:29,-9999,2,10,0.5,1.31,106.13845484,12.221181065,981.74042722,0,CH1,100,178,-9999,-9999
P6,N,NA,15JAN2014,15:56:36,-9999,3,10,0.3,1.319,113.7943653,38.280614852,663.91311955,0,CH1,30,158,-9999,-9999
P6,N,NA,15JAN2014,15:57:20,-9999,4,10,0.4,1.309,110.16201675,106.29313179,913.87287332,0,CH1,100,158,-9999,-9999
P6,N,NA,15JAN2014,14:39:07,-9999,5,10,0.5,1.297,128.92215541,9.853496391,585.34787441,0,CH1,30,180,-9999,-9999
P6,N,NA,15JAN2014,14:39:58,-9999,6,10,0.7,1.292,125.51747484,13.04248249,809.09768565,0,CH1,100,180,-9999,-9999
P6,N,NA,27MAR2014,13:30:41,-9999,1,10,0.3,0.379,337.06396213,2.067821887,438.33309103,0,CH1,30,187,-9999,-9999
P6,Y,NA,27MAR2014,13:31:30,-9999,2,10,2,2.745,295.36496897,2.0282722889,433.94281524,0,CH1,100,187,-9999,-9999
P6,N,NA,27MAR2014,12:03:46,-9999,3,10,0.1,0.482,320.31253645,2.0603489868,430.76477094,0,CH1,30,167,-9999,-9999
P6,N,NA,27MAR2014,12:02:53,-9999,4,10,1,1.312,296.52974093,2.0461623591,428.96852647,0,CH1,100,167,-9999,-9999
P6,N,NA,27MAR2014,11:13:10,-9999,5,10,0.2,0.1134,306.48426029,2.0493112756,428.03976121,0,CH1,30,184,-9999,-9999
P6,Y,NA,27MAR2014,11:11:55,-9999,6,10,2.6,2.644,291.35528914,1.9557481885,425.17012491,0,CH1,100,184,-9999,-9999
P6,N,NA,23APR2014,11:47:15,-9999,1,10,10.2,-9999,293.32163989,144.02426453,411.69464315,0,CH1,3.95,7.9,-9999,-9999
P6,N,NA,23APR2014,11:47:15,-9999,2,10,10.2,-9999,286.02654689,142.70796283,340.35873691,0,CH1,3.95,7.9,-9999,-9999
P6,N,NA,06MAY2014,11:18:59,-9999,1,10,9.7,-9999,280.260843,943.90904672,380.76179911,0,CH1,54.5,109,-9999,-9999
P6,N,NA,06MAY2014,11:18:59,-9999,2,10,9.7,-9999,271.81886958,944.03574758,284.00896548,0,CH1,54.5,109,-9999,-9999
P6,N,NA,21MAY2014,14:22:28,-9999,1,10,16.1,-9999,297.12983751,304.33794315,612.34370647,0,CH1,46.5,93,-9999,-9999
P6,N,NA,21MAY2014,14:22:28,-9999,2,10,16.1,-9999,281.00878367,6.4177585609,501.91522337,0,CH1,46.5,93,-9999,-9999
P6,N,NA,04JUN2014,14:19:41,-9999,1,10,-9999,-9999,569.95573596,1417.1619633,169.80600128,0,CH1,-9999,-9999,-9999,-9999
P6,N,NA,04JUN2014,14:19:41,-9999,2,10,-9999,-9999,515.5545645,1604.5231698,644.21525592,0,CH1,-9999,-9999,-9999,-9999
P6,N,NA,18JUN2014,13:41:08,-9999,1,10,20.4,-9999,250.56050894,646.17326179,96.053019067,0,CH1,43,86,-9999,-9999
P6,N,NA,18JUN2014,13:41:08,-9999,2,10,20.4,-9999,242.68050404,659.97031923,116.66133858,0,CH1,43,86,-9999,-9999
P6,N,NA,02JUL2014,11:55:42,-9999,1,10,17.8,-9999,523.79995553,311.5615597,1360.9018458,0,CH1,45,90,-9999,-9999
P6,N,NA,02JUL2014,11:55:42,-9999,2,10,17.8,-9999,455.00544333,296.95644962,1294.3287586,0,CH1,45,90,-9999,-9999
P6,N,NA,16JUL2014,10:47:48,-9999,1,10,21.6,-9999,387.21217153,382.84619433,2072.7476946,0,CH1,41.5,83,-9999,-9999
P6,N,NA,16JUL2014,10:47:48,-9999,2,10,21.6,-9999,389.55813745,359.56903497,2101.9588542,0,CH1,41.5,83,-9999,-9999
P6,N,NA,30JUL2014,10:30:24,-9999,1,10,22.7,-9999,302.36916375,316.02965489,329.80959902,0,CH1,43.5,87,-9999,-9999
P6,N,NA,30JUL2014,10:30:24,-9999,2,10,22.7,-9999,314.28253029,331.54955071,1167.8579621,0,CH1,43.5,87,-9999,-9999
P6,N,NA,13AUG2014,11:05:58,-9999,1,10,23,-9999,312.6655855,614.61943955,1579.1228002,0,CH1,36.5,73,-9999,-9999
P6,N,NA,13AUG2014,11:05:58,-9999,2,10,23,-9999,294.99955727,614.57575753,806.31475903,0,CH1,36.5,73,-9999,-9999
P6,N,NA,27AUG2014,12:45:38,-9999,1,10,18.3,-9999,305.40483047,245.04913556,247.10698333,0,CH1,45.5,91,-9999,-9999
P6,N,NA,27AUG2014,12:45:38,-9999,2,10,18.3,-9999,298.12887649,208.66370996,331.71034626,0,CH1,45.5,91,-9999,-9999
P6,N,NA,10SEP2014,10:35:59,-9999,1,10,13.6,-9999,240.8266356,416.50769354,330.94099472,0,CH1,41,82,-9999,-9999
P6,N,NA,10SEP2014,10:35:59,-9999,2,10,13.6,-9999,242.96146325,418.06133491,275.32330258,0,CH1,41,82,-9999,-9999
P6,N,NA,24SEP2014,10:30:14,-9999,1,10,16.6,-9999,329.59836073,374.68702053,587.94285822,0,CH1,41,82,-9999,-9999
P6,N,NA,24SEP2014,10:30:14,-9999,2,10,16.6,-9999,330.48607028,380.3189712,589.52353873,0,CH1,41,82,-9999,-9999
P6,N,NA,08OCT2014,13:06:05,-9999,1,10,8.4,-9999,308.58084883,110.62030472,471.50734977,0,CH1,38,76,-9999,-9999
P6,N,NA,08OCT2014,13:06:05,-9999,2,10,8.4,-9999,305.99941398,108.35742974,462.65276937,0,CH1,38,76,-9999,-9999
P6,N,NA,22OCT2014,9:53:30,-9999,1,10,10.5,-9999,295.4112754,208.7035202,514.40977559,0,CH1,40.5,81,-9999,-9999
P6,N,NA,22OCT2014,9:53:30,-9999,2,10,10.5,-9999,298.66228804,185.38948259,503.84282818,0,CH1,40.5,81,-9999,-9999
P6,N,NA,05NOV2014,13:06:39,-9999,1,10,3.8,-9999,297.23106682,115.08983596,403.80051449,0,CH1,30.5,61,-9999,-9999
P6,N,NA,05NOV2014,13:06:39,-9999,2,10,3.8,-9999,296.91273754,115.31701221,402.99410831,0,CH1,30.5,61,-9999,-9999
P6,N,NA,18DEC2014,14:19:15,-9999,1,10,0.1,1.22,219.63858386,249.65765839,786.28039901,0,CH1,30,183,-9999,-9999
P6,N,NA,18DEC2014,14:19:22,-9999,2,10,0.8,1.282,217.05068426,250.26336196,752.95988434,0,CH1,100,183,-9999,-9999
P6,N,NA,18DEC2014,13:02:45,-9999,3,10,0.9,1.271,215.22691891,130.84775652,776.82401618,0,CH1,30,173,-9999,-9999
P6,N,NA,18DEC2014,13:06:02,-9999,4,10,1.8,1.315,201.59463018,266.30384256,833.02267831,0,CH1,100,173,-9999,-9999
P6,N,NA,18DEC2014,15:01:47,-9999,5,10,0.5,1.273,201.8150253,230.84036332,725.86553785,0,CH1,30,182,-9999,-9999
P6,N,NA,18DEC2014,15:02:22,-9999,6,10,1.4,1.308,205.06976094,249.5032833,772.14942424,0,CH1,100,182,-9999,-9999
P6,N,NA,12FEB2015,11:59:00,-9999,1,10,-0.1,1.362,154.54824872,10.932879703,1195.2881967,0,CH1,30,187,-9999,-9999
P6,N,NA,12FEB2015,11:59:20,-9999,2,10,0.8,1.444,136.60995763,64.169009647,1277.5897002,0,CH1,100,187,-9999,-9999
P6,N,NA,12FEB2015,13:22:03,-9999,3,10,0,1.456,75.599211223,133.32991224,1277.5261351,0,CH1,30,169,-9999,-9999
P6,N,NA,12FEB2015,13:22:07,-9999,4,10,0.5,1.461,78.208155459,175.99497078,1330.3378236,0,CH1,100,169,-9999,-9999
P6,N,NA,12FEB2015,14:25:49,-9999,5,10,0,1.463,165.1600529,28.482013387,1068.9498434,0,CH1,30,187,-9999,-9999
P6,N,NA,12FEB2015,14:25:37,-9999,6,10,0,1.456,156.51555279,32.802556815,1153.9351885,0,CH1,100,187,-9999,-9999
P6,N,NA,21APR2015,10:58:28,-9999,1,10,6,-9999,253.16466197,56.545764388,317.97030346,0,CH1,39.5,79,-9999,-9999
P6,N,NA,21APR2015,10:58:28,-9999,2,10,6,-9999,253.84407494,56.461251419,318.07223693,0,CH1,39.5,79,-9999,-9999
P6,N,NA,06MAY2015,14:14:09,-9999,1,10,15.6,-9999,265.92754905,330.31198802,679.38418614,0,CH1,41,82,-9999,-9999
P6,N,NA,06MAY2015,14:14:09,-9999,2,10,15.6,-9999,267.18355013,328.37331385,655.76388407,0,CH1,41,82,-9999,-9999
P6,N,NA,20MAY2015,11:18:29,-9999,1,10,13.9,-9999,327.8547751,181.37405846,477.48208553,0,CH1,46,92,-9999,-9999
P6,N,NA,20MAY2015,11:18:29,-9999,2,10,13.9,-9999,318.48991233,181.54913749,472.05580252,0,CH1,46,92,-9999,-9999
P6,N,NA,03JUN2015,12:58:38,-9999,1,10,17.6,-9999,290.75997441,335.63511408,612.42197165,0,CH1,33.5,67,-9999,-9999
P6,N,NA,03JUN2015,13:42:00,-9999,2,10,17.6,-9999,290.00699621,329.1807509,579.87676862,0,CH1,33.5,67,-9999,-9999
P6,N,NA,17JUN2015,13:44:46,-9999,1,10,19.8,-9999,416.56794601,2035.5735544,939.93647574,0,CH1,41.5,83,-9999,-9999
P6,N,NA,17JUN2015,13:44:46,-9999,2,10,19.8,-9999,393.30991501,1985.5219556,931.62872781,0,CH1,41.5,83,-9999,-9999
P6,N,NA,29JUN2015,12:49:51,-9999,1,10,25.4,-9999,308.84330426,2436.9529147,1117.7356724,0,CH1,41,82,-9999,-9999
P6,N,NA,29JUN2015,12:49:51,-9999,2,10,25.4,-9999,306.82603161,2397.3330777,1098.5761836,0,CH1,41,82,-9999,-9999
P6,N,NA,15JUL2015,14:31:03,-9999,1,10,26,-9999,422.75605784,4363.8116904,1849.1937853,0,CH1,45,90,-9999,-9999
P6,N,NA,15JUL2015,14:31:03,-9999,2,10,26,-9999,405.71372639,4214.871879,1809.7851397,0,CH1,45,90,-9999,-9999
P6,N,NA,29JUL2015,12:11:25,-9999,1,10,19.5,-9999,288.08284064,440.49293691,778.79874014,0,CH1,26,52,-9999,-9999
P6,N,NA,29JUL2015,12:11:25,-9999,2,10,19.5,-9999,314.01557719,567.75428146,807.9936936,0,CH1,26,52,-9999,-9999
P6,N,NA,12AUG2015,10:25:08,-9999,1,10,24,-9999,367.90893263,3091.2658334,1054.8385873,0,CH1,35.5,71,-9999,-9999
P6,N,NA,12AUG2015,10:25:08,-9999,2,10,24,-9999,391.22546107,2841.2827416,1048.9201161,0,CH1,35.5,71,-9999,-9999
P6,N,NA,26AUG2015,12:30:35,-9999,1,10,19.1,-9999,279.53186557,575.25063584,887.90950887,0,CH1,36,72,-9999,-9999
P6,N,NA,26AUG2015,12:30:35,-9999,2,10,19.1,-9999,280.82607863,570.41645298,901.96786066,0,CH1,36,72,-9999,-9999
P6,N,NA,09SEP2015,12:39:03,-9999,1,10,19.4,-9999,216.54680387,987.00423366,747.90595203,0,CH1,33,66,-9999,-9999
P6,N,NA,09SEP2015,12:39:03,-9999,2,10,19.4,-9999,216.08512718,1006.5647027,743.16617581,0,CH1,33,66,-9999,-9999
P6,N,NA,23SEP2015,10:31:01,-9999,1,10,15.6,-9999,230.56964428,515.37732249,582.3831971,0,CH1,29.5,59,-9999,-9999
P6,N,NA,04OCT2015,13:04:14,-9999,1,10,9.7,-9999,247.65299577,593.6431983,523.3679435,0,CH1,29,58,-9999,-9999
P6,N,NA,04OCT2015,13:04:14,-9999,2,10,9.7,-9999,248.45793365,587.91989758,527.36553957,0,CH1,29,58,-9999,-9999
P6,N,NA,19OCT2015,13:00:17,-9999,1,10,11,-9999,282.06990815,175.63417855,594.77009503,0,CH1,27.5,55,-9999,-9999
P6,N,NA,19OCT2015,13:00:17,-9999,2,10,11,-9999,282.0424915,175.77038112,597.32141604,0,CH1,27.5,55,-9999,-9999
P6,N,NA,04NOV2015,13:36:39,-9999,1,10,7.3,-9999,271.24956057,242.51570705,607.78382709,0,CH1,23,46,-9999,-9999
P6,N,NA,04NOV2015,13:36:39,-9999,2,10,7.3,-9999,270.72400774,240.00049809,593.97269856,0,CH1,23,46,-9999,-9999
P6,N,P,28APR2016,14:20:16,-9999,1,12,-9999,-9999,183.16917163,2.591033001,812.26020488,0,CH1,-9999,-9999,-9999,-9999
P6,N,S,28APR2016,14:20:16,-9999,1,12,-9999,-9999,174.92605493,2.5571293965,872.43254645,0,CH1,-9999,-9999,-9999,-9999
P6,N,S,28APR2016,14:20:16,-9999,2,12,-9999,-9999,172.58151578,2.3965629471,801.94636787,0,CH1,-9999,-9999,-9999,-9999
P6,N,P,28APR2016,14:20:16,-9999,2,12,-9999,-9999,174.61994161,2.4151492734,850.34969581,0,CH1,-9999,-9999,-9999,-9999
P6,N,NA,28APR2016,14:20:16,-9999,1,10,8.8,-9999,341.88753178,86.564144715,508.94648618,0,CH1,24,48,34.9,17.64
P6,N,NA,28APR2016,14:20:16,-9999,2,10,8.8,-9999,334.79787086,103.23210166,569.06580824,0,CH1,24,48,34.9,17.64
P6,N,S,11MAY2016,14:10:11,-9999,1,12,-9999,-9999,139.47366659,2.9221117752,760.36688463,20,CH1,-9999,-9999,-9999,-9999
P6,N,P,11MAY2016,14:10:11,-9999,1,12,-9999,-9999,99.431029319,2.3487351937,576.33224807,20,CH1,-9999,-9999,-9999,-9999
P6,N,S,11MAY2016,14:10:11,-9999,2,12,-9999,-9999,114.40251833,2.5957523062,701.70447294,20,CH1,-9999,-9999,-9999,-9999
P6,N,S,11MAY2016,14:10:11,-9999,3,12,-9999,-9999,111.16800496,2.8221759481,713.57885955,20,CH1,-9999,-9999,-9999,-9999
P6,N,NA,11MAY2016,14:10:11,-9999,1,10,13.5,-9999,301.55354188,113.10697154,808.84386449,0,CH1,27.5,55,59,16.2
P6,N,NA,11MAY2016,14:10:11,-9999,2,10,13.5,-9999,299.24860065,111.77320458,721.13208153,0,CH1,27.5,55,59,16.2
P6,N,S,01JUN2016,12:55:54,-9999,1,12,-9999,-9999,134.61411839,2.4922879045,608.10388588,20,CH1,-9999,-9999,-9999,-9999
P6,N,P,01JUN2016,12:55:54,-9999,1,12,-9999,-9999,145.19225389,2.7921525715,729.12674964,20,CH1,-9999,-9999,-9999,-9999
P6,N,P,01JUN2016,12:55:54,-9999,2,12,-9999,-9999,170.29650213,3.0924911247,584.6780531,20,CH1,-9999,-9999,-9999,-9999
P6,N,P,01JUN2016,12:55:54,-9999,3,12,-9999,-9999,135.72135625,2.9024100979,624.12568102,20,CH1,-9999,-9999,-9999,-9999
P6,N,NA,01JUN2016,12:55:54,-9999,1,10,16.8,-9999,280.16406905,139.02527203,826.20364832,0,CH1,34,68,81.9,15.84
P6,N,NA,01JUN2016,12:55:54,-9999,2,10,16.8,-9999,281.21228584,138.42391042,783.59892526,0,CH1,34,68,81.9,15.84
P6,N,S,15JUN2016,13:23:55,-9999,1,12,-9999,-9999,137.16626262,5.7849585742,690.55085878,20,CH1,-9999,-9999,-9999,-9999
P6,N,P,15JUN2016,13:23:55,-9999,1,12,-9999,-9999,133.26607494,5.386531915,896.94306843,20,CH1,-9999,-9999,-9999,-9999
P6,N,P,15JUN2016,13:23:55,-9999,2,12,-9999,-9999,133.75443038,5.92270853,887.44344963,20,CH1,-9999,-9999,-9999,-9999
P6,N,P,15JUN2016,13:23:55,-9999,3,12,-9999,-9999,128.75859723,5.1935655088,805.67048038,20,CH1,-9999,-9999,-9999,-9999
P6,N,NA,15JUN2016,13:23:55,-9999,1,10,20.9,-9999,332.26127416,309.17042045,713.72187385,0,CH1,42.5,85,68.9,13.68
P6,N,NA,15JUN2016,13:23:55,-9999,2,10,20.9,-9999,312.18299078,310.69560151,676.21106028,0,CH1,42.5,85,68.9,13.68
P6,N,S,29JUN2016,13:04:14,-9999,1,12,-9999,-9999,117.34238119,14.241566171,726.13160597,20,CH1,-9999,-9999,-9999,-9999
P6,N,P,29JUN2016,13:04:14,-9999,1,12,-9999,-9999,132.30379508,15.848734886,652.66398479,20,CH1,-9999,-9999,-9999,-9999
P6,N,P,29JUN2016,13:04:14,-9999,2,12,-9999,-9999,108.09405384,15.054203814,640.5652067,20,CH1,-9999,-9999,-9999,-9999
P6,N,S,29JUN2016,13:04:14,-9999,2,12,-9999,-9999,110.41474963,13.756004784,608.43144224,20,CH1,-9999,-9999,-9999,-9999
P6,N,S,29JUN2016,13:04:14,-9999,3,12,-9999,-9999,112.05401354,13.92959627,651.15587955,20,CH1,-9999,-9999,-9999,-9999
P6,N,P,29JUN2016,13:04:14,-9999,3,12,-9999,-9999,155.59826759,16.064487311,818.23933669,20,CH1,-9999,-9999,-9999,-9999
P6,N,NA,29JUN2016,13:04:14,-9999,1,10,26,-9999,271.81808063,1013.0791689,700.94901578,0,CH1,39.5,79,66.3,6.84
P6,N,NA,29JUN2016,13:04:14,-9999,2,10,26,-9999,271.26975492,1014.9265761,696.77268936,0,CH1,39.5,79,66.3,6.84
P6,N,P,20JUL2016,12:48:20,-9999,1,12,-9999,-9999,101.42211032,3.4690732836,676.91481547,20,CH1,-9999,-9999,-9999,-9999
P6,N,S,20JUL2016,12:48:20,-9999,1,12,-9999,-9999,128.09421635,3.1486203287,739.82977722,20,CH1,-9999,-9999,-9999,-9999
P6,N,P,20JUL2016,12:48:20,-9999,2,12,-9999,-9999,104.71374951,3.3914862688,691.21546093,20,CH1,-9999,-9999,-9999,-9999
P6,N,S,20JUL2016,12:48:20,-9999,2,12,-9999,-9999,106.83512309,3.059766936,671.12474755,20,CH1,-9999,-9999,-9999,-9999
P6,N,S,20JUL2016,12:48:20,-9999,3,12,-9999,-9999,104.10299254,3.1956603602,676.09966956,20,CH1,-9999,-9999,-9999,-9999
P6,N,P,20JUL2016,12:48:20,-9999,3,12,-9999,-9999,111.77671301,3.040718627,686.75195981,20,CH1,-9999,-9999,-9999,-9999
P6,N,NA,20JUL2016,12:48:20,-9999,1,10,26.5,-9999,265.53176657,328.42385724,707.85150978,0,CH1,42.5,85,85.7,6.48
P6,N,NA,20JUL2016,12:48:20,-9999,2,10,26.5,-9999,282.009704,318.29547642,711.7336392,0,CH1,42.5,85,85.7,6.48
P6,N,S,02AUG2016,12:11:09,-9999,1,12,-9999,-9999,101.03486161,4.9884317685,552.8324139,20,CH1,-9999,-9999,-9999,-9999
P6,N,P,02AUG2016,12:11:09,-9999,1,12,-9999,-9999,104.02739614,5.1186365472,718.52232101,20,CH1,-9999,-9999,-9999,-9999
P6,N,S,02AUG2016,12:11:09,-9999,2,12,-9999,-9999,91.423245892,4.4478229243,536.12058576,20,CH1,-9999,-9999,-9999,-9999
P6,N,P,02AUG2016,12:11:09,-9999,2,12,-9999,-9999,97.240510942,4.4304778085,649.80878457,20,CH1,-9999,-9999,-9999,-9999
P6,N,P,02AUG2016,12:11:09,-9999,3,12,-9999,-9999,106.84516526,5.2934264223,570.5034384,20,CH1,-9999,-9999,-9999,-9999
P6,N,S,02AUG2016,12:11:09,-9999,3,12,-9999,-9999,119.494859,4.3765216932,727.40640139,20,CH1,-9999,-9999,-9999,-9999
P6,N,NA,02AUG2016,12:11:09,-9999,1,10,28.3,-9999,263.0468,379.78174305,690.52250908,0,CH1,44.5,89,56.5,5.76
P6,N,NA,02AUG2016,12:11:09,-9999,2,10,28.3,-9999,263.39010321,381.18337974,661.18698708,0,CH1,44.5,89,56.5,5.76
P6,N,S,10AUG2016,12:59:40,-9999,1,12,-9999,-9999,110.88654341,5.7773635206,510.02025956,20,CH1,-9999,-9999,-9999,-9999
P6,N,P,10AUG2016,12:59:40,-9999,1,12,-9999,-9999,119.01453488,6.2385238147,522.70964386,20,CH1,-9999,-9999,-9999,-9999
P6,N,P,10AUG2016,12:59:40,-9999,2,12,-9999,-9999,105.44639682,4.8189566095,567.23502083,20,CH1,-9999,-9999,-9999,-9999
P6,N,S,10AUG2016,12:59:40,-9999,2,12,-9999,-9999,117.71046655,7.4014771684,657.33333734,20,CH1,-9999,-9999,-9999,-9999
P6,N,S,10AUG2016,12:59:40,-9999,3,12,-9999,-9999,113.14645048,6.3327492132,555.92231231,20,CH1,-9999,-9999,-9999,-9999
P6,N,P,10AUG2016,12:59:40,-9999,3,12,-9999,-9999,130.39599572,5.6840546001,589.5534877,20,CH1,-9999,-9999,-9999,-9999
P6,N,NA,10AUG2016,12:59:40,-9999,1,10,22.7,-9999,280.12671738,479.67675946,581.78907142,0,CH1,47,94,80.9,6.84
P6,N,NA,10AUG2016,12:59:40,-9999,2,10,22.7,-9999,281.41085636,484.91944918,574.02922268,0,CH1,47,94,80.9,6.84
P6,N,S,24AUG2016,13:03:16,-9999,1,12,-9999,-9999,106.93913447,4.5507210344,691.89686164,20,CH1,-9999,-9999,-9999,-9999
P6,N,P,24AUG2016,13:03:16,-9999,1,12,-9999,-9999,106.67396482,4.3313708271,462.80450648,20,CH1,-9999,-9999,-9999,-9999
P6,N,P,24AUG2016,13:03:16,-9999,2,12,-9999,-9999,109.96166523,4.7254774829,505.33043954,20,CH1,-9999,-9999,-9999,-9999
P6,N,S,24AUG2016,13:03:16,-9999,2,12,-9999,-9999,102.43654531,4.2068488754,455.74359634,20,CH1,-9999,-9999,-9999,-9999
P6,N,S,24AUG2016,13:03:16,-9999,3,12,-9999,-9999,97.329757173,4.5479538799,582.57045975,20,CH1,-9999,-9999,-9999,-9999
P6,N,P,24AUG2016,13:03:16,-9999,3,12,-9999,-9999,97.235730193,4.3999643296,521.66834788,20,CH1,-9999,-9999,-9999,-9999
P6,N,NA,24AUG2016,13:03:16,-9999,1,10,21,-9999,258.25259331,284.77399432,447.65467749,0,CH1,43.5,87,61.9,16.56
P6,N,NA,24AUG2016,13:03:16,-9999,2,10,21,-9999,262.84170867,285.12856259,487.72773368,0,CH1,43.5,87,61.9,16.56
P6,N,S,07SEP2016,11:25:01,-9999,1,12,-9999,-9999,119.47275811,3.469237005,503.60745779,20,CH1,-9999,-9999,-9999,-9999
P6,N,P,07SEP2016,11:25:01,-9999,1,12,-9999,-9999,126.42562998,3.8917175793,515.34528949,20,CH1,-9999,-9999,-9999,-9999
P6,N,P,07SEP2016,11:25:01,-9999,2,12,-9999,-9999,116.00052237,3.4777512819,724.27779276,20,CH1,-9999,-9999,-9999,-9999
P6,N,S,07SEP2016,11:25:01,-9999,2,12,-9999,-9999,117.43247199,3.900932398,510.043827,20,CH1,-9999,-9999,-9999,-9999
P6,N,S,07SEP2016,11:25:01,-9999,3,12,-9999,-9999,127.19750176,3.7760742997,529.9651525,20,CH1,-9999,-9999,-9999,-9999
P6,N,P,07SEP2016,11:25:01,-9999,3,12,-9999,-9999,130.70496413,4.0861987518,518.58798757,20,CH1,-9999,-9999,-9999,-9999
P6,N,NA,07SEP2016,11:25:01,-9999,1,10,17.2,-9999,243.51103356,239.48283421,405.43466842,0,CH1,44,88,75.6,3.96
P6,N,NA,07SEP2016,11:25:01,-9999,2,10,17.2,-9999,244.90347143,235.97556107,397.7940048,0,CH1,44,88,75.6,3.96
P6,N,S,21SEP2016,10:53:41,-9999,1,12,-9999,-9999,112.87544721,5.4126632612,452.17160264,20,CH1,-9999,-9999,-9999,-9999
P6,N,P,21SEP2016,10:53:41,-9999,1,12,-9999,-9999,113.4382174,5.6599265903,426.97441266,20,CH1,-9999,-9999,-9999,-9999
P6,N,P,21SEP2016,10:53:41,-9999,2,12,-9999,-9999,120.30451754,6.0678003361,410.74540775,20,CH1,-9999,-9999,-9999,-9999
P6,N,S,21SEP2016,10:53:41,-9999,2,12,-9999,-9999,113.04875489,5.2804689491,536.357049,20,CH1,-9999,-9999,-9999,-9999
P6,N,S,21SEP2016,10:53:41,-9999,3,12,-9999,-9999,541.98855195,2.394937772,382.43508891,20,CH1,-9999,-9999,-9999,-9999
P6,N,P,21SEP2016,10:53:41,-9999,3,12,-9999,-9999,119.81706437,5.6828863707,460.45560823,20,CH1,-9999,-9999,-9999,-9999
P6,N,NA,21SEP2016,10:53:41,-9999,1,10,16.2,-9999,254.61332888,255.31840255,390.56891221,0,CH1,43.5,87,67.9,10.08
P6,N,NA,21SEP2016,10:53:41,-9999,2,10,16.2,-9999,252.55552575,258.84424688,383.85979963,0,CH1,43.5,87,67.9,10.08
P6,N,NA,18OCT2016,11:01:36,-9999,1,10,9.1,-9999,292.82583569,201.54886761,403.05980538,0,CH1,39,78,-9999,-9999
P6,N,NA,18OCT2016,11:01:36,-9999,2,10,9.1,-9999,292.64361439,203.35168825,405.39098588,0,CH1,39,78,-9999,-9999
P6,N,NA,02NOV2016,13:06:21,-9999,1,10,9.1,-9999,290.94920608,138.85836012,420.53816217,0,CH1,40,80,-9999,-9999
P6,N,NA,02NOV2016,13:06:21,-9999,2,10,9.1,-9999,297.05613405,143.76265026,422.27001599,0,CH1,40,80,-9999,-9999
P6,N,NA,16NOV2016,13:06:35,-9999,1,10,6.6,-9999,303.5018976,126.7285892,427.83645261,0,CH1,38,76,-9999,-9999
P6,N,NA,16NOV2016,13:06:35,-9999,2,10,6.6,-9999,303.38898889,134.15458351,430.93080605,0,CH1,38,76,-9999,-9999
P7,N,NA,09MAY2013,16:12:48,-9999,1,10,11.6,-9999,311.87801801,173.20498809,295.65574597,0,CH1,31.5,63,-9999,-9999
P7,N,NA,09MAY2013,16:13:32,-9999,2,10,11.6,-9999,318.88854833,174.18183291,284.58995289,0,CH1,31.5,63,-9999,-9999
P7,N,NA,23MAY2013,17:11:19,-9999,1,10,15.4,-9999,316.24459935,175.92615436,761.30878342,0,CH1,58,116,-9999,-9999
P7,N,NA,23MAY2013,17:14:45,-9999,2,10,15.4,-9999,319.83956486,175.12295886,760.98311658,0,CH1,58,116,-9999,-9999
P7,N,NA,04JUN2013,15:18:40,-9999,1,10,14.2,-9999,299.18440428,290.96656813,772.08297188,0,CH1,41,82,-9999,-9999
P7,N,NA,04JUN2013,15:25:17,-9999,2,10,14.2,-9999,315.5382952,286.72644717,775.90333452,0,CH1,41,82,-9999,-9999
P7,N,NA,19JUN2013,17:29:48,-9999,1,10,24.7,-9999,341.48830788,808.76535065,798.87165849,0,CH1,43.5,87,-9999,-9999
P7,N,NA,19JUN2013,17:30:36,-9999,2,10,24.7,-9999,343.25687276,804.05752944,769.63249117,0,CH1,43.5,87,-9999,-9999
P7,N,NA,02JUL2013,11:24:13,-9999,1,10,26.7,-9999,308.11091201,1043.917565,601.48361945,0,CH1,49,98,-9999,-9999
P7,N,NA,02JUL2013,11:24:48,-9999,2,10,26.7,-9999,306.85369241,1052.2228873,724.27947975,0,CH1,49,98,-9999,-9999
P7,N,NA,16JUL2013,10:30:06,-9999,1,10,25.3,-9999,285.13300816,5526.2175714,550.05319278,0,CH1,35,70,-9999,-9999
P7,N,NA,16JUL2013,10:30:58,-9999,2,10,25.3,-9999,285.59260214,5590.0203603,552.5064408,0,CH1,35,70,-9999,-9999
P7,N,NA,30JUL2013,15:13:29,-9999,1,10,22.8,-9999,256.63422225,2715.5874892,239.49381833,0,CH1,34.5,69,-9999,-9999
P7,N,NA,30JUL2013,15:14:17,-9999,2,10,22.8,-9999,255.50821046,2747.1158346,233.75939296,0,CH1,34.5,69,-9999,-9999
P7,N,NA,13AUG2013,11:01:23,-9999,1,10,21,-9999,294.85055506,2969.2999702,222.39300107,0,CH1,44,88,-9999,-9999
P7,N,NA,13AUG2013,11:02:15,-9999,2,10,21,-9999,292.90005517,2901.0853818,698.01150834,0,CH1,44,88,-9999,-9999
P7,N,NA,27AUG2013,10:59:04,-9999,1,10,24.9,-9999,304.69443929,2748.4000229,371.52740026,0,CH1,36,72,-9999,-9999
P7,N,NA,27AUG2013,11:10:44,-9999,2,10,24.9,-9999,298.71888836,2763.7583323,455.0167455,0,CH1,36,72,-9999,-9999
P7,N,NA,10SEP2013,12:51:19,-9999,1,10,21,-9999,256.701958,2205.8969176,443.25896245,0,CH1,38,76,-9999,-9999
P7,N,NA,10SEP2013,12:51:52,-9999,2,10,21,-9999,254.41486579,2216.9005763,419.44463871,0,CH1,38,76,-9999,-9999
P7,N,NA,23SEP2013,15:48:38,-9999,1,10,16.7,-9999,416.45158069,2608.9578336,496.938869,0,CH1,33.5,67,-9999,-9999
P7,N,NA,23SEP2013,15:59:33,-9999,2,10,16.7,-9999,389.88402292,1909.2880174,459.65673266,0,CH1,33.5,67,-9999,-9999
P7,N,NA,22OCT2013,10:48:49,-9999,1,10,5.6,-9999,312.34321893,293.45356736,652.72886493,0,CH1,33,66,-9999,-9999
P7,N,NA,22OCT2013,11:01:34,-9999,2,10,5.6,-9999,310.33456875,312.71464728,637.42934048,0,CH1,33,66,-9999,-9999
P7,N,NA,24APR2014,14:13:38,-9999,1,10,9,-9999,319.20014559,139.12360893,338.4227826,0,CH1,44.25,88.5,-9999,-9999
P7,N,NA,24APR2014,14:13:38,-9999,2,10,9,-9999,324.88491581,139.85526905,324.97221386,0,CH1,44.25,88.5,-9999,-9999
P7,N,NA,06MAY2014,10:06:00,-9999,1,10,9.4,-9999,294.99494579,225.05225806,282.10434106,0,CH1,42,84,-9999,-9999
P7,N,NA,06MAY2014,10:06:00,-9999,2,10,9.4,-9999,299.3420984,227.2258479,280.20577673,0,CH1,42,84,-9999,-9999
P7,N,NA,20MAY2014,14:50:00,-9999,1,10,14,-9999,295.36345962,297.07805222,402.52324092,0,CH1,40.75,81.5,-9999,-9999
P7,N,NA,20MAY2014,14:50:00,-9999,2,10,14,-9999,287.8074175,297.59229723,153.36837328,0,CH1,40.75,81.5,-9999,-9999
P7,N,NA,03JUN2014,10:03:40,-9999,1,10,20.4,-9999,282.09412893,1259.6482332,257.55231885,0,CH1,49,98,-9999,-9999
P7,N,NA,03JUN2014,10:03:40,-9999,2,10,20.4,-9999,281.35702485,1254.4338132,321.37438606,0,CH1,49,98,-9999,-9999
P7,N,NA,17JUN2014,14:07:58,-9999,1,10,19.7,-9999,344.42640209,684.18915536,814.53409141,0,CH1,48,96,-9999,-9999
P7,N,NA,17JUN2014,14:07:58,-9999,2,10,19.7,-9999,322.54212538,594.28264838,186.48018712,0,CH1,48,96,-9999,-9999
P7,N,NA,29JUN2014,14:43:17,-9999,1,10,21,-9999,308.68442633,2456.4633824,1054.6934156,0,CH1,54,108,-9999,-9999
P7,N,NA,29JUN2014,14:43:17,-9999,2,10,21,-9999,293.68169093,2452.6415938,375.23704004,0,CH1,54,108,-9999,-9999
P7,N,NA,14JUL2014,14:39:37,-9999,1,10,22.1,-9999,394.73801496,377.22487393,645.46957575,0,CH1,49.5,99,-9999,-9999
P7,N,NA,14JUL2014,14:39:37,-9999,2,10,22.1,-9999,350.85054934,377.49113389,626.37756882,0,CH1,49.5,99,-9999,-9999
P7,N,NA,29JUL2014,10:01:38,-9999,1,10,21.2,-9999,264.48552961,1372.7894418,124.33535129,0,CH1,47.5,95,-9999,-9999
P7,N,NA,29JUL2014,10:01:38,-9999,2,10,21.2,-9999,271.28983076,1588.0876427,732.49319914,0,CH1,47.5,95,-9999,-9999
P7,N,NA,12AUG2014,14:59:12,-9999,1,10,25.5,-9999,821.83715487,2867.3222987,733.35785974,0,CH1,46.5,93,-9999,-9999
P7,N,NA,12AUG2014,14:59:12,-9999,2,10,25.5,-9999,779.35618862,2843.4152806,219.7486886,0,CH1,46.5,93,-9999,-9999
P7,N,NA,26AUG2014,14:52:50,-9999,1,10,19.3,-9999,308.46663164,509.08420457,845.38471457,0,CH1,42.5,85,-9999,-9999
P7,N,NA,26AUG2014,14:52:50,-9999,2,10,19.3,-9999,297.00132746,474.861569,453.53697583,0,CH1,42.5,85,-9999,-9999
P7,N,NA,09SEP2014,10:25:10,-9999,1,10,18,-9999,282.36878346,434.15091549,333.31832617,0,CH1,33,66,-9999,-9999
P7,N,NA,09SEP2014,10:25:10,-9999,2,10,18,-9999,286.60342108,436.49966046,370.08678567,0,CH1,33,66,-9999,-9999
P7,N,NA,23SEP2014,10:39:46,-9999,1,10,16.8,-9999,465.7703255,429.90751888,824.04614185,0,CH1,44.5,89,-9999,-9999
P7,N,NA,23SEP2014,10:39:46,-9999,2,10,16.8,-9999,439.46702384,437.13273808,820.13149733,0,CH1,44.5,89,-9999,-9999
P7,N,NA,08OCT2014,14:46:31,-9999,1,10,9.5,-9999,319.45595366,293.46353603,665.16496773,0,CH1,33.5,67,-9999,-9999
P7,N,NA,08OCT2014,14:46:31,-9999,2,10,9.5,-9999,322.81774063,301.06074082,676.54708798,0,CH1,33.5,67,-9999,-9999
P7,N,NA,21OCT2014,9:57:03,-9999,1,10,9.4,-9999,373.25471192,394.35481855,686.25431881,0,CH1,27,54,-9999,-9999
P7,N,NA,21OCT2014,9:57:03,-9999,2,10,9.4,-9999,355.20046871,289.61625601,621.38278502,0,CH1,27,54,-9999,-9999
P7,N,NA,04NOV2014,9:59:20,-9999,1,10,4,-9999,336.64615174,202.53095751,685.2743963,0,CH1,35,70,-9999,-9999
P7,N,NA,04NOV2014,9:59:20,-9999,2,10,4,-9999,333.27461676,168.1381433,667.747764,0,CH1,35,70,-9999,-9999
P7,N,NA,22APR2015,14:55:25,-9999,1,10,9.2,-9999,268.10023343,260.72584808,441.66874761,0,CH1,28,56,-9999,-9999
P7,N,NA,22APR2015,14:55:25,-9999,2,10,9.2,-9999,269.38390988,248.85825949,438.05745206,0,CH1,28,56,-9999,-9999
P7,N,NA,05MAY2015,10:37:41,-9999,1,10,14.4,-9999,251.02715999,324.23434911,629.29237342,0,CH1,36.5,73,-9999,-9999
P7,N,NA,05MAY2015,10:37:41,-9999,2,10,14.4,-9999,252.21185879,327.43914608,632.83994506,0,CH1,36.5,73,-9999,-9999
P7,N,NA,22MAY2015,14:19:50,-9999,1,10,17.2,-9999,349.16759206,215.04960623,700.62679046,0,CH1,38,76,-9999,-9999
P7,N,NA,22MAY2015,14:19:50,-9999,2,10,17.2,-9999,351.17034131,214.4489504,706.43384826,0,CH1,38,76,-9999,-9999
P7,N,NA,02JUN2015,12:49:35,-9999,1,10,17.1,-9999,12833.899585,3752.2774578,33518.811901,0,CH1,18,36,-9999,-9999
P7,N,NA,02JUN2015,12:49:35,-9999,2,10,17.1,-9999,14499.798229,3660.1051378,34183.206566,0,CH1,18,36,-9999,-9999
P7,N,NA,18JUN2015,14:21:18,-9999,1,10,22,-9999,371.26351059,558.17485764,512.19833702,0,CH1,41.5,83,-9999,-9999
P7,N,NA,18JUN2015,14:21:18,-9999,2,10,22,-9999,371.07037249,558.05343549,508.3255856,0,CH1,41.5,83,-9999,-9999
P7,N,NA,01JUL2015,10:04:29,-9999,1,10,23.6,-9999,342.65399817,859.90586669,428.80878282,0,CH1,48.5,97,-9999,-9999
P7,N,NA,01JUL2015,10:04:29,-9999,2,10,23.6,-9999,343.52709795,859.74214994,426.2749518,0,CH1,48.5,97,-9999,-9999
P7,N,NA,13JUL2015,14:14:28,-9999,1,10,26,-9999,286.81199156,1223.7150577,405.96658419,0,CH1,33,66,-9999,-9999
P7,N,NA,13JUL2015,14:14:28,-9999,2,10,26,-9999,262.97621582,21.639700063,443.81068352,0,CH1,33,66,-9999,-9999
P7,N,NA,30JUL2015,10:05:21,-9999,1,10,22,-9999,278.88437994,203.99136641,363.56133338,0,CH1,38.5,77,-9999,-9999
P7,N,NA,30JUL2015,10:05:21,-9999,2,10,22,-9999,281.50384153,197.16396341,356.87557003,0,CH1,38.5,77,-9999,-9999
P7,N,NA,25AUG2015,11:48:04,-9999,1,10,19.1,-9999,325.17269553,919.65894008,706.46351681,0,CH1,35,70,-9999,-9999
P7,N,NA,25AUG2015,11:48:04,-9999,2,10,19.1,-9999,325.56498488,930.7173105,695.32473861,0,CH1,35,70,-9999,-9999
P7,N,NA,09SEP2015,13:56:03,-9999,1,10,22,-9999,407.13513204,374.91786124,909.2926732,0,CH1,37.5,75,-9999,-9999
P7,N,NA,09SEP2015,13:56:03,-9999,2,10,22,-9999,419.62343351,347.21684054,914.27792955,0,CH1,37.5,75,-9999,-9999
P7,N,NA,24SEP2015,10:04:31,-9999,1,10,16.1,-9999,248.64822182,163.52999904,452.5175415,0,CH1,30,60,-9999,-9999
P7,N,NA,08OCT2015,10:13:30,-9999,1,10,10.4,-9999,247.27796519,245.04739849,342.55309051,0,CH1,29.5,59,-9999,-9999
P7,N,NA,08OCT2015,10:13:30,-9999,2,10,10.4,-9999,246.53454235,232.60822669,343.56165992,0,CH1,29.5,59,-9999,-9999
P7,N,NA,21OCT2015,13:56:50,-9999,1,10,9.8,-9999,252.15537189,241.04075498,198.74763838,0,CH1,22.5,45,-9999,-9999
P7,N,NA,21OCT2015,13:56:50,-9999,2,10,9.8,-9999,251.39247251,241.1381692,191.60863611,0,CH1,22.5,45,-9999,-9999
P7,N,P,29APR2016,14:33:38,-9999,1,12,-9999,-9999,149.00397778,4.731333715,1289.7098006,0,CH1,-9999,-9999,-9999,-9999
P7,N,S,29APR2016,14:33:38,-9999,1,12,-9999,-9999,155.66328221,6.081699598,541.21471724,0,CH1,-9999,-9999,-9999,-9999
P7,N,S,29APR2016,14:33:38,-9999,2,12,-9999,-9999,143.17764575,4.7636857986,467.14258787,0,CH1,-9999,-9999,-9999,-9999
P7,N,S,29APR2016,14:33:38,-9999,3,12,-9999,-9999,163.50397844,6.394187397,544.04900747,0,CH1,-9999,-9999,-9999,-9999
P7,N,NA,29APR2016,14:33:38,-9999,1,10,9.3,-9999,310.97098027,255.44896804,328.08865671,0,CH1,32,64,-9999,-9999
P7,N,NA,29APR2016,14:33:38,-9999,2,10,9.3,-9999,311.49840553,257.02605391,314.90812615,0,CH1,32,64,-9999,-9999
P7,N,S,12MAY2016,14:49:03,-9999,1,12,-9999,-9999,109.37806681,3.4280630341,557.99200395,20,CH1,-9999,-9999,-9999,-9999
P7,N,P,12MAY2016,14:49:03,-9999,1,12,-9999,-9999,133.49625157,8.2891674633,635.69439422,20,CH1,-9999,-9999,-9999,-9999
P7,N,S,12MAY2016,14:49:03,-9999,2,12,-9999,-9999,124.54070098,3.4999833783,615.99254429,20,CH1,-9999,-9999,-9999,-9999
P7,N,S,12MAY2016,14:49:03,-9999,3,12,-9999,-9999,149.05978316,6.2038433545,683.9637957,20,CH1,-9999,-9999,-9999,-9999
P7,N,NA,12MAY2016,14:49:03,-9999,1,10,12.4,-9999,292.07689062,229.29516574,569.65678015,0,CH1,14.5,29,60.9,12.24
P7,N,S,18MAY2016,12:20:04,22.5,1,12,-9999,0.788,228.86583505,10.323636668,777.32470277,20,CH1,-9999,-9999,-9999,-9999
P7,N,P,18MAY2016,12:22:27,22.5,1,12,-9999,0.788,230.52962898,11.977875281,849.15795418,20,CH1,-9999,-9999,-9999,-9999
P7,N,S,18MAY2016,12:21:44,22.5,2,12,-9999,0.788,234.24934904,11.639247265,831.25311552,20,CH1,-9999,-9999,-9999,-9999
P7,N,S,18MAY2016,12:54:09,22.5,3,12,-9999,0.788,223.75881094,12.361597244,823.11513334,20,CH1,-9999,-9999,-9999,-9999
P7,N,NA,18MAY2016,11:54:00,-9999,1,10,15.3,-9999,321.98343271,334.19640255,500.11498118,0,CH1,27.5,55,-9999,-9999
P7,N,NA,18MAY2016,11:54:00,-9999,2,10,15.3,-9999,313.30775024,338.25936713,466.36346122,0,CH1,27.5,55,-9999,-9999
P7,N,P,03JUN2016,11:37:55,-9999,1,12,-9999,-9999,148.83226595,33.525779875,606.26263118,20,CH1,-9999,-9999,-9999,-9999
P7,N,S,03JUN2016,11:37:55,-9999,1,12,-9999,-9999,135.12988463,16.033797158,588.36681266,20,CH1,-9999,-9999,-9999,-9999
P7,N,P,03JUN2016,11:37:55,-9999,2,12,-9999,-9999,144.34240649,61.381390877,699.70832596,20,CH1,-9999,-9999,-9999,-9999
P7,N,P,03JUN2016,11:37:55,-9999,3,12,-9999,-9999,129.91252376,35.330075317,585.49008261,20,CH1,-9999,-9999,-9999,-9999
P7,N,NA,03JUN2016,11:37:55,-9999,1,10,19,-9999,541.8681565,1403.1381427,599.19411825,0,CH1,11.5,23,71.7,4.68
P7,N,NA,03JUN2016,11:37:55,-9999,2,10,19,-9999,451.68642724,1484.4289792,569.47632899,0,CH1,11.5,23,71.7,4.68
P7,N,S,14JUN2016,16:14:37,-9999,1,12,-9999,-9999,120.63316043,9.2420483561,411.17020536,20,CH1,-9999,-9999,-9999,-9999
P7,N,P,14JUN2016,16:14:37,-9999,1,12,-9999,-9999,116.09455558,13.23002075,434.60034547,20,CH1,-9999,-9999,-9999,-9999
P7,N,P,14JUN2016,16:14:37,-9999,2,12,-9999,-9999,467.64456263,1.6573303833,579.34924835,20,CH1,-9999,-9999,-9999,-9999
P7,N,P,14JUN2016,16:14:37,-9999,3,12,-9999,-9999,948.0511125,5.0724916622,1656.5128129,20,CH1,-9999,-9999,-9999,-9999
P7,N,NA,14JUN2016,16:14:37,-9999,1,10,21.4,-9999,282.24333336,970.84957488,522.62141121,0,CH1,17.5,35,100,5.76
P7,N,NA,14JUN2016,16:14:37,-9999,2,10,21.4,-9999,285.68473078,1029.7585976,517.97504948,0,CH1,17.5,35,100,5.76
P7,N,P,27JUN2016,11:53:19,-9999,1,12,-9999,-9999,123.47176556,26.560087493,548.45716634,20,CH1,-9999,-9999,-9999,-9999
P7,N,S,27JUN2016,11:53:19,-9999,1,12,-9999,-9999,127.54009475,26.062051521,797.44283101,20,CH1,-9999,-9999,-9999,-9999
P7,N,P,27JUN2016,11:53:19,-9999,2,12,-9999,-9999,118.06168434,28.444644664,1016.8503517,20,CH1,-9999,-9999,-9999,-9999
P7,N,P,27JUN2016,11:53:19,-9999,3,12,-9999,-9999,125.93882676,28.89067688,730.69636385,20,CH1,-9999,-9999,-9999,-9999
P7,N,NA,27JUN2016,11:53:19,-9999,1,10,21.9,-9999,294.91485443,2162.3971451,845.48550176,0,CH1,25,50,72.3,3.24
P7,N,NA,27JUN2016,11:53:19,-9999,2,10,21.9,-9999,295.35027851,1891.3489941,875.53079006,0,CH1,25,50,72.3,3.24
P7,N,S,18JUL2016,14:27:14,-9999,1,12,-9999,-9999,117.15033042,27.882907671,194.74129345,20,CH1,-9999,-9999,-9999,-9999
P7,N,P,18JUL2016,14:27:14,-9999,1,12,-9999,-9999,118.80635603,16.694639454,216.67034082,20,CH1,-9999,-9999,-9999,-9999
P7,N,S,18JUL2016,14:27:14,-9999,2,12,-9999,-9999,110.46795077,19.81130287,186.83518396,20,CH1,-9999,-9999,-9999,-9999
P7,N,P,18JUL2016,14:27:14,-9999,2,12,-9999,-9999,129.65102288,12.696469079,1161.7473342,20,CH1,-9999,-9999,-9999,-9999
P7,N,S,18JUL2016,14:27:14,-9999,3,12,-9999,-9999,103.70065766,11.389917688,231.27197533,20,CH1,-9999,-9999,-9999,-9999
P7,N,P,18JUL2016,14:27:14,-9999,3,12,-9999,-9999,178.61287747,14.317433718,242.0358413,20,CH1,-9999,-9999,-9999,-9999
P7,N,NA,18JUL2016,14:27:14,-9999,1,10,27.1,-9999,289.10093937,650.78152686,201.42419268,0,CH1,24.5,49,60.3,4.68
P7,N,NA,18JUL2016,14:27:14,-9999,2,10,27.1,-9999,289.99244048,640.90695315,189.71834966,0,CH1,24.5,49,60.3,4.68
P7,N,S,03AUG2016,14:18:40,30.6,1,12,-9999,1.406,114.11978171,53.762373563,182.56382428,20,CH1,-9999,-9999,-9999,-9999
P7,N,P,03AUG2016,14:21:07,30.6,1,12,-9999,1.406,117.57538007,46.600645094,309.2910706,20,CH1,-9999,-9999,-9999,-9999
P7,N,S,03AUG2016,14:19:12,30.6,2,12,-9999,1.406,127.6467618,71.56352622,253.05990112,20,CH1,-9999,-9999,-9999,-9999
P7,N,P,03AUG2016,14:21:44,30.6,2,12,-9999,1.406,113.74855205,57.663802312,231.70184441,20,CH1,-9999,-9999,-9999,-9999
P7,N,S,03AUG2016,14:19:47,30.6,3,12,-9999,1.406,116.5329019,61.019558374,226.01195107,20,CH1,-9999,-9999,-9999,-9999
P7,N,P,03AUG2016,14:22:19,30.6,3,12,-9999,1.406,136.41455106,71.887612142,469.84893518,20,CH1,-9999,-9999,-9999,-9999
P7,N,NA,03AUG2016,14:00:42,-9999,1,10,31.1,-9999,322.18972868,990.734659,214.70069444,0,CH1,22,44,-9999,-9999
P7,N,NA,03AUG2016,14:00:42,-9999,2,10,31.1,-9999,322.51448462,1010.9690753,189.48771813,0,CH1,22,44,-9999,-9999
P7,N,P,11AUG2016,10:15:51,-9999,1,12,-9999,-9999,102.22330152,71.909559738,465.80322055,20,CH1,-9999,-9999,-9999,-9999
P7,N,S,11AUG2016,10:15:51,-9999,1,12,-9999,-9999,122.40175379,45.052457155,417.52324162,20,CH1,-9999,-9999,-9999,-9999
P7,N,S,11AUG2016,10:15:51,-9999,2,12,-9999,-9999,111.99328712,43.96963835,487.4807157,20,CH1,-9999,-9999,-9999,-9999
P7,N,P,11AUG2016,10:15:51,-9999,2,12,-9999,-9999,114.6610203,87.99449399,459.35933089,20,CH1,-9999,-9999,-9999,-9999
P7,N,P,11AUG2016,10:15:51,-9999,3,12,-9999,-9999,137.4462342,58.143773168,542.97492886,20,CH1,-9999,-9999,-9999,-9999
P7,N,S,11AUG2016,10:15:51,-9999,3,12,-9999,-9999,107.81002661,46.725029579,453.09242164,20,CH1,-9999,-9999,-9999,-9999
P7,N,NA,11AUG2016,10:15:51,-9999,1,10,22.8,-9999,234.49308998,3847.6036596,441.60822731,0,CH1,24.5,49,-9999,-9999
P7,N,NA,11AUG2016,10:15:51,-9999,2,10,22.8,-9999,232.69699057,3758.5123793,449.40871657,0,CH1,24.5,49,-9999,-9999
P7,N,P,25AUG2016,9:52:49,-9999,1,12,-9999,-9999,102.35594212,39.417825383,493.20564081,20,CH1,-9999,-9999,-9999,-9999
P7,N,S,25AUG2016,9:52:49,-9999,1,12,-9999,-9999,100.60067829,33.126965738,485.67983121,20,CH1,-9999,-9999,-9999,-9999
P7,N,S,25AUG2016,9:52:49,-9999,2,12,-9999,-9999,95.688103201,31.943262193,416.18245883,20,CH1,-9999,-9999,-9999,-9999
P7,N,P,25AUG2016,9:52:49,-9999,2,12,-9999,-9999,107.89580432,49.42912423,536.22416755,20,CH1,-9999,-9999,-9999,-9999
P7,N,S,25AUG2016,9:52:49,-9999,3,12,-9999,-9999,98.077725254,33.948650976,475.88413979,20,CH1,-9999,-9999,-9999,-9999
P7,N,P,25AUG2016,9:52:49,-9999,3,12,-9999,-9999,101.78702923,68.970077401,576.81705748,20,CH1,-9999,-9999,-9999,-9999
P7,N,NA,25AUG2016,9:52:49,-9999,1,10,19.6,-9999,224.03480988,2384.6073665,435.19429066,0,CH1,26,52,90.8,4.32
P7,N,NA,25AUG2016,9:52:49,-9999,2,10,19.6,-9999,217.30555633,2351.8151491,421.99378142,0,CH1,26,52,90.8,4.32
P7,N,S,08SEP2016,10:19:40,-9999,1,12,-9999,-9999,127.45704766,13.848302185,686.61624999,20,CH1,-9999,-9999,-9999,-9999
P7,N,P,08SEP2016,10:19:40,-9999,1,12,-9999,-9999,119.49745196,22.224949551,822.35879547,20,CH1,-9999,-9999,-9999,-9999
P7,N,P,08SEP2016,10:19:40,-9999,2,12,-9999,-9999,112.89239538,17.461804403,688.86786948,20,CH1,-9999,-9999,-9999,-9999
P7,N,S,08SEP2016,10:19:40,-9999,2,12,-9999,-9999,125.93754691,12.356902647,638.68496817,20,CH1,-9999,-9999,-9999,-9999
P7,N,P,08SEP2016,10:19:40,-9999,3,12,-9999,-9999,117.23832088,16.423062624,648.90982165,20,CH1,-9999,-9999,-9999,-9999
P7,N,NA,08SEP2016,10:19:40,-9999,1,10,17.3,-9999,307.35635409,1580.1775316,647.08732312,0,CH1,19.5,39,78.6,1.08
P7,N,P,20SEP2016,14:13:49,-9999,1,12,-9999,-9999,260.98059535,26.810314221,1790.0937451,20,CH1,-9999,-9999,-9999,-9999
P7,N,S,20SEP2016,14:13:49,-9999,1,12,-9999,-9999,191.0904227,16.759818917,462.76080558,20,CH1,-9999,-9999,-9999,-9999
P7,N,S,20SEP2016,14:13:49,-9999,2,12,-9999,-9999,189.7905509,18.151343678,519.19349767,20,CH1,-9999,-9999,-9999,-9999
P7,N,P,20SEP2016,14:13:49,-9999,2,12,-9999,-9999,213.29045434,22.691923872,878.87086146,20,CH1,-9999,-9999,-9999,-9999
P7,N,P,20SEP2016,14:13:49,-9999,3,12,-9999,-9999,242.07785462,27.28171903,957.55219701,20,CH1,-9999,-9999,-9999,-9999
P7,N,S,20SEP2016,14:13:49,-9999,3,12,-9999,-9999,192.31393067,16.824808601,470.81897959,20,CH1,-9999,-9999,-9999,-9999
P7,N,NA,20SEP2016,14:13:49,-9999,1,10,21.3,-9999,406.8439612,360.90920086,732.34802724,0,CH1,22,44,44.4,0
P7,N,NA,20SEP2016,14:13:49,-9999,2,10,21.3,-9999,461.52848272,557.08333422,714.14337391,0,CH1,22,44,44.4,0
P7,N,S,29SEP2016,10:37:43,12.9,1,12,13.14,1.484,252.239181,8.5964580836,739.77356061,20,CH1,-9999,-9999,-9999,-9999
P7,N,S,29SEP2016,10:32:57,12.9,2,12,13.14,1.484,253.61026987,16.780017909,817.47742053,20,CH1,-9999,-9999,-9999,-9999
P7,N,S,29SEP2016,10:48:33,12.9,3,12,13.14,1.484,258.3680575,6.6529849478,1091.9138272,20,CH1,-9999,-9999,-9999,-9999
P7,N,NA,04OCT2016,10:10:24,-9999,1,10,16.2,-9999,388.15936336,471.13280645,797.7935365,0,CH1,19,38,-9999,-9999
P7,N,NA,04OCT2016,10:10:24,-9999,2,10,16.2,-9999,392.31164525,483.23835793,784.16250683,0,CH1,19,38,-9999,-9999
P7,N,NA,20OCT2016,10:35:36,-9999,1,10,8.2,-9999,396.96092619,606.09550817,468.38029878,0,CH1,13,26,-9999,-9999
P7,N,NA,20OCT2016,10:35:36,-9999,2,10,8.2,-9999,397.11659197,603.19055743,463.91086938,0,CH1,13,26,-9999,-9999
P7,N,NA,01NOV2016,12:16:35,-9999,1,10,9.1,-9999,459.83990428,478.44528354,556.24637705,0,CH1,21.5,43,-9999,-9999
P7,N,NA,01NOV2016,12:16:35,-9999,2,10,9.1,-9999,464.64903643,461.65985416,557.16586592,0,CH1,21.5,43,-9999,-9999
P7,N,NA,17NOV2016,9:48:36,-9999,1,10,6.4,-9999,328.33501029,222.02813824,477.18046435,0,CH1,19.5,39,-9999,-9999
P7,N,NA,17NOV2016,9:48:36,-9999,2,10,6.4,-9999,326.13214142,219.84370143,469.8339634,0,CH1,19.5,39,-9999,-9999
P8,N,NA,08MAY2013,13:18:35,-9999,1,10,10,-9999,495.38743798,15701.072544,2743.3505281,0,CH1,44,88,-9999,-9999
P8,N,NA,08MAY2013,13:19:24,-9999,2,10,10,-9999,497.38033632,15890.728013,2762.8272951,0,CH1,44,88,-9999,-9999
P8,N,NA,23MAY2013,13:43:25,-9999,1,10,13.8,-9999,292.97561058,1766.6991003,2121.9136758,0,CH1,38,76,-9999,-9999
P8,N,NA,23MAY2013,13:44:24,-9999,2,10,13.8,-9999,304.39296567,2111.1267345,2097.9628422,0,CH1,38,76,-9999,-9999
P8,N,NA,06JUN2013,12:12:50,-9999,1,10,13.2,-9999,292.20161488,1118.0704926,2721.471055,0,CH1,49,98,-9999,-9999
P8,N,NA,06JUN2013,12:13:48,-9999,2,10,13.2,-9999,300.70516197,1260.2666023,2781.0323716,0,CH1,49,98,-9999,-9999
P8,N,NA,20JUN2013,12:19:23,-9999,1,10,22,-9999,290.12917098,4516.5865,4208.1569985,0,CH1,37.5,75,-9999,-9999
P8,N,NA,20JUN2013,12:25:00,-9999,2,10,22,-9999,294.99882659,5352.2702714,4699.5321592,0,CH1,37.5,75,-9999,-9999
P8,N,NA,03JUL2013,13:53:17,-9999,1,10,26,-9999,196.81191099,4518.0463643,8179.975153,0,CH1,42.5,85,-9999,-9999
P8,N,NA,03JUL2013,13:55:22,-9999,2,10,26,-9999,208.79416522,5218.0996775,8065.7261076,0,CH1,42.5,85,-9999,-9999
P8,N,NA,16JUL2013,11:34:19,-9999,1,10,24,-9999,254.82753372,11799.444643,2828.7989772,0,CH1,49,98,-9999,-9999
P8,N,NA,16JUL2013,11:35:01,-9999,2,10,24,-9999,256.76944808,11788.001644,2846.1899784,0,CH1,49,98,-9999,-9999
P8,N,NA,01AUG2013,13:39:24,-9999,1,10,23.5,-9999,269.20631271,6901.4965833,276.56940356,0,CH1,20,40,-9999,-9999
P8,N,NA,01AUG2013,13:40:00,-9999,2,10,23.5,-9999,268.12481788,7153.3932385,279.01831601,0,CH1,20,40,-9999,-9999
P8,N,NA,13AUG2013,12:32:46,-9999,1,10,21.5,-9999,119.91668255,4876.5574234,2093.9889633,0,CH1,21.5,43,-9999,-9999
P8,N,NA,13AUG2013,12:45:15,-9999,2,10,21.5,-9999,122.60247957,5520.3332455,2179.4995426,0,CH1,21.5,43,-9999,-9999
P8,N,NA,27AUG2013,13:35:30,-9999,1,10,26.8,-9999,283.3023172,25123.817747,6604.3556458,0,CH1,14,28,-9999,-9999
P8,N,NA,27AUG2013,13:37:07,-9999,2,10,26.8,-9999,282.00227727,24647.862762,6522.4040026,0,CH1,14,28,-9999,-9999
P8,N,NA,10SEP2013,14:53:28,-9999,1,10,21.6,-9999,264.24438228,4033.5212741,947.41903041,0,CH1,29.5,59,-9999,-9999
P8,N,NA,10SEP2013,16:27:00,-9999,2,10,21.6,-9999,270.80290286,2947.476934,659.8960051,0,CH1,29.5,59,-9999,-9999
P8,N,NA,25SEP2013,11:34:35,-9999,1,10,16.3,-9999,233.96827127,4978.5841559,705.47740904,0,CH1,27.5,55,-9999,-9999
P8,N,NA,25SEP2013,11:35:44,-9999,2,10,16.3,-9999,232.34284724,4971.5754418,703.32282287,0,CH1,27.5,55,-9999,-9999
P8,N,NA,22OCT2013,12:09:30,-9999,1,10,4.1,-9999,241.81589288,6820.8072999,1811.628691,0,CH1,38,76,-9999,-9999
P8,N,NA,22OCT2013,12:10:15,-9999,2,10,4.1,-9999,238.59234775,6774.1091578,1834.635497,0,CH1,38,76,-9999,-9999
P8,N,NA,24APR2014,11:44:45,-9999,1,10,8.4,-9999,276.68587658,2768.9224076,2473.0448269,0,CH1,40.5,81,-9999,-9999
P8,N,NA,24APR2014,11:44:45,-9999,2,10,8.4,-9999,294.77449717,2775.2765059,3100.7206985,0,CH1,40.5,81,-9999,-9999
P8,N,NA,07MAY2014,12:50:37,-9999,1,10,-9999,-9999,360.42599003,711.35012981,2317.2215067,0,CH1,44.5,89,-9999,-9999
P8,N,NA,20MAY2014,13:58:03,-9999,1,10,16.2,-9999,271.7144195,2377.0096756,2598.4646433,0,CH1,51,102,-9999,-9999
P8,N,NA,20MAY2014,13:58:03,-9999,2,10,16.2,-9999,270.31337422,2455.917383,2618.6289283,0,CH1,51,102,-9999,-9999
P8,N,NA,03JUN2014,11:15:00,-9999,1,10,21,-9999,179.92800098,3921.0544275,3569.1800085,0,CH1,45,90,-9999,-9999
P8,N,NA,03JUN2014,11:15:00,-9999,2,10,21,-9999,180.26737237,3953.628041,3954.7198809,0,CH1,45,90,-9999,-9999
P8,N,NA,17JUN2014,13:03:28,-9999,1,10,20.6,-9999,245.86515341,2571.2186208,686.3902819,0,CH1,47.5,95,-9999,-9999
P8,N,NA,17JUN2014,13:30:51,-9999,2,10,20.6,-9999,233.29445808,4231.4737028,1119.208754,0,CH1,47.5,95,-9999,-9999
P8,N,NA,01JUL2014,14:54:12,-9999,1,10,16.8,-9999,272.51029407,4.1358836264,511.19295821,0,CH1,46,92,-9999,-9999
P8,N,NA,01JUL2014,14:54:12,-9999,2,10,16.8,-9999,263.90141663,2383.5679198,2622.0885761,0,CH1,46,92,-9999,-9999
P8,N,NA,15JUL2014,13:01:20,-9999,1,10,21.2,-9999,787.99879045,996.69055195,1549.2911008,0,CH1,53.5,107,-9999,-9999
P8,N,NA,15JUL2014,13:01:20,-9999,2,10,21.2,-9999,264.91790943,955.76816279,1665.281229,0,CH1,53.5,107,-9999,-9999
P8,N,NA,29JUL2014,11:20:07,-9999,1,10,20.4,-9999,210.19720131,517.3173729,1626.1424712,0,CH1,45,90,-9999,-9999
P8,N,NA,29JUL2014,11:20:07,-9999,2,10,20.4,-9999,202.61703977,517.19203766,545.88420626,0,CH1,45,90,-9999,-9999
P8,N,NA,12AUG2014,13:00:55,-9999,1,10,25,-9999,638.46651818,7244.7995829,2667.9981123,0,CH1,37.5,75,-9999,-9999
P8,N,NA,12AUG2014,13:00:55,-9999,2,10,25,-9999,549.59456336,7590.907023,4524.8633103,0,CH1,37.5,75,-9999,-9999
P8,N,NA,25AUG2014,11:07:50,-9999,1,10,17.5,-9999,313.11409146,548.79226457,2307.9492863,0,CH1,52,104,-9999,-9999
P8,N,NA,25AUG2014,11:07:50,-9999,2,10,17.5,-9999,249.500008,516.73035168,2278.0281156,0,CH1,52,104,-9999,-9999
P8,N,NA,09SEP2014,14:41:15,-9999,1,10,16.4,-9999,219.80162577,2483.3110882,2410.6077747,0,CH1,39,78,-9999,-9999
P8,N,NA,09SEP2014,14:41:15,-9999,2,10,16.4,-9999,220.91665197,2444.0174481,2322.3661044,0,CH1,39,78,-9999,-9999
P8,N,NA,23SEP2014,11:34:05,-9999,1,10,17,-9999,439.00281521,2866.9205715,2991.5431212,0,CH1,44,88,-9999,-9999
P8,N,NA,23SEP2014,11:34:05,-9999,2,10,17,-9999,391.09177133,2924.0455915,2325.6839949,0,CH1,44,88,-9999,-9999
P8,N,NA,07OCT2014,10:09:40,-9999,1,10,7.6,-9999,289.41766819,360.10750399,970.57832324,0,CH1,42,84,-9999,-9999
P8,N,NA,07OCT2014,10:09:40,-9999,2,10,7.6,-9999,283.17130495,359.38995535,836.32478063,0,CH1,42,84,-9999,-9999
P8,N,NA,21OCT2014,13:12:00,-9999,1,10,10.7,-9999,266.15123179,2.0304835209,439.95268438,0,CH1,46.5,93,-9999,-9999
P8,N,NA,21OCT2014,13:12:00,-9999,2,10,10.7,-9999,303.93696589,3659.4782797,1763.6129242,0,CH1,46.5,93,-9999,-9999
P8,N,NA,04NOV2014,14:09:31,-9999,1,10,4,-9999,300.86517036,391.35411134,831.84710566,0,CH1,45.5,91,-9999,-9999
P8,N,NA,04NOV2014,14:09:31,-9999,2,10,4,-9999,305.83150757,437.58860858,839.0643854,0,CH1,45.5,91,-9999,-9999
P8,N,NA,05MAY2015,12:14:36,-9999,1,10,15.1,-9999,240.05739307,566.31748539,2329.3330952,0,CH1,47.5,95,-9999,-9999
P8,N,NA,05MAY2015,12:14:36,-9999,2,10,15.1,-9999,240.69995476,592.99639471,2379.1383614,0,CH1,47.5,95,-9999,-9999
P8,N,NA,20MAY2015,11:54:33,-9999,1,10,11.1,-9999,299.41968449,490.91267895,1047.7585012,0,CH1,49.5,99,-9999,-9999
P8,N,NA,20MAY2015,11:54:33,-9999,2,10,11.1,-9999,296.44964395,501.53302043,979.05443269,0,CH1,49.5,99,-9999,-9999
P8,N,NA,02JUN2015,11:19:17,-9999,1,10,18.1,-9999,275.67675361,594.39156744,1313.935765,0,CH1,44.5,89,-9999,-9999
P8,N,NA,02JUN2015,11:19:17,-9999,2,10,18.1,-9999,274.41517456,638.66330147,1311.9013493,0,CH1,44.5,89,-9999,-9999
P8,N,NA,16JUN2015,13:16:58,-9999,1,10,19,-9999,235.55617341,4389.8920324,2716.5934178,0,CH1,47.5,95,-9999,-9999
P8,N,NA,30JUN2015,11:13:02,-9999,1,10,24.1,-9999,260.76471859,25102.809512,6615.177614,0,CH1,52,104,-9999,-9999
P8,N,NA,30JUN2015,11:13:02,-9999,2,10,24.1,-9999,256.15571422,24928.400528,6044.0855659,0,CH1,52,104,-9999,-9999
P8,N,NA,14JUL2015,13:19:14,-9999,1,10,29.4,-9999,223.57206344,25607.957879,10011.725483,0,CH1,47.5,95,-9999,-9999
P8,N,NA,14JUL2015,13:19:14,-9999,2,10,29.4,-9999,246.43428026,25795.133322,10009.746225,0,CH1,47.5,95,-9999,-9999
P8,N,NA,28JUL2015,12:23:24,-9999,1,10,24.1,-9999,258.45857604,2894.7322169,2704.9426595,0,CH1,56,112,-9999,-9999
P8,N,NA,28JUL2015,12:23:24,-9999,2,10,24.1,-9999,266.39575817,2901.5423031,2715.5972163,0,CH1,56,112,-9999,-9999
P8,N,NA,11AUG2015,12:18:00,-9999,1,10,25.2,-9999,232.49101131,8706.7069155,1896.4594383,0,CH1,43,86,-9999,-9999
P8,N,NA,11AUG2015,12:18:00,-9999,2,10,25.2,-9999,238.25715517,9627.9464625,2055.3489059,0,CH1,43,86,-9999,-9999
P8,N,NA,25AUG2015,10:42:08,-9999,1,10,17.7,-9999,250.17288189,2365.9558623,1020.5934,0,CH1,40.5,81,-9999,-9999
P8,N,NA,25AUG2015,10:42:08,-9999,2,10,17.7,-9999,251.91752699,2335.0718439,1015.5055644,0,CH1,40.5,81,-9999,-9999
P8,N,NA,10SEP2015,12:20:56,-9999,1,10,17.7,-9999,234.36138653,3669.4909741,1345.9692492,0,CH1,45.5,91,-9999,-9999
P8,N,NA,10SEP2015,12:20:56,-9999,2,10,17.7,-9999,232.59262274,3535.5973317,1335.3880396,0,CH1,45.5,91,-9999,-9999
P8,N,NA,22SEP2015,11:52:41,-9999,1,10,17,-9999,226.94295155,856.06392511,1050.5871244,0,CH1,40,80,-9999,-9999
P8,N,NA,22SEP2015,11:52:41,-9999,2,10,17,-9999,222.93164932,875.67207046,1045.1183198,0,CH1,40,80,-9999,-9999
P8,N,NA,06OCT2015,10:24:44,-9999,1,10,9.7,-9999,244.26627634,2540.9595713,655.07297374,0,CH1,30.5,61,-9999,-9999
P8,N,NA,06OCT2015,10:24:44,-9999,2,10,9.7,-9999,242.50562187,2584.7138642,656.97305642,0,CH1,30.5,61,-9999,-9999
P8,N,NA,22OCT2015,13:29:40,-9999,1,10,11,-9999,260.57784547,278.25584357,473.02239504,0,CH1,28.5,57,-9999,-9999
P8,N,NA,22OCT2015,13:29:40,-9999,2,10,11,-9999,261.66217597,365.05916802,490.75937765,0,CH1,28.5,57,-9999,-9999
P8,N,NA,05NOV2015,12:17:05,-9999,1,10,3.8,-9999,253.39877642,789.54240795,436.96993155,0,CH1,30,60,-9999,-9999
P8,N,H,11APR2016,13:55:21,-9999,1,12,-9999,-9999,702.05743119,74.337761435,3332.7941859,38,CH1,-9999,-9999,-9999,-9999
P8,N,H,11APR2016,13:55:21,-9999,2,12,-9999,-9999,641.08864938,55.854401077,2710.6086943,37,CH1,-9999,-9999,-9999,-9999
P8,N,H,11APR2016,13:55:21,-9999,3,12,-9999,-9999,719.35440873,58.512535288,3256.8072556,38,CH1,-9999,-9999,-9999,-9999
P8,N,NA,11APR2016,13:55:21,-9999,1,10,4.4,-9999,290.46743561,663.68577023,500.1757446,0,CH1,38.5,77,-9999,-9999
P8,N,NA,11APR2016,13:55:21,-9999,2,10,4.4,-9999,315.28716833,876.66480255,522.17515348,0,CH1,38.5,77,-9999,-9999
P8,N,S,26APR2016,14:21:31,-9999,1,12,-9999,-9999,194.90902317,14.167204873,933.21850065,0,CH1,-9999,-9999,-9999,-9999
P8,N,P,26APR2016,14:21:31,-9999,1,12,-9999,-9999,169.91237613,5.652330559,846.31638223,0,CH1,-9999,-9999,-9999,-9999
P8,N,S,26APR2016,14:21:31,-9999,2,12,-9999,-9999,167.41246616,12.648425548,882.09611489,0,CH1,-9999,-9999,-9999,-9999
P8,N,P,26APR2016,14:21:31,-9999,2,12,-9999,-9999,168.98250414,5.8100876702,939.13012323,0,CH1,-9999,-9999,-9999,-9999
P8,N,S,26APR2016,14:21:31,-9999,3,12,-9999,-9999,170.50988509,9.865980349,860.63791319,0,CH1,-9999,-9999,-9999,-9999
P8,N,P,26APR2016,14:21:31,-9999,3,12,-9999,-9999,172.91528084,9.8050177095,954.91301983,0,CH1,-9999,-9999,-9999,-9999
P8,N,P,10MAY2016,14:35:57,-9999,1,12,-9999,-9999,103.11107725,137.1334188,1927.0519219,20,CH1,-9999,-9999,-9999,-9999
P8,N,S,10MAY2016,14:35:57,-9999,1,12,-9999,-9999,107.79893971,25.993175571,1435.449222,20,CH1,-9999,-9999,-9999,-9999
P8,N,S,10MAY2016,14:35:57,-9999,2,12,-9999,-9999,111.87328207,9.068217413,1230.0984092,20,CH1,-9999,-9999,-9999,-9999
P8,N,S,10MAY2016,14:35:57,-9999,3,12,-9999,-9999,103.50406082,26.871586404,1329.5041771,20,CH1,-9999,-9999,-9999,-9999
P8,N,NA,10MAY2016,14:35:57,-9999,1,10,-9999,-9999,271.98054983,3716.4289692,2151.7002559,0,CH1,-9999,-9999,-9999,-9999
P8,N,P,02JUN2016,13:23:40,-9999,1,12,-9999,-9999,135.67923989,91.96047862,1730.8204066,20,CH1,-9999,-9999,-9999,-9999
P8,N,S,02JUN2016,13:23:40,-9999,1,12,-9999,-9999,119.93537877,9.9161367187,1085.1443222,20,CH1,-9999,-9999,-9999,-9999
P8,N,P,02JUN2016,13:23:40,-9999,2,12,-9999,-9999,133.82092141,60.627595869,1242.3778932,20,CH1,-9999,-9999,-9999,-9999
P8,N,P,02JUN2016,13:23:40,-9999,3,12,-9999,-9999,130.63395885,17.614576268,1319.8370441,20,CH1,-9999,-9999,-9999,-9999
P8,N,NA,02JUN2016,13:23:40,-9999,1,10,18,-9999,457.95755114,895.10889816,2041.6028287,0,CH1,36.5,73,40.6,9.72
P8,N,NA,02JUN2016,13:23:40,-9999,2,10,18,-9999,358.34051948,894.62679792,1994.6114839,0,CH1,36.5,73,40.6,9.72
P8,N,P,14JUN2016,14:13:12,-9999,1,12,-9999,-9999,93.930276515,31.84257031,2441.268001,20,CH1,-9999,-9999,-9999,-9999
P8,N,S,14JUN2016,14:13:12,-9999,1,12,-9999,-9999,90.906769533,26.424528909,1970.6358203,20,CH1,-9999,-9999,-9999,-9999
P8,N,P,14JUN2016,14:13:12,-9999,2,12,-9999,-9999,93.266971822,35.597500696,2586.9808088,20,CH1,-9999,-9999,-9999,-9999
P8,N,P,14JUN2016,14:13:12,-9999,3,12,-9999,-9999,102.68724535,27.55262799,2390.6337255,20,CH1,-9999,-9999,-9999,-9999
P8,N,NA,14JUN2016,14:13:12,-9999,1,10,22,-9999,197.82307872,2296.8036298,5691.1375667,0,CH1,41,82,100,4.68
P8,N,NA,14JUN2016,14:13:12,-9999,2,10,22,-9999,202.01518034,2170.5622392,5406.3976798,0,CH1,41,82,100,4.68
P8,N,S,28JUN2016,10:22:09,-9999,1,12,-9999,-9999,114.11668777,12.638871464,655.99098091,20,CH1,-9999,-9999,-9999,-9999
P8,N,P,28JUN2016,10:22:09,-9999,1,12,-9999,-9999,97.528781827,14.417473614,675.84577638,20,CH1,-9999,-9999,-9999,-9999
P8,N,P,28JUN2016,10:22:09,-9999,2,12,-9999,-9999,98.644653965,16.592946533,720.94407324,20,CH1,-9999,-9999,-9999,-9999
P8,N,P,28JUN2016,10:22:09,-9999,3,12,-9999,-9999,109.83116637,15.095417317,780.11658414,20,CH1,-9999,-9999,-9999,-9999
P8,N,NA,28JUN2016,10:22:09,-9999,1,10,22.2,-9999,256.41377548,1090.8205946,860.15614149,0,CH1,31.5,63,46.5,0.72
P8,N,NA,28JUN2016,10:22:09,-9999,2,10,22.2,-9999,253.45809555,1093.1985663,865.96196697,0,CH1,31.5,63,46.5,0.72
P8,N,P,19JUL2016,10:05:23,-9999,1,12,-9999,-9999,106.0470512,29.618568683,910.59219532,20,CH1,-9999,-9999,-9999,-9999
P8,N,S,19JUL2016,10:05:23,-9999,1,12,-9999,-9999,107.7701671,25.352328203,801.8181194,20,CH1,-9999,-9999,-9999,-9999
P8,N,P,19JUL2016,10:05:23,-9999,2,12,-9999,-9999,103.57831306,32.908815622,857.47272646,20,CH1,-9999,-9999,-9999,-9999
P8,N,S,19JUL2016,10:05:23,-9999,2,12,-9999,-9999,117.30620497,28.062182458,792.28060757,20,CH1,-9999,-9999,-9999,-9999
P8,N,S,19JUL2016,10:05:23,-9999,3,12,-9999,-9999,105.4421373,25.242974648,1007.8756693,20,CH1,-9999,-9999,-9999,-9999
P8,N,P,19JUL2016,10:05:23,-9999,3,12,-9999,-9999,99.620176448,27.339740493,880.24922659,20,CH1,-9999,-9999,-9999,-9999
P8,N,NA,19JUL2016,10:05:23,-9999,1,10,22.7,-9999,251.70238057,2409.8014624,746.35578023,0,CH1,39,78,97,6.84
P8,N,NA,19JUL2016,10:05:23,-9999,2,10,22.7,-9999,251.08097339,2159.9347113,713.43510322,0,CH1,39,78,97,6.84
P8,N,S,01AUG2016,10:56:35,-9999,1,12,-9999,-9999,103.79861841,12.546245852,573.1974076,20,CH1,-9999,-9999,-9999,-9999
P8,N,P,01AUG2016,10:56:35,-9999,1,12,-9999,-9999,105.51493949,16.191048374,1100.8684773,20,CH1,-9999,-9999,-9999,-9999
P8,N,S,01AUG2016,10:56:35,-9999,2,12,-9999,-9999,102.12630676,11.410897433,522.69728303,20,CH1,-9999,-9999,-9999,-9999
P8,N,P,01AUG2016,10:56:35,-9999,2,12,-9999,-9999,142.29203162,17.689363713,695.10637628,20,CH1,-9999,-9999,-9999,-9999
P8,N,S,01AUG2016,10:56:35,-9999,3,12,-9999,-9999,108.49567196,12.829821034,605.82164407,20,CH1,-9999,-9999,-9999,-9999
P8,N,P,01AUG2016,10:56:35,-9999,3,12,-9999,-9999,104.52668284,18.673960958,711.99104257,20,CH1,-9999,-9999,-9999,-9999
P8,N,NA,01AUG2016,10:56:35,-9999,1,10,28,-9999,265.2621112,1094.2514742,783.56846998,0,CH1,35,70,82.1,9.72
P8,N,NA,01AUG2016,10:56:35,-9999,2,10,28,-9999,257.05443692,1087.5498104,723.53609279,0,CH1,35,70,82.1,9.72
P8,N,NA,08AUG2016,13:17:14,-9999,1,10,24,-9999,254.42394564,2555.9941792,814.10504087,0,CH1,33.5,67,60.1,14.76
P8,N,NA,08AUG2016,13:17:14,-9999,2,10,24,-9999,262.23395688,3231.3454127,904.7469494,0,CH1,33.5,67,60.1,14.76
P8,N,S,11AUG2016,13:00:00,-9999,1,12,-9999,-9999,118.90883273,39.899845771,1250.3616297,20,CH1,-9999,-9999,-9999,-9999
P8,N,P,11AUG2016,13:00:00,-9999,1,12,-9999,-9999,94.436438595,232.81222983,1391.9101994,20,CH1,-9999,-9999,-9999,-9999
P8,N,P,11AUG2016,13:00:00,-9999,2,12,-9999,-9999,83.080039014,256.92545444,1192.2759237,20,CH1,-9999,-9999,-9999,-9999
P8,N,S,11AUG2016,13:00:00,-9999,2,12,-9999,-9999,90.666065011,75.45890735,781.51179952,20,CH1,-9999,-9999,-9999,-9999
P8,N,P,11AUG2016,13:00:00,-9999,3,12,-9999,-9999,140.66134734,233.98119757,1150.0282848,20,CH1,-9999,-9999,-9999,-9999
P8,N,S,11AUG2016,13:00:00,-9999,3,12,-9999,-9999,104.19473336,90.582284298,803.12410305,20,CH1,-9999,-9999,-9999,-9999
P8,N,P,23AUG2016,10:14:29,-9999,1,12,-9999,-9999,124.09199191,14.62997481,1015.6761434,20,CH1,-9999,-9999,-9999,-9999
P8,N,S,23AUG2016,10:14:29,-9999,1,12,-9999,-9999,105.33497237,19.869156108,1171.466529,20,CH1,-9999,-9999,-9999,-9999
P8,N,P,23AUG2016,10:14:29,-9999,2,12,-9999,-9999,104.91093705,13.504594368,955.66748395,20,CH1,-9999,-9999,-9999,-9999
P8,N,S,23AUG2016,10:14:29,-9999,2,12,-9999,-9999,95.884478474,15.586558829,983.35632205,20,CH1,-9999,-9999,-9999,-9999
P8,N,P,23AUG2016,10:14:29,-9999,3,12,-9999,-9999,103.31307846,13.905086765,907.70861915,20,CH1,-9999,-9999,-9999,-9999
P8,N,S,23AUG2016,10:14:29,-9999,3,12,-9999,-9999,103.42877204,18.062842804,971.83504227,20,CH1,-9999,-9999,-9999,-9999
P8,N,NA,23AUG2016,10:14:29,-9999,1,10,21.6,-9999,294.09521689,1059.3352726,1220.8462809,0,CH1,37,74,83.5,2.88
P8,N,NA,23AUG2016,10:14:29,-9999,2,10,21.6,-9999,278.53771837,1093.4210815,1222.948519,0,CH1,37,74,83.5,2.88
P8,N,P,07SEP2016,9:40:47,-9999,1,12,-9999,-9999,116.77537465,19.726386502,1270.2666874,20,CH1,-9999,-9999,-9999,-9999
P8,N,S,07SEP2016,9:40:47,-9999,1,12,-9999,-9999,114.66145909,17.401881138,1227.7384539,20,CH1,-9999,-9999,-9999,-9999
P8,N,S,07SEP2016,9:40:47,-9999,2,12,-9999,-9999,103.32066059,14.567650806,1037.1395398,20,CH1,-9999,-9999,-9999,-9999
P8,N,P,07SEP2016,9:40:47,-9999,2,12,-9999,-9999,109.16201559,28.215120551,1303.9719541,20,CH1,-9999,-9999,-9999,-9999
P8,N,P,07SEP2016,9:40:47,-9999,3,12,-9999,-9999,115.01732206,28.818448677,1345.0150084,20,CH1,-9999,-9999,-9999,-9999
P8,N,S,07SEP2016,9:40:47,-9999,3,12,-9999,-9999,120.07244333,17.83557038,1200.8837924,20,CH1,-9999,-9999,-9999,-9999
P8,N,NA,07SEP2016,9:40:47,-9999,1,10,16.8,-9999,224.71325469,1551.4615054,1336.6673915,0,CH1,37.5,75,73.5,1.44
P8,N,NA,07SEP2016,9:40:47,-9999,2,10,16.8,-9999,227.18417321,1550.2306319,1331.0259753,0,CH1,37.5,75,73.5,1.44
P8,N,P,20SEP2016,12:57:04,-9999,1,12,-9999,-9999,127.07062944,16.710495906,1153.0179693,20,CH1,-9999,-9999,-9999,-9999
P8,N,S,20SEP2016,12:57:04,-9999,1,12,-9999,-9999,121.5849683,14.680851319,1107.8490288,20,CH1,-9999,-9999,-9999,-9999
P8,N,P,20SEP2016,12:57:04,-9999,2,12,-9999,-9999,124.04555241,16.44481073,1185.3665715,20,CH1,-9999,-9999,-9999,-9999
P8,N,S,20SEP2016,12:57:04,-9999,2,12,-9999,-9999,126.42042881,14.795596198,1211.5973318,20,CH1,-9999,-9999,-9999,-9999
P8,N,S,20SEP2016,12:57:04,-9999,3,12,-9999,-9999,122.21858469,14.339750017,1052.9303453,20,CH1,-9999,-9999,-9999,-9999
P8,N,P,20SEP2016,12:57:04,-9999,3,12,-9999,-9999,124.85005878,16.526817663,1181.2359477,20,CH1,-9999,-9999,-9999,-9999
P8,N,NA,20SEP2016,12:57:04,-9999,1,10,17.6,-9999,260.30979725,823.1041016,1032.3119432,0,CH1,35,70,62.1,1.08
P8,N,NA,20SEP2016,12:57:04,-9999,2,10,17.6,-9999,265.10245213,824.61698366,1031.9266148,0,CH1,35,70,62.1,1.08
P8,N,NA,04OCT2016,11:23:56,-9999,1,10,16.6,-9999,290.27260722,551.9989177,1174.5062868,0,CH1,37,74,-9999,-9999
P8,N,NA,20OCT2016,11:44:44,-9999,1,10,6.8,-9999,263.12844578,228.07640398,660.539763,0,CH1,31.5,63,-9999,-9999
P8,N,NA,20OCT2016,11:44:44,-9999,2,10,6.8,-9999,266.14746175,226.52985543,653.98742668,0,CH1,31.5,63,-9999,-9999
P8,N,NA,01NOV2016,10:41:24,-9999,1,10,7.2,-9999,286.63130767,146.84360301,703.3543684,0,CH1,34.5,69,-9999,-9999
P8,N,NA,01NOV2016,10:41:24,-9999,2,10,7.2,-9999,290.68608674,146.19934705,690.98103736,0,CH1,34.5,69,-9999,-9999
P8,N,NA,15NOV2016,10:50:20,-9999,1,10,6.3,-9999,294.17071465,113.34566122,632.51204122,0,CH1,34.5,69,-9999,-9999
P8,N,NA,15NOV2016,10:50:20,-9999,2,10,6.3,-9999,296.62010218,119.05044701,627.46611201,0,CH1,34.5,69,-9999,-9999
ROOS 2,N,S,17MAY2016,11:09:46,15.3,1,12,-9999,1.693,214.27406095,9.9218665408,623.72446887,20,CH1,-9999,-9999,-9999,-9999
ROOS 2,N,S,17MAY2016,11:10:05,15.3,2,12,-9999,1.693,209.87019693,8.0939738916,736.93625999,20,CH1,-9999,-9999,-9999,-9999
ROOS 2,N,S,27JUL2016,11:34:08,23.5,1,12,-9999,3.013,525.32185631,12.125555755,570.03353969,20,CH1,-9999,-9999,-9999,-9999
ROOS 2,N,S,27JUL2016,11:34:23,23.5,2,12,-9999,3.013,478.84383786,10.927203116,547.95932057,20,CH1,-9999,-9999,-9999,-9999
ROOS 2,N,S,27JUL2016,11:34:39,23.5,3,12,-9999,3.013,582.98263832,13.703468961,628.20719343,20,CH1,-9999,-9999,-9999,-9999
ROOS 2,N,S,28SEP2016,10:58:14,10,1,12,-9999,3.18,122.03546583,2.9596159584,376.01647798,20,CH1,-9999,-9999,-9999,-9999
ROOS 2,N,S,28SEP2016,10:58:39,10,2,12,-9999,3.18,108.75831338,2.6470046897,308.39924301,20,CH1,-9999,-9999,-9999,-9999
ROOS 2,N,S,28SEP2016,10:58:55,10,3,12,-9999,3.18,117.88487644,2.7948078964,380.41692281,20,CH1,-9999,-9999,-9999,-9999
ROOS 4,N,S,17MAY2016,12:54:08,20,1,12,-9999,1.727,143.47305488,16.793877013,975.55635451,20,CH1,-9999,-9999,-9999,-9999
ROOS 4,N,S,17MAY2016,12:54:41,20,2,12,-9999,1.727,125.05499066,14.087287533,1291.6187074,20,CH1,-9999,-9999,-9999,-9999
ROOS 4,N,S,27JUL2016,13:25:55,25.3,1,12,-9999,1.683,579.2264465,1.909287513,375.99848365,20,CH1,-9999,-9999,-9999,-9999
ROOS 4,N,S,27JUL2016,13:26:45,25.3,2,12,-9999,1.683,99.065290803,29.8017941,106.56847228,20,CH1,-9999,-9999,-9999,-9999
ROOS 4,N,S,27JUL2016,13:27:20,25.3,3,12,-9999,1.683,104.62935531,27.384366522,147.16641441,20,CH1,-9999,-9999,-9999,-9999
ROOS 4,N,S,28SEP2016,12:48:51,11.2,1,12,9.61,2.095,50.978877163,7.3766003581,185.91436463,20,CH1,-9999,-9999,-9999,-9999
ROOS 4,N,S,28SEP2016,12:49:05,11.2,2,12,9.61,2.095,76.525201344,7.5059014269,192.84104397,20,CH1,-9999,-9999,-9999,-9999
ROOS 4,N,S,28SEP2016,12:49:19,11.2,3,12,9.61,2.095,41.865572049,6.8956517178,209.59785211,20,CH1,-9999,-9999,-9999,-9999
ROOS 5,N,S,17MAY2016,12:01:59,-9999,1,12,-9999,1.96,149.65972441,3.131416833,555.03260801,20,CH1,-9999,-9999,-9999,-9999
ROOS 5,N,S,17MAY2016,12:02:45,-9999,2,12,-9999,1.96,141.36768543,2.8654578174,878.34680167,20,CH1,-9999,-9999,-9999,-9999
ROOS 8,N,S,17MAY2016,13:56:23,23.4,1,12,-9999,1.452,96.649305988,4.6114721389,7465.7023029,20,CH1,-9999,-9999,-9999,-9999
ROOS 8,N,S,17MAY2016,13:56:38,23.4,2,12,-9999,1.452,98.563676458,4.5049297511,7674.1218597,20,CH1,-9999,-9999,-9999,-9999
T2,N,NA,09MAY2013,16:55:30,-9999,1,10,12.5,-9999,148.90511203,43.604208364,2097.2544027,0,CH1,21,42,-9999,-9999
T2,N,NA,09MAY2013,16:56:55,-9999,2,10,12.5,-9999,146.80838695,44.348589805,2043.0124199,0,CH1,21,42,-9999,-9999
T2,N,NA,23MAY2013,18:09:19,-9999,1,10,17,-9999,2280.4778976,340.35068203,3950.7421328,0,CH1,27.5,55,-9999,-9999
T2,N,NA,23MAY2013,18:10:01,-9999,2,10,17,-9999,2294.969692,344.713067,3981.1761726,0,CH1,27.5,55,-9999,-9999
T2,N,NA,06JUN2013,11:06:37,-9999,1,10,11,-9999,1712.8906321,182.87404549,7270.2124941,0,CH1,21.5,43,-9999,-9999
T2,N,NA,06JUN2013,11:12:38,-9999,2,10,11,-9999,1513.990354,214.43003887,7003.8164738,0,CH1,21.5,43,-9999,-9999
T2,N,NA,20JUN2013,11:18:15,-9999,1,10,20.8,-9999,443.84204238,1428.2241985,39005.337144,0,CH1,18.5,37,-9999,-9999
T2,N,NA,20JUN2013,11:19:04,-9999,2,10,20.8,-9999,459.27593057,1425.0810773,38205.779532,0,CH1,18.5,37,-9999,-9999
T2,N,NA,03JUL2013,14:55:37,-9999,1,10,23.7,-9999,73.309610225,2804.9459854,34074.981029,0,CH1,36,72,-9999,-9999
T2,N,NA,03JUL2013,14:57:52,-9999,2,10,23.7,-9999,70.637214883,2764.6454834,34363.166823,0,CH1,36,72,-9999,-9999
T2,N,NA,17JUL2013,13:35:10,-9999,1,10,24.9,-9999,83.445074704,3238.9714172,33050.659256,0,CH1,17,34,-9999,-9999
T2,N,NA,17JUL2013,13:53:21,-9999,2,10,24.9,-9999,84.489055788,3365.6416405,34707.595776,0,CH1,17,34,-9999,-9999
T2,N,NA,30JUL2013,11:01:19,-9999,1,10,18.7,-9999,153.09069807,4058.9198476,-9999,0,CH1,10,20,-9999,-9999
T2,N,NA,30JUL2013,11:54:20,-9999,2,10,18.7,-9999,173.2827433,5011.9660945,-9999,0,CH1,10,20,-9999,-9999
T2,N,NA,22OCT2013,15:29:56,-9999,1,10,5.1,-9999,248.81149069,715.84241209,11384.346616,0,CH1,11.5,23,-9999,-9999
T2,N,NA,22OCT2013,15:47:58,-9999,2,10,5.1,-9999,255.67115125,714.5289532,11709.538168,0,CH1,11.5,23,-9999,-9999
T2,N,NA,24APR2014,10:48:00,-9999,1,10,6,-9999,404.42213096,334.97408493,5268.501969,0,CH1,23.5,47,-9999,-9999
T2,N,NA,24APR2014,10:48:00,-9999,2,10,6,-9999,393.10811742,349.92654084,4670.9707312,0,CH1,23.5,47,-9999,-9999
T2,N,NA,08MAY2014,10:19:40,-9999,1,10,6.1,-9999,1192.9798498,640.21934062,15245.522354,0,CH1,22.5,45,-9999,-9999
T2,N,NA,08MAY2014,10:19:40,-9999,2,10,6.1,-9999,1198.8514063,645.77267807,15157.417842,0,CH1,22.5,45,-9999,-9999
T2,N,NA,22MAY2014,10:32:17,-9999,1,10,11.1,-9999,1357.8078331,2255.0726136,25403.668847,0,CH1,24.5,49,-9999,-9999
T2,N,NA,22MAY2014,10:32:17,-9999,2,10,11.1,-9999,1329.3319435,2276.9777024,25203.12225,0,CH1,24.5,49,-9999,-9999
T2,N,NA,05JUN2014,15:18:03,-9999,1,10,23,-9999,1140.0653519,794.942658,13988.980457,0,CH1,23.5,47,-9999,-9999
T2,N,NA,05JUN2014,15:18:03,-9999,2,10,23,-9999,956.30277233,810.85662037,14107.616629,0,CH1,23.5,47,-9999,-9999
T2,N,NA,19JUN2014,15:44:22,-9999,1,10,18.9,-9999,1381.6869214,2603.5235858,27790.360023,0,CH1,23,46,-9999,-9999
T2,N,NA,19JUN2014,15:44:22,-9999,2,10,18.9,-9999,1200.1372548,2592.4259974,26743.576323,0,CH1,23,46,-9999,-9999
T2,N,NA,29JUN2014,10:00:02,-9999,1,10,14,-9999,585.63396818,4397.4113723,25337.697289,0,CH1,26.5,53,-9999,-9999
T2,N,NA,29JUN2014,10:00:02,-9999,2,10,14,-9999,535.20799202,4070.9122611,23881.897621,0,CH1,26.5,53,-9999,-9999
T2,N,NA,17JUL2014,9:48:54,-9999,1,10,16.7,-9999,1094.6204477,1913.2128669,14033.27419,0,CH1,29.5,59,-9999,-9999
T2,N,NA,17JUL2014,9:48:54,-9999,2,10,16.7,-9999,169.42244754,1794.4816776,13903.309478,0,CH1,29.5,59,-9999,-9999
T2,N,NA,31JUL2014,15:06:43,-9999,1,10,23,-9999,151.11761574,755.15286712,51681.138487,0,CH1,20.5,41,-9999,-9999
T2,N,NA,31JUL2014,15:06:43,-9999,2,10,23,-9999,135.07904381,762.41400795,35807.585924,0,CH1,20.5,41,-9999,-9999
T2,N,NA,12AUG2014,15:14:54,-9999,2,10,21.9,-9999,292.20931549,15168.092938,64914.046273,0,CH1,18,36,-9999,-9999
T2,N,NA,14AUG2014,15:14:54,-9999,1,10,21.9,-9999,270.79630114,15056.584579,74906.874528,0,CH1,18,36,-9999,-9999
T2,N,NA,28AUG2014,10:15:54,-9999,1,10,17,-9999,379.27888029,16723.746475,46394.911095,0,CH1,15,30,-9999,-9999
T2,N,NA,28AUG2014,10:15:54,-9999,2,10,17,-9999,314.86400527,17731.306111,65766.104122,0,CH1,15,30,-9999,-9999
T2,N,NA,11SEP2014,15:20:50,-9999,1,10,11.7,-9999,122.11494579,14456.720916,36334.816751,0,CH1,16,32,-9999,-9999
T2,N,NA,25SEP2014,10:14:04,-9999,1,10,13.9,-9999,265.13064032,15677.936794,45514.70797,0,CH1,15.5,31,-9999,-9999
T2,N,NA,25SEP2014,10:14:04,-9999,2,10,13.9,-9999,439.72867193,13200.354155,42129.305271,0,CH1,15.5,31,-9999,-9999
T2,N,NA,08OCT2014,15:36:15,-9999,1,10,8.4,-9999,121.12114074,6089.8333457,19481.345047,0,CH1,14,28,-9999,-9999
T2,N,NA,08OCT2014,15:36:15,-9999,2,10,8.4,-9999,121.18217136,6344.684223,19403.496184,0,CH1,14,28,-9999,-9999
T2,N,NA,23OCT2014,14:45:46,-9999,1,10,9.2,-9999,106.51634976,6985.0151653,22877.189035,0,CH1,16,32,-9999,-9999
T2,N,NA,07MAY2015,12:18:33,-9999,1,10,11.9,-9999,231.65669249,8066.22131,55961.870445,0,CH1,18.5,37,-9999,-9999
T2,N,NA,07MAY2015,12:18:33,-9999,2,10,11.9,-9999,288.14292225,7540.6650829,50783.351469,0,CH1,18.5,37,-9999,-9999
T2,N,NA,20MAY2015,13:28:23,-9999,1,10,12.9,-9999,2442.975606,940.92293189,14438.191351,0,CH1,21,42,-9999,-9999
T2,N,NA,20MAY2015,13:28:23,-9999,2,10,12.9,-9999,2453.1811021,1237.2422642,15475.083255,0,CH1,21,42,-9999,-9999
T2,N,NA,04JUN2015,9:58:39,-9999,1,10,16.9,-9999,283.02269904,641.11372974,525.98218858,0,CH1,44.5,89,-9999,-9999
T2,N,NA,04JUN2015,9:58:39,-9999,2,10,16.9,-9999,277.50953503,638.30589866,523.9594198,0,CH1,44.5,89,-9999,-9999
T2,N,NA,16JUN2015,14:48:20,-9999,1,10,14.3,-9999,171.94436894,4615.2386792,22144.33763,0,CH1,21,42,-9999,-9999
T2,N,NA,16JUN2015,14:48:20,-9999,2,10,14.3,-9999,170.7715508,4459.7697588,22435.949106,0,CH1,21,42,-9999,-9999
T2,N,NA,30JUN2015,10:06:43,-9999,1,10,20.3,-9999,123.30705349,8133.887035,46551.618613,0,CH1,20,40,-9999,-9999
T2,N,NA,30JUN2015,10:06:43,-9999,2,10,20.3,-9999,114.64453925,8022.5467145,49112.995286,0,CH1,20,40,-9999,-9999
T2,N,NA,14JUL2015,14:33:03,-9999,1,10,31.3,-9999,453.38033405,14565.447264,57315.311936,0,CH1,25,50,-9999,-9999
T2,N,NA,14JUL2015,14:33:03,-9999,2,10,31.3,-9999,412.07989013,14122.323733,59751.234431,0,CH1,25,50,-9999,-9999
T2,N,NA,28JUL2015,13:44:09,-9999,1,10,22,-9999,195.0572736,15396.17308,64626.817277,0,CH1,16.5,33,-9999,-9999
T2,N,NA,28JUL2015,13:44:09,-9999,2,10,22,-9999,236.9534018,15924.064675,71613.393234,0,CH1,16.5,33,-9999,-9999
T2,N,NA,11AUG2015,13:52:56,-9999,1,10,22.4,-9999,695.11679059,11806.670365,42756.029405,0,CH1,11.5,23,-9999,-9999
T3,N,NA,06MAY2013,14:38:29,-9999,1,10,-9999,-9999,807.74968916,87.339106118,3597.3797931,0,CH1,11.5,23,-9999,-9999
T3,N,NA,06MAY2013,14:39:10,-9999,2,10,-9999,-9999,796.89344337,85.590299913,3619.6491586,0,CH1,11.5,23,-9999,-9999
T3,N,NA,23MAY2013,12:28:48,-9999,1,10,14.4,-9999,165.66924646,373.09309834,13470.068881,0,CH1,19,38,-9999,-9999
T3,N,NA,23MAY2013,12:29:49,-9999,2,10,14.4,-9999,179.08447835,369.18332894,13466.702226,0,CH1,19,38,-9999,-9999
T3,N,NA,05JUN2013,12:35:56,-9999,1,10,13,-9999,258.14248547,1018.7411883,-9999,0,CH1,18,36,-9999,-9999
T3,N,NA,05JUN2013,12:41:33,-9999,2,10,13,-9999,257.10339484,1109.2643832,-9999,0,CH1,18,36,-9999,-9999
T3,N,NA,19JUN2013,14:55:48,-9999,1,10,23.1,-9999,139.50474715,2210.432193,29191.498424,0,CH1,13.5,27,-9999,-9999
T3,N,NA,19JUN2013,14:56:17,-9999,2,10,23.1,-9999,137.44757139,2210.1638824,29456.791633,0,CH1,13.5,27,-9999,-9999
T3,N,NA,03JUL2013,12:30:41,-9999,1,10,22.6,-9999,121.02859862,2548.0357667,27407.754109,0,CH1,10.5,21,-9999,-9999
T3,N,NA,03JUL2013,12:31:29,-9999,2,10,22.6,-9999,118.97031855,2558.5129396,28456.614879,0,CH1,10.5,21,-9999,-9999
T3,N,NA,23OCT2013,14:00:06,-9999,1,10,5.2,-9999,121.3402624,68.636554399,4993.4878258,0,CH1,19.5,39,-9999,-9999
T3,N,NA,23OCT2013,14:26:00,-9999,2,10,5.2,-9999,123.93326722,68.513241279,5064.9186638,0,CH1,19.5,39,-9999,-9999
T3,N,NA,23APR2014,15:16:05,-9999,1,10,-9999,-9999,329.51396739,33.4493256,2764.4141093,0,CH1,-9999,-9999,-9999,-9999
T3,N,NA,23APR2014,15:16:05,-9999,2,10,-9999,-9999,355.13809328,33.157318679,3134.9280027,0,CH1,-9999,-9999,-9999,-9999
T3,N,NA,08MAY2014,13:04:20,-9999,1,10,7.4,-9999,148.50521869,164.08565764,17099.678351,0,CH1,30.9,61.8,-9999,-9999
T3,N,NA,08MAY2014,13:04:20,-9999,2,10,7.4,-9999,157.77832168,131.09038733,15589.730092,0,CH1,30.9,61.8,-9999,-9999
T3,N,NA,21MAY2014,13:01:06,-9999,1,10,15.5,-9999,124.92658832,635.05419355,-9999,0,CH1,29.75,59.5,-9999,-9999
T3,N,NA,21MAY2014,13:01:06,-9999,2,10,15.5,-9999,133.86888886,610.82315872,-9999,0,CH1,29.75,59.5,-9999,-9999
T3,N,NA,04JUN2014,12:32:08,-9999,1,10,20.1,-9999,688.92497354,472.42988654,15371.107877,0,CH1,28,56,-9999,-9999
T3,N,NA,04JUN2014,12:32:08,-9999,2,10,20.1,-9999,527.93798519,475.66362079,15182.083439,0,CH1,28,56,-9999,-9999
T3,N,NA,18JUN2014,12:14:09,-9999,1,10,18.3,-9999,153.19803639,516.23175848,14355.117158,0,CH1,15,30,-9999,-9999
T3,N,NA,18JUN2014,12:14:09,-9999,2,10,18.3,-9999,162.82057464,490.43240399,13574.981942,0,CH1,15,30,-9999,-9999
T3,N,NA,01JUL2014,11:52:05,-9999,1,10,15.9,-9999,172.88383748,312.31687048,14472.412556,0,CH1,29,58,-9999,-9999
T3,N,NA,01JUL2014,13:58:50,-9999,2,10,15.9,-9999,197.00056329,1153.6764402,20195.681215,0,CH1,29,58,-9999,-9999
T3,N,NA,16JUL2014,12:56:00,-9999,1,10,17.7,-9999,155.68483657,1252.2660844,23083.302345,0,CH1,27.5,55,-9999,-9999
T3,N,NA,16JUL2014,12:56:00,-9999,2,10,17.7,-9999,206.66209724,1271.9723524,21326.376118,0,CH1,27.5,55,-9999,-9999
T3,N,NA,30JUL2014,13:05:10,-9999,1,10,18.1,-9999,113.56402784,1246.3662711,26827.257857,0,CH1,23.5,47,-9999,-9999
T3,N,NA,30JUL2014,13:05:10,-9999,2,10,18.1,-9999,147.5001992,1633.0360512,24672.556952,0,CH1,23.5,47,-9999,-9999
T3,N,NA,13AUG2014,13:23:35,-9999,1,10,20,-9999,248.685805,2604.9523988,28544.933215,0,CH1,16,32,-9999,-9999
T3,N,NA,13AUG2014,13:23:35,-9999,2,10,20,-9999,224.19801515,2625.8189747,28761.226168,0,CH1,16,32,-9999,-9999
T3,N,NA,27AUG2014,10:55:27,-9999,1,10,14,-9999,232.94065649,6053.4786625,29481.103112,0,CH1,19,38,-9999,-9999
T3,N,NA,27AUG2014,10:55:27,-9999,2,10,14,-9999,189.63727451,5936.4536485,28344.013148,0,CH1,19,38,-9999,-9999
T3,N,NA,10SEP2014,13:29:00,-9999,1,10,12,-9999,159.55371648,3921.0756184,22027.196553,0,CH1,21,42,-9999,-9999
T3,N,NA,10SEP2014,13:29:00,-9999,2,10,12,-9999,179.36290751,3735.553425,20181.168854,0,CH1,21,42,-9999,-9999
T3,N,NA,24SEP2014,12:52:12,-9999,1,10,14.7,-9999,612.24383853,5348.9018341,32370.212855,0,CH1,16.5,33,-9999,-9999
T3,N,NA,24SEP2014,12:52:12,-9999,2,10,14.7,-9999,545.50606125,5329.7595411,33202.391286,0,CH1,16.5,33,-9999,-9999
T3,N,NA,09OCT2014,11:18:01,-9999,1,10,6.9,-9999,141.20237872,2628.1839719,21049.508068,0,CH1,16,32,-9999,-9999
T3,N,NA,22APR2015,12:20:30,-9999,1,10,5.1,-9999,228.14261688,179.32125244,3869.3076697,0,CH1,24.5,49,-9999,-9999
T3,N,NA,22APR2015,12:20:30,-9999,2,10,5.1,-9999,202.01987115,267.39894782,4903.1766734,0,CH1,24.5,49,-9999,-9999
T3,N,NA,06MAY2015,12:09:07,-9999,1,10,13,-9999,148.76732708,2669.7215191,44085.761609,0,CH1,16,32,-9999,-9999
T3,N,NA,06MAY2015,12:09:07,-9999,2,10,13,-9999,193.17246186,2306.2928646,34083.935992,0,CH1,16,32,-9999,-9999
T3,N,NA,20MAY2015,12:30:40,-9999,1,10,14,-9999,181.96201976,423.06109382,30776.493701,0,CH1,10.5,21,-9999,-9999
T3,N,NA,20MAY2015,12:30:40,-9999,2,10,14,-9999,179.10730569,430.79470039,31791.61447,0,CH1,10.5,21,-9999,-9999
T3,N,NA,17JUN2015,11:44:25,-9999,1,10,17.7,-9999,272.03557328,1000.7984912,30625.930692,0,CH1,27.5,55,-9999,-9999
T3,N,NA,17JUN2015,11:44:25,-9999,2,10,17.7,-9999,234.49242908,1011.3186187,30995.613223,0,CH1,27.5,55,-9999,-9999
T3,N,NA,29JUN2015,10:57:15,-9999,1,10,21,-9999,212.74026768,7406.9876053,48194.889572,0,CH1,11,22,-9999,-9999
T3,N,NA,29JUN2015,10:57:15,-9999,2,10,21,-9999,198.60099574,7193.0460945,49150.005325,0,CH1,11,22,-9999,-9999
T3,N,NA,15JUL2015,13:00:57,-9999,1,10,20.6,-9999,319.88045852,14121.92357,57423.720077,0,CH1,18,36,-9999,-9999
T3,N,NA,15JUL2015,13:00:57,-9999,2,10,20.6,-9999,369.61535402,12823.889683,54983.366249,0,CH1,18,36,-9999,-9999
T3,N,NA,29JUL2015,13:23:05,-9999,1,10,20.7,-9999,334.61865946,13775.058191,43183.55496,0,CH1,11,22,-9999,-9999
T3,N,S,28APR2016,11:34:04,-9999,1,12,-9999,-9999,152.32643664,1.1734409312,3113.1534159,0,CH1,-9999,-9999,-9999,-9999
T3,N,P,28APR2016,11:34:04,-9999,1,12,-9999,-9999,96.417276856,1.7399439848,-9999,0,CH1,-9999,-9999,-9999,-9999
T3,N,P,28APR2016,11:34:04,-9999,2,12,-9999,-9999,115.12616524,1.7462330716,-9999,0,CH1,-9999,-9999,-9999,-9999
T3,N,S,28APR2016,11:34:04,-9999,2,12,-9999,-9999,141.75089253,1.626829812,3266.1569047,0,CH1,-9999,-9999,-9999,-9999
T3,N,NA,28APR2016,11:34:04,-9999,1,10,6.1,-9999,47.072689943,165.36642041,-9999,0,CH1,20.5,41,33.2,12.6
T3,N,P,11MAY2016,12:00:19,-9999,1,12,-9999,-9999,35.856808548,7.1913891277,6372.4111488,20,CH1,-9999,-9999,-9999,-9999
T3,N,S,11MAY2016,12:00:19,-9999,1,12,-9999,-9999,75.917708452,3.1031670604,3424.5735962,20,CH1,-9999,-9999,-9999,-9999
T3,N,S,11MAY2016,12:00:19,-9999,2,12,-9999,-9999,66.924342303,3.1364093125,3122.1252066,20,CH1,-9999,-9999,-9999,-9999
T3,N,S,11MAY2016,12:00:19,-9999,3,12,-9999,-9999,65.990473695,3.2696919272,3364.0178311,20,CH1,-9999,-9999,-9999,-9999
T3,N,NA,11MAY2016,12:00:19,-9999,1,10,10.1,-9999,177.31222742,223.34511622,7967.7836989,0,CH1,18.5,37,61.9,13.68
T3,N,NA,11MAY2016,12:00:19,-9999,2,10,10.1,-9999,167.44436424,230.58609411,8499.8014023,0,CH1,18.5,37,61.9,13.68
T3,N,P,01JUN2016,11:05:12,-9999,1,12,-9999,-9999,87.001939193,14.979347672,9859.2013394,20,CH1,-9999,-9999,-9999,-9999
T3,N,S,01JUN2016,11:05:12,-9999,1,12,-9999,-9999,112.39706277,6.2886430392,5858.4726172,20,CH1,-9999,-9999,-9999,-9999
T3,N,P,01JUN2016,11:05:12,-9999,2,12,-9999,-9999,50.448094995,12.944585567,8648.2762987,20,CH1,-9999,-9999,-9999,-9999
T3,N,P,01JUN2016,11:05:12,-9999,3,12,-9999,-9999,94.029800381,15.352454087,8613.8452141,20,CH1,-9999,-9999,-9999,-9999
T3,N,NA,01JUN2016,11:05:12,-9999,1,10,12.9,-9999,150.2896235,440.90579836,11902.828992,0,CH1,21,42,75.1,12.6
T3,N,NA,01JUN2016,11:05:12,-9999,2,10,12.9,-9999,145.34604735,498.08569906,12134.067647,0,CH1,21,42,75.1,12.6
T3,N,S,14JUN2016,12:24:54,-9999,1,12,-9999,-9999,98.939433999,11.33889703,6740.9756661,20,CH1,-9999,-9999,-9999,-9999
T3,N,P,14JUN2016,12:24:54,-9999,1,12,-9999,-9999,90.136679958,18.012146521,7899.4315633,20,CH1,-9999,-9999,-9999,-9999
T3,N,P,14JUN2016,12:24:54,-9999,2,12,-9999,-9999,96.352664555,17.400583305,8150.927215,20,CH1,-9999,-9999,-9999,-9999
T3,N,P,14JUN2016,12:24:54,-9999,3,12,-9999,-9999,77.784946978,16.588853838,7377.7513133,20,CH1,-9999,-9999,-9999,-9999
T3,N,NA,14JUN2016,12:24:54,-9999,1,10,17.8,-9999,183.42669366,1013.5380797,16509.458523,0,CH1,14.5,29,-9999,-9999
T3,N,NA,14JUN2016,12:24:54,-9999,2,10,17.8,-9999,307.97389419,2.9365455505,492.61610918,0,CH1,14.5,29,-9999,-9999
T3,N,P,29JUN2016,11:25:58,-9999,1,12,-9999,-9999,96.749667721,78.934712515,17280.31631,20,CH1,-9999,-9999,-9999,-9999
T3,N,S,29JUN2016,11:25:58,-9999,1,12,-9999,-9999,103.20473996,21.238229421,8318.0363979,20,CH1,-9999,-9999,-9999,-9999
T3,N,S,29JUN2016,11:25:58,-9999,2,12,-9999,-9999,98.593876228,22.25977689,7709.3467343,20,CH1,-9999,-9999,-9999,-9999
T3,N,P,29JUN2016,11:25:58,-9999,2,12,-9999,-9999,103.10578531,70.929081653,16136.535119,20,CH1,-9999,-9999,-9999,-9999
T3,N,S,29JUN2016,11:25:58,-9999,3,12,-9999,-9999,100.00065154,29.665574954,10273.727395,20,CH1,-9999,-9999,-9999,-9999
T3,N,P,29JUN2016,11:25:58,-9999,3,12,-9999,-9999,99.824587899,52.345581508,14294.602886,20,CH1,-9999,-9999,-9999,-9999
T3,N,NA,29JUN2016,11:25:58,-9999,1,10,20.2,-9999,696.95929855,11758.333067,79411.420552,0,CH1,11,22,52.1,5.04
T3,N,NA,29JUN2016,11:25:58,-9999,2,10,20.2,-9999,844.927087,10972.854477,78692.419998,0,CH1,11,22,52.1,5.04
T6,N,NA,07MAY2013,14:17:26,-9999,1,10,8.7,-9999,518.10745668,28.19383084,3645.2888691,0,CH1,22,44,-9999,-9999
T6,N,NA,07MAY2013,14:30:36,-9999,2,10,8.7,-9999,514.18740596,14.288816865,3724.1760485,0,CH1,22,44,-9999,-9999
T6,N,NA,21MAY2013,12:15:50,-9999,1,10,8.4,-9999,203.02415826,538.13638141,4387.9341275,0,CH1,23.5,47,-9999,-9999
T6,N,NA,21MAY2013,12:42:00,-9999,2,10,8.4,-9999,205.86989347,506.89243775,4344.7398832,0,CH1,23.5,47,-9999,-9999
T6,N,NA,05JUN2013,14:45:56,-9999,1,10,12.9,-9999,275.06800963,511.78998013,10487.800775,0,CH1,23.5,47,-9999,-9999
T6,N,NA,05JUN2013,14:53:21,-9999,2,10,12.9,-9999,425.71022092,437.10507533,-9999,0,CH1,23.5,47,-9999,-9999
T6,N,NA,18JUN2013,12:42:57,-9999,1,10,20.4,-9999,98.340041343,2214.5883436,27352.002603,0,CH1,27.5,55,-9999,-9999
T6,N,NA,18JUN2013,13:00:59,-9999,2,10,20.4,-9999,118.05379675,1109.6903703,26198.685888,0,CH1,27.5,55,-9999,-9999
T6,N,NA,01JUL2013,12:17:37,-9999,1,10,19.4,-9999,70.777928893,2628.9035691,26983.75216,0,CH1,18.5,37,-9999,-9999
T6,N,NA,01JUL2013,12:31:55,-9999,2,10,19.4,-9999,92.855487228,2637.087313,27994.161199,0,CH1,18.5,37,-9999,-9999
T6,N,NA,18JUL2013,12:54:30,-9999,1,10,23,-9999,109.8925436,4704.3179102,36573.404636,0,CH1,10,20,-9999,-9999
T6,N,NA,18JUL2013,13:00:58,-9999,2,10,23,-9999,107.08271829,4640.0954987,36124.2055,0,CH1,10,20,-9999,-9999
T6,N,NA,21OCT2013,15:07:55,-9999,1,10,4.7,-9999,140.41057289,14.149428732,1226.997319,0,CH1,17,34,-9999,-9999
T6,N,NA,21APR2014,11:51:32,-9999,1,10,3,-9999,146.33350718,123.74896976,8450.8553694,0,CH1,15,30,-9999,-9999
T6,N,NA,21APR2014,11:51:32,-9999,2,10,3,-9999,136.62130145,126.96033132,9206.6068285,0,CH1,15,30,-9999,-9999
T6,N,NA,05MAY2014,12:50:05,-9999,1,10,8.4,-9999,113.45456471,327.04478036,11763.390352,0,CH1,32,64,-9999,-9999
T6,N,NA,05MAY2014,12:50:05,-9999,2,10,8.4,-9999,114.52522567,329.79665885,11817.873139,0,CH1,32,64,-9999,-9999
T6,N,NA,19MAY2014,14:07:54,-9999,1,10,13.5,-9999,140.06313674,502.10178538,14630.825806,0,CH1,27,54,-9999,-9999
T6,N,NA,19MAY2014,14:07:54,-9999,2,10,13.5,-9999,166.73062476,357.49225775,11794.123097,0,CH1,27,54,-9999,-9999
T6,N,NA,02JUN2014,14:03:06,-9999,1,10,17,-9999,128.69294821,243.62343672,20335.387273,0,CH1,30,60,-9999,-9999
T6,N,NA,02JUN2014,14:03:06,-9999,2,10,17,-9999,155.79891403,199.11030609,16322.697417,0,CH1,30,60,-9999,-9999
T6,N,NA,16JUN2014,13:05:01,-9999,1,10,15.4,-9999,128.5224923,931.53313115,21543.672888,0,CH1,27,54,-9999,-9999
T6,N,NA,16JUN2014,13:05:01,-9999,2,10,15.4,-9999,121.45320518,945.4355838,14752.177848,0,CH1,27,54,-9999,-9999
T6,N,NA,29JUN2014,12:17:22,-9999,1,10,19.2,-9999,333.56276436,5308.069996,29658.810793,0,CH1,26,52,-9999,-9999
T6,N,NA,29JUN2014,12:17:22,-9999,2,10,19.2,-9999,300.08581234,5415.1132846,22955.656816,0,CH1,26,52,-9999,-9999
T6,N,NA,14JUL2014,11:55:38,-9999,1,10,18,-9999,110.62877981,2400.2073425,17226.188961,0,CH1,26.5,53,-9999,-9999
T6,N,NA,14JUL2014,11:55:38,-9999,2,10,18,-9999,112.18689328,2383.1572313,16920.120107,0,CH1,26.5,53,-9999,-9999
T6,N,NA,28JUL2014,16:31:01,-9999,1,10,19.7,-9999,180.38143531,22080.809804,37169.326665,0,CH1,28.5,57,-9999,-9999
T6,N,NA,28JUL2014,16:31:01,-9999,2,10,19.7,-9999,283.06935662,23716.810572,32441.465994,0,CH1,28.5,57,-9999,-9999
T6,N,NA,11AUG2014,14:05:42,-9999,1,10,18.4,-9999,414.7611395,41035.85766,48967.867873,0,CH1,19,38,-9999,-9999
T6,N,NA,11AUG2014,14:05:42,-9999,2,10,18.4,-9999,426.12234264,40605.029346,36826.86782,0,CH1,19,38,-9999,-9999
T6,N,NA,25AUG2014,14:26:58,-9999,1,10,16.1,-9999,141.48564114,33293.139216,32899.695732,0,CH1,20.5,41,-9999,-9999
T6,N,NA,08SEP2014,12:59:06,-9999,1,10,16.6,-9999,411.60442619,27594.613316,36685.155729,0,CH1,16,32,-9999,-9999
T6,N,NA,08SEP2014,12:59:06,-9999,2,10,16.6,-9999,336.14618854,27929.188962,35172.327028,0,CH1,16,32,-9999,-9999
T6,N,NA,22SEP2014,13:27:07,-9999,1,10,13.3,-9999,283.70802237,38650.834865,24690.467037,0,CH1,18.5,37,-9999,-9999
T6,N,NA,22SEP2014,13:27:07,-9999,2,10,13.3,-9999,243.83303437,38529.148385,22657.614466,0,CH1,18.5,37,-9999,-9999
T6,N,NA,20OCT2014,14:11:25,-9999,1,10,8.4,-9999,176.73790362,360.69391369,18029.769223,0,CH1,11.5,23,-9999,-9999
T6,N,NA,20OCT2014,14:11:25,-9999,2,10,8.4,-9999,166.43981751,612.86964799,18965.961186,0,CH1,11.5,23,-9999,-9999
T6,N,NA,23APR2015,13:59:50,-9999,1,10,7.7,-9999,196.90086564,689.08118369,5974.3754564,0,CH1,18,36,-9999,-9999
T6,N,NA,23APR2015,13:59:50,-9999,2,10,7.7,-9999,198.57606534,729.08331331,5755.9080558,0,CH1,18,36,-9999,-9999
T6,N,NA,04MAY2015,14:04:00,-9999,1,10,13.2,-9999,123.9499493,2267.7277235,12792.376258,0,CH1,19,38,-9999,-9999
T6,N,NA,19MAY2015,14:13:43,-9999,1,10,10,-9999,133.29880099,2650.6169059,18826.817091,0,CH1,16.5,33,-9999,-9999
T6,N,NA,19MAY2015,14:13:43,-9999,2,10,10,-9999,125.71638377,2629.3933165,18428.653117,0,CH1,16.5,33,-9999,-9999
T6,N,NA,01JUN2015,13:56:29,-9999,1,10,15.7,-9999,133.26649581,1126.7060382,20024.032218,0,CH1,17.5,35,-9999,-9999
T6,N,NA,15JUN2015,13:56:30,-9999,1,10,20,-9999,193.80487792,-9999,40742.203757,0,CH1,25,50,-9999,-9999
T6,N,NA,15JUN2015,13:56:30,-9999,2,10,20,-9999,166.09507209,-9999,40484.214021,0,CH1,25,50,-9999,-9999
T6,N,NA,02JUL2015,13:27:43,-9999,1,10,22.1,-9999,889.59379339,34380.109165,57031.688041,0,CH1,18,36,-9999,-9999
T6,N,NA,02JUL2015,13:27:43,-9999,2,10,22.1,-9999,634.47515737,34593.99578,57549.465768,0,CH1,18,36,-9999,-9999
T6,N,NA,13JUL2015,12:48:42,-9999,1,10,21.1,-9999,120.376457,15855.408348,29413.427568,0,CH1,34,68,-9999,-9999
T6,N,NA,13JUL2015,12:48:42,-9999,2,10,21.1,-9999,120.44378744,15256.380972,28773.364168,0,CH1,34,68,-9999,-9999
T6,N,NA,27JUL2015,13:09:07,-9999,1,10,24,-9999,524.55757895,23681.136565,30267.956734,0,CH1,10,20,-9999,-9999
T6,N,NA,27JUL2015,13:09:07,-9999,2,10,24,-9999,930.37013607,26346.613878,32519.851462,0,CH1,10,20,-9999,-9999
T6,N,NA,10AUG2015,14:14:27,-9999,1,10,19,-9999,610.91318808,23816.284483,25687.762786,0,CH1,8,16,-9999,-9999
T6,N,NA,10AUG2015,14:14:27,-9999,2,10,19,-9999,545.2666504,25125.451798,25173.328998,0,CH1,8,16,-9999,-9999
T6,N,S,29APR2016,13:44:30,-9999,1,12,-9999,-9999,144.71577917,0.5977819888,2160.1316924,0,CH1,-9999,-9999,-9999,-9999
T6,N,S,29APR2016,13:44:30,-9999,2,12,-9999,-9999,156.55315896,0.8392509943,2218.1972027,0,CH1,-9999,-9999,-9999,-9999
T6,N,S,29APR2016,13:44:30,-9999,3,12,-9999,-9999,133.44171032,0.8435926989,2311.5267716,0,CH1,-9999,-9999,-9999,-9999
T6,N,S,09MAY2016,14:20:09,-9999,1,12,-9999,-9999,60.907668296,6.1522551425,3813.9098401,20,CH1,-9999,-9999,-9999,-9999
T6,N,P,09MAY2016,14:20:09,-9999,1,12,-9999,-9999,40.780837487,9.5462577243,3998.4400867,20,CH1,-9999,-9999,-9999,-9999
T6,N,S,09MAY2016,14:20:09,-9999,2,12,-9999,-9999,84.898328575,6.4637183193,3655.8560114,20,CH1,-9999,-9999,-9999,-9999
T6,N,S,09MAY2016,14:20:09,-9999,3,12,-9999,-9999,45.606510913,5.3002917625,3367.8765885,20,CH1,-9999,-9999,-9999,-9999
T6,N,NA,09MAY2016,14:20:09,-9999,1,10,13.6,-9999,-9999,2.1657218765,309.25554216,0,CH1,18,36,58.9,10.08
T6,N,S,02JUN2016,10:27:50,-9999,1,12,-9999,-9999,146.11128601,6.1761213898,3712.8901729,20,CH1,-9999,-9999,-9999,-9999
T6,N,P,02JUN2016,10:27:50,-9999,1,12,-9999,-9999,122.79868517,8.9420372736,4802.5912345,20,CH1,-9999,-9999,-9999,-9999
T6,N,P,02JUN2016,10:27:50,-9999,2,12,-9999,-9999,122.68525459,10.332261471,4475.603482,20,CH1,-9999,-9999,-9999,-9999
T6,N,P,02JUN2016,10:27:50,-9999,3,12,-9999,-9999,113.57847121,9.9521520712,4887.4298291,20,CH1,-9999,-9999,-9999,-9999
T6,N,NA,02JUN2016,10:27:50,-9999,1,10,17.3,-9999,287.60035233,675.97702449,12000.733465,0,CH1,9.5,19,-9999,-9999
T6,N,NA,02JUN2016,10:27:50,-9999,2,10,17.3,-9999,265.55907758,688.51197835,11641.382079,0,CH1,9.5,19,-9999,-9999
T6,N,S,13JUN2016,12:28:02,-9999,1,12,-9999,-9999,89.410936941,11.126078113,4388.6923336,20,CH1,-9999,-9999,-9999,-9999
T6,N,P,13JUN2016,12:28:02,-9999,1,12,-9999,-9999,82.123738882,10.619706734,5728.3862636,20,CH1,-9999,-9999,-9999,-9999
T6,N,P,13JUN2016,12:28:02,-9999,2,12,-9999,-9999,91.036485959,10.850842901,6495.8262149,20,CH1,-9999,-9999,-9999,-9999
T6,N,P,13JUN2016,12:28:02,-9999,3,12,-9999,-9999,140.77819576,12.001759134,6841.7010219,20,CH1,-9999,-9999,-9999,-9999
T6,N,NA,13JUN2016,12:28:02,-9999,1,10,25.7,-9999,157.14237489,875.10372581,15068.854191,0,CH1,7,14,28.1,1.44
T6,N,NA,13JUN2016,12:28:02,-9999,2,10,25.7,-9999,124.41062415,874.39132243,14610.755123,0,CH1,7,14,28.1,1.44
T8,N,NA,06MAY2013,12:09:18,-9999,1,10,7.9,-9999,371.16257444,4689.7154347,8198.5533201,0,CH1,6,12,-9999,-9999
T8,N,NA,06MAY2013,12:10:26,-9999,2,10,7.9,-9999,384.32776237,4616.6121399,8086.0303514,0,CH1,6,12,-9999,-9999
T8,N,NA,20MAY2013,14:04:31,-9999,1,10,13,-9999,273.37078696,9942.7003279,3798.9803865,0,CH1,14,28,-9999,-9999
T8,N,NA,20MAY2013,14:38:29,-9999,2,10,13,-9999,269.67558965,10150.088325,3898.150854,0,CH1,14,28,-9999,-9999
T8,N,NA,04JUN2013,13:17:46,-9999,1,10,10.6,-9999,330.68591468,1349.1261751,4858.3840052,0,CH1,21,42,-9999,-9999
T8,N,NA,04JUN2013,13:23:09,-9999,2,10,10.6,-9999,359.36069659,1334.5485225,4651.2801814,0,CH1,21,42,-9999,-9999
T8,N,NA,19JUN2013,13:16:33,-9999,1,10,22.5,-9999,127.96958779,42178.444513,40612.485946,0,CH1,17.5,35,-9999,-9999
T8,N,NA,19JUN2013,13:17:08,-9999,2,10,22.5,-9999,129.82574778,41349.034998,40282.374299,0,CH1,17.5,35,-9999,-9999
T8,N,NA,02JUL2013,14:21:53,-9999,1,10,27.2,-9999,112.07278738,37426.191254,36231.085073,0,CH1,12.5,25,-9999,-9999
T8,N,NA,02JUL2013,14:22:59,-9999,2,10,27.2,-9999,115.56688737,35982.757688,34749.764754,0,CH1,12.5,25,-9999,-9999
T8,N,NA,16JUL2013,13:07:24,-9999,1,10,30.4,-9999,161.09674425,12660.232918,16533.400507,0,CH1,6.5,13,-9999,-9999
T8,N,NA,16JUL2013,13:08:10,-9999,2,10,30.4,-9999,159.9884497,12474.430083,16708.393471,0,CH1,6.5,13,-9999,-9999
T8,N,NA,22APR2014,12:37:36,-9999,1,10,9,-9999,184.61981626,5727.3897347,6379.1519793,0,CH1,14,28,-9999,-9999
T8,N,NA,22APR2014,12:37:36,-9999,2,10,9,-9999,179.42479849,5674.7838011,6402.0378073,0,CH1,14,28,-9999,-9999
T8,N,NA,06MAY2014,12:29:56,-9999,1,10,9.7,-9999,238.86623621,2472.6454589,2337.6297378,0,CH1,20.5,41,-9999,-9999
T8,N,NA,06MAY2014,12:29:56,-9999,2,10,9.7,-9999,249.10117309,1126.2095855,1941.164083,0,CH1,20.5,41,-9999,-9999
T8,N,NA,20MAY2014,11:13:32,-9999,1,10,13,-9999,191.76217306,3185.6186189,2311.3304854,0,CH1,22.25,44.5,-9999,-9999
T8,N,NA,20MAY2014,11:13:32,-9999,2,10,13,-9999,195.74337565,2914.4588483,1312.8911973,0,CH1,22.25,44.5,-9999,-9999
T8,N,NA,03JUN2014,12:33:47,-9999,1,10,20,-9999,76.457838059,39308.999795,14961.641328,0,CH1,15.5,31,-9999,-9999
T8,N,NA,03JUN2014,12:33:47,-9999,2,10,20,-9999,106.22347583,35179.292392,9250.2796888,0,CH1,15.5,31,-9999,-9999
T8,N,NA,17JUN2014,10:33:34,-9999,1,10,20.2,-9999,95.097093822,41237.320261,15543.185149,0,CH1,14.5,29,-9999,-9999
T8,N,NA,17JUN2014,10:33:34,-9999,2,10,20.2,-9999,205.75438675,1292.6985516,394.75897269,0,CH1,14.5,29,-9999,-9999
T8,N,NA,30JUN2014,12:58:01,-9999,1,10,18,-9999,245.90695715,15376.596709,11795.652088,0,CH1,19.5,39,-9999,-9999
T8,N,NA,30JUN2014,11:58:01,-9999,2,10,18,-9999,223.12633676,15461.703773,11804.678135,0,CH1,19.5,39,-9999,-9999
T8,N,NA,15JUL2014,10:37:53,-9999,1,10,18.3,-9999,94.545300635,23219.673612,18807.474278,0,CH1,17,34,-9999,-9999
T8,N,NA,15JUL2014,10:37:53,-9999,2,10,18.3,-9999,82.632380957,22952.309853,18923.792382,0,CH1,17,34,-9999,-9999
T8,N,NA,29JUL2014,12:34:11,-9999,1,10,19.7,-9999,102.81714787,16939.875981,30913.443086,0,CH1,16,32,-9999,-9999
T8,N,NA,29JUL2014,12:34:11,-9999,2,10,19.7,-9999,101.10292716,17150.578475,24072.807372,0,CH1,16,32,-9999,-9999
T8,N,NA,12AUG2014,10:55:45,-9999,1,10,17,-9999,354.27613091,19029.907762,19526.282547,0,CH1,6.5,13,-9999,-9999
T8,N,NA,12AUG2014,10:55:45,-9999,2,10,17,-9999,214.90337757,18414.109901,25732.366709,0,CH1,6.5,13,-9999,-9999
T8,N,NA,26AUG2014,12:30:49,-9999,1,10,14.1,-9999,112.21139003,4210.732782,19483.200115,0,CH1,5.5,11,-9999,-9999
T8,N,NA,26AUG2014,12:30:49,-9999,2,10,14.1,-9999,109.22390545,4210.3803667,19959.057374,0,CH1,5.5,11,-9999,-9999
T8,N,NA,20MAY2015,12:10:26,-9999,1,10,15.4,-9999,311.00570888,1076.6075907,3790.5351114,0,CH1,10.5,21,-9999,-9999
T8,N,NA,20MAY2015,12:11:01,-9999,2,10,15.4,-9999,309.96435923,1066.2997398,3772.0069305,0,CH1,10.5,21,-9999,-9999
T8,N,NA,02JUN2015,12:31:44,-9999,1,10,17.6,-9999,226.90483374,3362.3511182,11141.222345,0,CH1,12,24,-9999,-9999
T8,N,NA,02JUN2015,12:31:44,-9999,2,10,17.6,-9999,227.00235073,3285.0659696,11243.083913,0,CH1,12,24,-9999,-9999
T8,N,NA,16JUN2015,10:21:02,-9999,1,10,15,-9999,117.72908464,-9999,31058.686825,0,CH1,9.5,19,-9999,-9999
T8,N,NA,16JUN2015,10:21:02,-9999,2,10,15,-9999,117.53290918,-9999,31636.08528,0,CH1,9.5,19,-9999,-9999
T8,N,NA,30JUN2015,12:23:35,-9999,1,10,21,-9999,187.07168659,52147.30649,41702.15327,0,CH1,6,12,-9999,-9999
T8,N,NA,30JUN2015,12:23:35,-9999,2,10,21,-9999,162.50062131,51395.05733,41695.067236,0,CH1,6,12,-9999,-9999
T8,N,NA,14JUL2015,10:26:23,-9999,1,10,22,-9999,156.01451383,38078.205889,41576.066566,0,CH1,7.5,15,-9999,-9999
T8,N,NA,14JUL2015,10:26:23,-9999,2,10,22,-9999,164.3897933,37526.570626,41165.732658,0,CH1,7.5,15,-9999,-9999
T9,N,NA,07MAY2013,12:27:39,-9999,1,10,15.7,-9999,1213.821438,4430.7051061,503.41630511,0,CH1,21,42,-9999,-9999
T9,N,NA,07MAY2013,12:28:26,-9999,2,10,15.7,-9999,1200.7453815,4444.8629677,435.78117836,0,CH1,21,42,-9999,-9999
T9,N,NA,21MAY2013,14:09:40,-9999,1,10,8.6,-9999,301.59760892,1992.0638087,741.6403171,0,CH1,28,56,-9999,-9999
T9,N,NA,21MAY2013,14:15:59,-9999,2,10,8.6,-9999,298.79279497,2383.6309243,765.23358387,0,CH1,28,56,-9999,-9999
T9,N,NA,04JUN2013,12:17:26,-9999,1,10,10.4,-9999,49.391951423,1.9706282414,519.42207617,0,CH1,27.5,55,-9999,-9999
T9,N,NA,04JUN2013,12:25:10,-9999,2,10,10.4,-9999,317.70457084,2690.2932476,1129.8443754,0,CH1,27.5,55,-9999,-9999
T9,N,NA,20JUN2013,14:36:18,-9999,1,10,22,-9999,286.98171624,7489.7163292,2563.5666608,0,CH1,26.5,53,-9999,-9999
T9,N,NA,20JUN2013,14:37:31,-9999,2,10,22,-9999,283.50574573,7547.0740901,2654.8714667,0,CH1,26.5,53,-9999,-9999
T9,N,NA,02JUL2013,13:06:10,-9999,1,10,29.1,-9999,122.98015878,9813.6677616,15527.953206,0,CH1,27,54,-9999,-9999
T9,N,NA,02JUL2013,13:08:15,-9999,2,10,29.1,-9999,122.94336727,9794.3860351,15980.501449,0,CH1,27,54,-9999,-9999
T9,N,NA,15JUL2013,12:07:26,-9999,1,10,23.3,-9999,115.20268888,13211.156641,7532.4518607,0,CH1,18,36,-9999,-9999
T9,N,NA,15JUL2013,12:21:52,-9999,2,10,23.3,-9999,111.98544138,13560.031975,8035.3350228,0,CH1,18,36,-9999,-9999
T9,N,NA,30JUL2013,13:09:00,-9999,1,10,23.2,-9999,85.060384578,9601.9595067,3579.5998148,0,CH1,16.5,33,-9999,-9999
T9,N,NA,30JUL2013,13:38:10,-9999,2,10,23.2,-9999,120.15560784,9457.2052047,1633.5578923,0,CH1,16.5,33,-9999,-9999
T9,N,NA,15AUG2013,14:32:43,-9999,1,10,20.8,-9999,135.54923347,9926.7360129,1174.9950253,0,CH1,15.5,31,-9999,-9999
T9,N,NA,15AUG2013,14:58:15,-9999,2,10,20.8,-9999,148.606713,11050.673669,1394.1371311,0,CH1,15.5,31,-9999,-9999
T9,N,NA,29AUG2013,11:40:11,-9999,1,10,23.2,-9999,350.17320887,11953.7189,1049.5342332,0,CH1,5.5,11,-9999,-9999
T9,N,NA,29AUG2013,11:41:03,-9999,2,10,23.2,-9999,357.68668954,11816.828552,1037.4857796,0,CH1,5.5,11,-9999,-9999
T9,N,NA,11SEP2013,14:20:41,-9999,1,10,18.3,-9999,374.37255806,2770.7577262,5377.9958074,0,CH1,3,6,-9999,-9999
T9,N,NA,11SEP2013,14:21:31,-9999,2,10,18.3,-9999,375.66528299,2773.9876379,5365.0761739,0,CH1,3,6,-9999,-9999
T9,N,NA,24OCT2013,12:58:22,-9999,1,10,1.6,-9999,283.41368403,665.92732904,1093.6282146,0,CH1,14.5,29,-9999,-9999
T9,N,NA,24OCT2013,13:06:52,-9999,2,10,1.6,-9999,284.1092551,1183.374425,1209.5023532,0,CH1,14.5,29,-9999,-9999
T9,N,NA,07MAY2014,11:01:34,-9999,1,10,9.7,-9999,255.08526951,2325.8627329,1581.5540318,0,CH1,-9999,-9999,-9999,-9999
T9,N,NA,07MAY2014,11:01:34,-9999,2,10,9.7,-9999,311.31980091,2233.3102742,1364.2321472,0,CH1,-9999,-9999,-9999,-9999
T9,N,NA,22MAY2014,14:20:03,-9999,1,10,18.9,-9999,287.34254899,10327.549801,2126.8955341,0,CH1,25,50,-9999,-9999
T9,N,NA,22MAY2014,14:20:03,-9999,2,10,18.9,-9999,283.08886149,10260.185206,2090.9783748,0,CH1,25,50,-9999,-9999
T9,N,NA,05JUN2014,10:39:34,-9999,1,10,21.5,-9999,332.04020137,3267.1937565,140.62336067,0,CH1,26,52,-9999,-9999
T9,N,NA,05JUN2014,10:39:34,-9999,2,10,21.5,-9999,319.9063002,3555.5469077,137.55115681,0,CH1,26,52,-9999,-9999
T9,N,NA,19JUN2014,11:38:19,-9999,1,10,19.3,-9999,357.31609082,11852.445036,214.76045472,0,CH1,13.5,27,-9999,-9999
T9,N,NA,30JUN2014,13:51:53,-9999,1,10,17,-9999,218.87767967,2932.2651134,228.05938902,0,CH1,26,52,-9999,-9999
T9,N,NA,30JUN2014,13:51:53,-9999,2,10,17,-9999,217.95734567,2909.166804,197.4494358,0,CH1,26,52,-9999,-9999
T9,N,NA,15JUL2014,12:18:30,-9999,1,10,20,-9999,233.57760386,11865.793062,7927.8788592,0,CH1,19.5,39,-9999,-9999
T9,N,NA,15JUL2014,12:18:30,-9999,2,10,20,-9999,147.68244394,11395.863051,7688.6862252,0,CH1,19.5,39,-9999,-9999
T9,N,NA,31JUL2014,12:12:25,-9999,1,10,21.7,-9999,119.87714819,22096.094767,18746.138982,0,CH1,20,40,-9999,-9999
T9,N,NA,31JUL2014,12:12:25,-9999,2,10,21.7,-9999,169.08729026,27306.080232,13860.935989,0,CH1,20,40,-9999,-9999
T9,N,NA,14AUG2014,12:42:10,-9999,1,10,20.8,-9999,145.7640789,41623.720004,16232.286078,0,CH1,20,40,-9999,-9999
T9,N,NA,28AUG2014,12:31:55,-9999,1,10,19,-9999,120.51464718,38050.028377,11407.85566,0,CH1,18,36,-9999,-9999
T9,N,NA,28AUG2014,12:31:55,-9999,2,10,19,-9999,-9999,38178.46917,11839.261871,0,CH1,18,36,-9999,-9999
T9,N,NA,11SEP2014,12:05:42,-9999,1,10,8.9,-9999,219.80064739,3307.8938931,1811.9161729,0,CH1,14.5,29,-9999,-9999
T9,N,NA,11SEP2014,12:05:42,-9999,2,10,8.9,-9999,226.8456152,3443.3688293,3191.5947806,0,CH1,14.5,29,-9999,-9999
T9,N,NA,25SEP2014,13:43:18,-9999,1,10,21.8,-9999,463.24881559,29451.864654,12241.197379,0,CH1,17.5,35,-9999,-9999
T9,N,NA,25SEP2014,13:43:18,-9999,2,10,21.8,-9999,417.14605062,29278.170329,14036.707766,0,CH1,17.5,35,-9999,-9999
T9,N,NA,09OCT2014,10:03:29,-9999,1,10,5,-9999,199.57616465,29301.131831,6638.3977428,0,CH1,8.5,17,-9999,-9999
T9,N,NA,09OCT2014,10:03:29,-9999,2,10,5,-9999,206.50460502,30762.792503,7014.1064241,0,CH1,8.5,17,-9999,-9999
T9,N,NA,23OCT2014,10:52:25,-9999,1,10,8.1,-9999,277.42216936,7659.4020133,3933.9297957,0,CH1,10,20,-9999,-9999
T9,N,NA,23OCT2014,10:52:25,-9999,2,10,8.1,-9999,281.51525639,6931.1177996,3869.8965509,0,CH1,10,20,-9999,-9999
T9,N,NA,06NOV2014,12:08:35,-9999,1,10,4.7,-9999,301.88666628,4350.3057789,1546.0290192,0,CH1,16,32,-9999,-9999
T9,N,NA,22APR2015,13:45:30,-9999,1,10,13.6,-9999,273.49974521,12968.203636,505.27129962,0,CH1,9.5,19,-9999,-9999
T9,N,NA,22APR2015,13:45:30,-9999,2,10,13.6,-9999,274.32642714,12884.810792,494.87772767,0,CH1,9.5,19,-9999,-9999
T9,N,NA,22MAY2015,10:44:03,-9999,1,10,17.7,-9999,172.52753116,6159.4683414,3731.0445532,0,CH1,16,32,-9999,-9999
T9,N,NA,22MAY2015,10:44:03,-9999,2,10,17.7,-9999,177.43089481,5911.7171891,3667.1865365,0,CH1,16,32,-9999,-9999
T9,N,NA,04JUN2015,12:54:59,-9999,1,10,19.1,-9999,281.85522386,11880.555374,2153.174602,0,CH1,15,30,-9999,-9999
T9,N,NA,04JUN2015,12:54:59,-9999,2,10,19.1,-9999,271.02906175,12654.559937,2341.1518277,0,CH1,15,30,-9999,-9999
T9,N,NA,18JUN2015,12:16:06,-9999,1,10,19,-9999,290.42178675,5651.9194808,430.50954134,0,CH1,16,32,-9999,-9999
T9,N,NA,18JUN2015,12:16:06,-9999,2,10,19,-9999,283.96637766,5690.1360617,431.0295162,0,CH1,16,32,-9999,-9999
T9,N,NA,01JUL2015,13:46:23,-9999,1,10,23.6,-9999,858.9500579,21771.076548,6011.8150247,0,CH1,17,34,-9999,-9999
T9,N,NA,01JUL2015,13:46:23,-9999,2,10,23.6,-9999,726.12020357,22214.931398,6488.2458112,0,CH1,17,34,-9999,-9999
T9,N,NA,16JUL2015,12:41:23,-9999,1,10,23.4,-9999,193.66272749,8427.9985387,3481.974924,0,CH1,18,36,-9999,-9999
T9,N,NA,16JUL2015,12:41:23,-9999,2,10,23.4,-9999,193.3210701,8418.9976347,3464.4709642,0,CH1,18,36,-9999,-9999
T9,N,NA,30JUL2015,13:05:00,-9999,1,10,22.4,-9999,226.98271663,2381.3915683,238.33610111,0,CH1,19.5,39,-9999,-9999
T9,N,NA,30JUL2015,13:05:00,-9999,2,10,22.4,-9999,228.68744541,2318.1066581,235.88366013,0,CH1,19.5,39,-9999,-9999
T9,N,NA,13AUG2015,15:07:30,-9999,1,10,24.7,-9999,261.13037556,51118.178076,29698.321983,0,CH1,6,12,-9999,-9999
T9,N,S,29APR2016,11:55:36,-9999,1,12,-9999,-9999,194.44878162,0.7597403376,529.91098638,0,CH1,-9999,-9999,-9999,-9999
T9,N,P,29APR2016,11:55:36,-9999,1,12,-9999,-9999,135.65444118,1.0769657025,411.38517091,0,CH1,-9999,-9999,-9999,-9999
T9,N,S,29APR2016,11:55:36,-9999,2,12,-9999,-9999,141.11064025,0.8812569857,515.5325942,0,CH1,-9999,-9999,-9999,-9999
T9,N,NA,29APR2016,11:55:36,-9999,1,10,-9999,-9999,370.39996864,20.668422164,147.20855866,0,CH1,9.5,19,33.4,16.56
"UNIT 1, A DIKE E",N,NA,09MAR2011,16:24:56,-9999,1,10,0,1.403,278.84212387,37.522732662,1885.3527973,0,CH1,93,93,-9999,-9999
"UNIT 1, A DIKE E",N,NA,28MAR2011,19:09:11,-9999,1,10,0.4,0.3633,2159.9382256,6241.2417902,4400.0042892,0,CH1,110,110,-9999,-9999
"UNIT 1, BRIDGE",N,NA,09MAR2011,14:04:30,-9999,1,10,0,1.001,453.50371153,124.19146835,3110.1403813,0,CH1,135,135,-9999,-9999
"UNIT 1, BRIDGE",N,NA,28MAR2011,14:55:31,-9999,1,10,0.3,0.2527,537.95918199,466.74541683,1909.3867787,0,CH1,150,150,-9999,-9999
"UNIT 2, B DIKE",N,NA,09MAR2011,13:07:35,-9999,1,10,1.6,1.465,345.93377599,198.97867137,2028.6886376,0,CH1,150,150,-9999,-9999
"UNIT 2, B DIKE",N,NA,28MAR2011,13:23:03,-9999,1,10,0,0.3822,481.73975102,335.38551169,1381.4696259,0,CH1,157,157,-9999,-9999
"UNIT 2, C DIKE",N,NA,09MAR2011,15:16:02,-9999,1,10,0.9,1.624,258.24041582,93.341390315,1936.4907254,0,CH1,180,180,-9999,-9999
"UNIT 2, C DIKE",N,NA,28MAR2011,17:00:37,-9999,1,10,0,0.3939,475.71868059,577.43529647,1459.5554185,0,CH1,180,180,-9999,-9999
