Site_ID,Date_corrected,Site,Sample_Type,CO2_uM,CH4_uM,Site_new,month,year,watershed,wetland_complex,Time,UW_SW,pH,SpC,DO_percent,DO_mgL,Temp_C,Gen_Notes,Field_flag,Field_Flag_Notes,Grab_flag,Grab_Flag_Notes,Atm_pressure_mBar,Month,well_type,Site_dry,Cl,SO4,d18O,d2H,NPOC,NH3,NO3,oPO4,TDN,TDP,TN,TP,DIC,Fe,Mn,yymm,d,CH4_CO2,NH4_NO3
AG-SW,2012-12-13,NA,NA,NA,NA,NA,NA,NA,NA,NA,NA,NA,NA,NA,NA,NA,NA,NA,NA,NA,NA,NA,NA,12,SW,No,NA,NA,NA,NA,4.491468,NA,NA,NA,NA,NA,NA,NA,NA,NA,NA,2012-12,NA,NA,NA
AG-SW,2020-01-16,NA,NA,NA,NA,NA,NA,NA,NA,NA,NA,NA,NA,NA,NA,NA,NA,NA,NA,NA,NA,NA,NA,1,SW,No,46.8064075,18.55502645,-6.003105751,-35.33491345,6.88,0.030152022,1.56950881,0.025505893,1.853,0.036201956,1.347686175,0.074897724,NA,150.0265,15.12597008,2020-01,12.68993256,NA,0.01921112
AG-SW,2020-03-10,NA,NA,NA,NA,NA,NA,NA,NA,NA,NA,NA,NA,NA,NA,NA,NA,NA,NA,NA,NA,NA,NA,3,SW,No,32.89369538,14.21549061,-6.243098798,-36.4275088,7.25571341,0.035267888,0.317531258,0.032766331,0.73118318,0.043390267,1.179086926,0.076623063,11.12293454,442.3,19.2,2020-03,13.51728158,NA,0.111069027
AG-SW,2020-07-29,NA,NA,NA,NA,NA,NA,NA,NA,NA,NA,NA,NA,NA,NA,NA,NA,NA,NA,NA,NA,NA,NA,7,SW,No,22.39569522,12.29496504,-3.972884613,-24.89955527,18.55,0.639718493,0.159855924,0.152911602,2.113414017,0.169692748,4.886661041,1.684633,NA,1390.5,92.8,2020-07,6.883521634,NA,4.001844142
AG-SW,2020-09-20,NA,NA,NA,NA,NA,NA,NA,NA,NA,NA,NA,NA,NA,NA,NA,NA,NA,NA,NA,NA,NA,NA,9,SW,No,31.82875428,13.16348087,-5.4390152,-31.09592484,7.216982549,0.178845529,0.70157109,0.111894767,1.501703413,0.125085889,NA,NA,NA,729.1,25.2,2020-09,12.41619676,NA,0.254921463
AG-SW,2020-10-31,AG,RI,301.6585945,1.551390941,NA,10,2020,NA,NA,27:29:00,SW,11.2,171.3,56.3,6.15,11.5,NA,1,pH reading problematic,1,Thin needle (30 gauge) made sample injection difficult for headspace equilibration,NA,10,SW,No,18.8121075,9.4596144,-6.277279422,-41.35615354,8.863864116,0.0975769,0.9668033,0.12609,1.739863,0.159776,NA,NA,NA,615.9035146,11.90861141,2020-10,8.862081836,0.00514287,0.100927355
AG-SW,2021-02-25,AG,RI,169.3182882,1.196116892,NA,2,2021,NA,NA,08:00:00,SW,8.9,342.1,62.7,7.93,5.7,NA,1,"YSI taken in sample bucket, not in situ. pH probe is problematic.",0,NA,NA,2,SW,No,52.68782838,10.9785629,-7.200052197,-39.65537472,6.13954047,0.0412444,1.2613593,0.0378254,1.7176972,0.048842000000000003,NA,NA,NA,304.4,18.7,2021-02,17.94504286,0.00706431,0.032698375
AG-SW,2021-05-09,AG,RI,325.4319216,4.876705606,NA,5,2021,NA,NA,14:30:00,SW,NA,225,52.2,5.17,15.9,NA,0,NA,0,NA,NA,5,SW,No,28.4946107,8.0403853,-5.571288735,-35.13339422,8.465889083,1.059881248,0.279635526,0.322597749,1.9429349,0.2739775,NA,NA,NA,3038.9,153.3,2021-05,9.43691566,0.014985333,3.790223879
AG-SW,2021-06-18,NA,NA,NA,NA,NA,NA,NA,NA,NA,NA,NA,NA,NA,NA,NA,NA,NA,NA,NA,NA,NA,NA,6,SW,No,20.2006,8.6624,-4.722523111,-28.24994438,10.40637,0.1204182,0.14065049,0.05911708,1.241037,0.202732,NA,NA,NA,2124.45386,53.13497935,2021-06,9.530240508,NA,0.856152012
AG-SW,2021-11-12,AG,SW,268.7674388,3.451851169,NA,11,2021,NA,NA,10:00:00,SW,NA,NA,NA,NA,15,Heavy rain in morning 11/12,1,"No YSI, only thermometer",0,NA,NA,11,SW,No,28.207329,8.765308,-5.7797348,-32.36675,7.0968647,0.4532687,0.12197,0.034899,1.38944779,0.11746199,NA,NA,NA,1051.4,48.2,2021-11,13.8711284,0.012843264,3.71623104
AG-SW,2022-03-31,AG,SW,271.8954017,3.116103146,NA,3,2022,NA,NA,15:43:00,SW,NA,220.2,106.9,10.27,17.2,NA,1,pH not working,0,NA,750.2,3,SW,No,35.0357039,11.1776915,-5.3264142,-32.301758,6.42068,0.0485474,0.2686876,0.0406666,1.3058501,0.10977313,NA,NA,NA,760.8,25.4,2022-03,10.3095556,0.011460669,0.180683441
AG-SW,2022-10-30,AG,SW,351.9151856,1.975994891,NA,10,2022,NA,NA,17:00:00,SW,6.32,192.3,48.4,4.95,14.1,NA,0,NA,1,R3 bad for GHGs.,763.7,10,SW,No,22.080131,14.975391,-5.846625927,-33.60477059,10.8466836,0.1225766,0.271855,0.096456,1.0905948,0.122839,NA,NA,NA,NA,NA,2022-10,13.16823683,0.005614975,0.450889629
BD-CH,2021-02-24,BD,CH,611.3040506,6.904388579,F1,2,2021,Jackson Lane,Jackson Lane,11:00:00,CH,10.8,48.5,57.7,6.42,10.2,NA,1,Excess sediment in well. Pumped water in the well.,1,Excess sediment in well. Pumped water from the well.,NA,2,CH,Yes,3.05815452,1.8169365,NA,NA,29.89777063,0.6691641,0.0526435,0.0320661,1.5597926,0.044975,NA,NA,NA,NA,NA,2021-02,NA,0.011294525,12.7112388
BD-CH,2021-05-08,BD,CH,884.1164057,11.21385128,F1,5,2021,Jackson Lane,Jackson Lane,13:00:00,CH,NA,NA,NA,NA,NA,Well is not mature,1,YSI not taken,1,Lots of sediment still in the well.,NA,5,CH,Yes,NA,NA,-5.116327853,-29.30623713,71.31423026,NA,NA,NA,NA,NA,NA,NA,NA,NA,NA,2021-05,11.62438569,0.012683682,NA
BD-CH,2021-06-17,NA,NA,NA,NA,NA,NA,NA,NA,NA,NA,NA,NA,NA,NA,NA,NA,NA,NA,NA,NA,NA,NA,6,CH,Yes,5.5714,6.8664,-5.423459335,-30.53932143,31.01152,0.35326741,0.014,0.00716432,1.231194,0.006,NA,NA,NA,6076.002335,18.54296874,2021-06,12.84835325,NA,25.23338643
BD-CH,2021-09-11,BD,CH,572.1833008,2.93864232,F1,9,2021,Jackson Lane,Jackson Lane,10:05:00,CH,4.64,48,10.7,1.03,17.3,Pressure = 766.1. Standing water in the channel; sample taken from surface.,0,"Water in channel, very little flow. Sampled the standing water.",0,Sample taken from surface; very little flow.,766.1,9,CH,No,2.11304,0.94495,-4.964951,-25.641433,54.424267,0.184425,0.007,0.00895,2.01511,0.04428,NA,NA,NA,3568.8,85.3,2021-09,14.078175,0.005135841,26.34642857
BD-CH,2021-10-19,BD,CH,1850.314762,8.136066076,F1,10,2021,Jackson Lane,Jackson Lane,14:12:00,CH,4.88,57.6,74.5,7.14,17.4,No standing water pumped the well,1,No standing water. Pumped sample from the well,1,No standing water. Pumped sample from the well,762.1,10,CH,Yes,4.461759,4.908069,-5.110445426,-28.11230042,31.80891,0.334311968,0.035,0.007351,1.37541214,0.0186804,NA,NA,NA,6087.8,24.8,2021-10,12.77126299,0.004397125,9.551770514
BD-CH,2021-12-13,BD,CH,1592.521786,2.539233581,F1,12,2021,Jackson Lane,Jackson Lane,09:00:00,CH,4.72,83.1,8.56,9.06,12.7,NA,1,No standing water pumped from well,1,No standing water pumped from well,NA,12,CH,Yes,3.99324771,8.14790644,-5.1476079,-27.66936,19.1224984,0.19128428,0,0.0025,1.0337456,0.0233979,NA,NA,NA,3910.1,28.7,2021-12,13.5115032,0.001594473,NA
BD-CH,2022-02-22,NA,NA,NA,NA,NA,NA,NA,NA,NA,NA,NA,NA,NA,NA,NA,NA,NA,NA,NA,NA,NA,NA,2,CH,Yes,4.18329656,7.0066242,-7.072686406,-43.72980131,36.44103,0.13156184,0.005,0.00775866,1.3944782,0.0402038,NA,NA,NA,3119.4,52.9,2022-02,12.85168994,NA,26.312368
BD-CH,2022-03-31,BD,CH,549.3724036,1.414392987,F1,3,2022,Jackson Lane,Jackson Lane,11:42:00,CH,4.27,59.8,38.8,3.89,15.2,NA,1,Sampled from the well,1,Sampled from the well,752.8,3,CH,Yes,4.7524314,0.4664275,-4.2409079,-27.358219,61.76236,0.0832986,0.01,0.0176807,2.68035897,0.08590854,NA,NA,NA,2656.1,113.5,2022-03,6.5690441999999996,0.002574561,8.32986
BD-CH,2022-05-26,NA,NA,NA,NA,NA,NA,NA,NA,NA,NA,NA,NA,NA,NA,NA,NA,NA,NA,NA,NA,NA,NA,5,CH,Yes,4.86994,1.280308,-4.3715999,-25.12235,55.6697,0.76736648,0.015,0.1072912,3.3706562,0.1703799,NA,NA,NA,NA,NA,2022-05,9.8504492,NA,51.15776533
BD-CH,2022-06-25,NA,NA,NA,NA,NA,NA,NA,NA,NA,NA,NA,NA,NA,NA,NA,NA,NA,NA,NA,NA,NA,NA,6,CH,Yes,5.873127,4.600631,-5.1656653,-31.792105,33.28959,0.27435467,0.04001224,0.00784093,1.546501,0.03345,NA,NA,NA,NA,NA,2022-06,9.5332174,NA,6.856768579
BD-CH,2022-12-13,BD,CH,901.1060603,-0.049695958,F1,12,2022,Jackson Lane,Jackson Lane,11:00:00,CH,NA,NA,NA,NA,10,NA,2,No YSI. Only temp,1,No standing water sample pumped from well.,NA,12,CH,Yes,2.18999,31.078014,-6.153426264,-35.84755876,11.680561,0.0447081,0.066863,0.0045271,0.5395726,0.0036388,NA,NA,NA,NA,NA,2022-12,13.37985135,-5.51e-5,0.668652319
BD-SW,2020-09-19,NA,NA,NA,NA,NA,NA,NA,NA,NA,NA,NA,NA,NA,NA,NA,NA,NA,NA,NA,NA,NA,NA,9,SW,No,3.865094171,1.043805588,-4.022774317,-22.87431526,58.9870675,0.099882255,0.015,0.005,1.774109079,0.030643981,NA,NA,NA,3432.7,108.3,2020-09,9.307879276,NA,6.658817
BD-SW,2020-10-30,BD,SW,359.4716674,10.06884862,F1,10,2020,Jackson Lane,Jackson Lane,14:50:00,SW,6.75,50.6,26.9,2.93,12.3,NA,1,pH reading problematic,0,NA,NA,10,SW,No,3.291246,1.9066572,-5.541568415,-34.59500406,48.95749024,0.0690926,0.1342265,0,1.469865,0.028244,NA,NA,NA,1910.017827,115.9365809,2020-10,9.73754326,0.028010131,0.514746343
BD-SW,2021-02-24,BD,SW,894.7298424,35.05894868,F1,2,2021,Jackson Lane,Jackson Lane,11:00:00,SW,10.2,65,29.1,3.78,4.5,NA,1,pH is suspect,0,NA,NA,2,SW,No,2.79528922,1.6037697,-7.035972233,-39.53747717,40.38820188,0.1873626,0.0466591,0.0047063,1.3518827,0.018965,NA,NA,NA,2309.7,93.9,2021-02,16.75030069,0.039183837,4.015563952
BD-SW,2021-05-08,BD,SW,415.2164582,84.97373632,F1,5,2021,Jackson Lane,Jackson Lane,13:00:00,SW,NA,52.2,6.1,0.67,11.4,Extremely tanic,0,NA,0,NA,NA,5,SW,No,3.3132385,0.28320409,-3.935946286,-24.42788554,58.86503808,0.054075076,0.002,0.0025,2.1868458,0.0467,NA,NA,NA,4406,123.4,2021-05,7.059684748,0.204649249,27.037538
BD-SW,2021-06-17,BD,SW,614.4730787,72.45493719,F1,6,2021,Jackson Lane,Jackson Lane,09:00:00,SW,5.01,77.8,14.6,1.41,16.6,NA,0,NA,0,NA,NA,6,SW,No,5.1465,1.6347,-4.398348973,-24.95964712,55.21326,2.39898558,0.014,0.15990469,4.33119,0.200714,NA,NA,NA,2119.165827,110.4613914,2021-06,10.22714466,0.117913933,171.3561129
BD-SW,2021-09-11,BD,SW,741.2079084,28.19922203,F1,9,2021,Jackson Lane,Jackson Lane,09:30:00,SW,4.71,48.6,7.7,0.74,17.2,Pressure = 766,0,NA,0,NA,766,9,SW,No,2.178745,1.81049,-4.94246,-26.447267,55.94049,0.214759,0.007,0.005784,1.87406,0.03479,NA,NA,NA,3917.7,94.6,2021-09,13.092413,0.038044956,30.67985714
BD-SW,2021-10-19,BD,SW,1009.489013,87.75512548,F1,10,2021,Jackson Lane,Jackson Lane,09:45:00,SW,5.1,86.5,27.5,3.03,10.9,Roughtly 5cm of standing water,0,NA,0,NA,764,10,SW,No,5.141603,4.732377,-4.404003481,-25.62136385,73.33278,3.220458121,0.035,0.157355,6.5445675,0.2896661,NA,NA,NA,3415,132.9,2021-10,9.610663998,0.086930243,92.01308917
BD-SW,2021-12-13,BD,SW,1010.62209,49.33190564,F1,12,2021,Jackson Lane,Jackson Lane,09:30:00,SW,4.72,121.9,31.6,4.05,3.8,Extremely shallow puddle,0,NA,0,NA,NA,12,SW,No,8.48692696,11.43091499,-4.4047787,-25.071563,65.5536063,0.18165651,0,0.00885415,2.4220361,0.062719,NA,NA,NA,3382.9,300.8,2021-12,10.1666666,0.048813405,NA
BD-SW,2022-02-22,NA,NA,NA,NA,NA,NA,NA,NA,NA,NA,NA,NA,NA,NA,NA,NA,NA,NA,NA,NA,NA,NA,2,SW,No,4.44037216,4.09097444,-6.2072078,-38.311704,50.45064,0.01,0.005,0.0025,1.7181497,0.0564136,NA,NA,NA,2053,221.7,2022-02,11.3459584,NA,2
BD-SW,2022-03-31,BD,SW,471.9102184,7.462589881,F1,3,2022,Jackson Lane,Jackson Lane,11:22:00,SW,4.77,53.5,52.4,5.65,11.8,NA,0,NA,0,NA,753.4,3,SW,No,4.5822887,1.7962952,-4.388737,-28.43182,48.60011,0.014,0.01,0.0055166,2.18323809,0.06865099,NA,NA,NA,2385.8,153.2,2022-03,6.678076,0.01581358,1.4
BD-SW,2022-05-26,NA,NA,NA,NA,NA,NA,NA,NA,NA,NA,NA,NA,NA,NA,NA,NA,NA,NA,NA,NA,NA,NA,5,SW,No,NA,NA,-3.5359324,-21.687265,58.68152,NA,NA,NA,NA,NA,NA,NA,NA,NA,NA,2022-05,6.6001942,NA,NA
BD-SW,2022-12-13,BD,SW,1085.819519,-0.188993908,F1,12,2022,Jackson Lane,Jackson Lane,11:30:00,SW,NA,NA,NA,NA,7,NA,2,No YSI. Only temp,1,No standing water sample pumped from well.,NA,12,SW,Yes,2.20619,123.309093,-5.995664099,-31.98211587,32.9796,0.1036208,0.01,0.0039855,1.2231306,0.0213801,NA,NA,NA,NA,NA,2022-12,15.98319692,-1.74e-4,10.36208
CR-SW,2020-01-15,NA,NA,NA,NA,NA,NA,NA,NA,NA,NA,NA,NA,NA,NA,NA,NA,NA,NA,NA,NA,NA,NA,1,SW,No,13.81030613,20.64186271,-6.153113722,-36.34421584,3.92,0.046355738,1.59950131,0.009969624,1.705,0.023336426,1.24624837,0.10253939,NA,329.0490188,44.3484132,2020-01,12.88069394,NA,0.028981369
CR-SW,2020-03-10,NA,NA,NA,NA,NA,NA,NA,NA,NA,NA,NA,NA,NA,NA,NA,NA,NA,NA,NA,NA,NA,NA,3,SW,No,13.17873243,16.85133811,-6.515198827,-37.76974516,4.233784345,0.029329905,1.479853337,0.011721216,1.532119538,0.030966106,1.778054775,0.060232662,5.02908932,722.3,38.5,2020-03,14.35184546,NA,0.019819467
CR-SW,2020-07-29,NA,NA,NA,NA,NA,NA,NA,NA,NA,NA,NA,NA,NA,NA,NA,NA,NA,NA,NA,NA,NA,NA,7,SW,No,13.63740369,12.71826678,NA,NA,5.53,0.050038041,1.37546533,0.062220976,1.746339569,0.072684273,1.768684035,0.098058,NA,795.2,64.1,2020-07,NA,NA,0.036378991
CR-SW,2020-09-20,NA,NA,NA,NA,NA,NA,NA,NA,NA,NA,NA,NA,NA,NA,NA,NA,NA,NA,NA,NA,NA,NA,9,SW,No,13.61674158,12.56507204,-5.870727457,-35.10950254,5.578153736,0.061942417,1.40232174,0.049689987,1.831751848,0.059404315,NA,NA,NA,820.9,35.4,2020-09,11.85631712,NA,0.04417133
CR-SW,2020-10-31,CR,RI,130.7619227,0.296422105,NA,10,2020,NA,NA,NA,NA,NA,NA,NA,NA,NA,NA,NA,NA,NA,NA,NA,10,SW,No,NA,NA,NA,NA,17.61226302,0.0503998,0.807864,0.0587277,1.659841,0.096246,NA,NA,NA,NA,NA,2020-10,NA,0.002266884,0.062386491
CR-SW,2020-11-01,NA,NA,NA,NA,NA,NA,NA,NA,NA,NA,NA,NA,NA,NA,NA,NA,NA,NA,NA,NA,NA,NA,11,SW,No,6.5151027,6.7636217,-6.470441955,-39.8936474,NA,NA,NA,NA,NA,NA,NA,NA,NA,1083.427416,25.25385797,2020-11,11.86988824,NA,NA
CR-SW,2021-02-25,CR,RI,42.60205905,0.401626351,NA,2,2021,NA,NA,16:00:00,SW,7.77,113.6,96.7,11.51,7.8,NA,1,pH is suspect,0,NA,NA,2,SW,No,11.56556959,9.1468044,-7.181176619,-39.39226143,7.76607665,0.0671398,1.1781926,0.0191465,1.7311345,0.034887,NA,NA,NA,529.7,28.7,2021-02,18.05715152,0.009427393,0.05698542
CR-SW,2021-05-09,CR,RI,65.09279981,0.712705549,NA,5,2021,NA,NA,16:00:00,SW,NA,178.8,83.3,8.34,15.6,NA,0,NA,0,NA,NA,5,SW,No,12.1072988,13.28390686,-6.137559417,-36.85533158,5.048385035,0.191536991,1.424142376,0.070373672,1.9844699,0.0618102,NA,NA,NA,1612.9,61.4,2021-05,12.24514376,0.010949069,0.134492867
CR-SW,2021-06-18,NA,NA,NA,NA,NA,NA,NA,NA,NA,NA,NA,NA,NA,NA,NA,NA,NA,NA,NA,NA,NA,NA,6,SW,No,14.1516,14.7482,-5.804425854,-34.44366079,5.24825,0.04788397,1.96356679,0.02869877,1.955555,0.063666,NA,NA,NA,1407.432408,58.97456517,2021-06,11.99174604,NA,0.024386219
CR-SW,2021-11-12,CR,SW,119.9884577,0.465461873,NA,11,2021,NA,NA,09:20:00,SW,NA,NA,NA,NA,11,Heavy rain in morning 11/12,1,"No YSI, only thermometer",0,NA,NA,11,SW,No,13.30344,15.78355,-6.2151226,-36.095146,2.9680953,0.0484921,1.48184,0.014062,2.03769216,0.04218896,NA,NA,NA,501.6,40.9,2021-11,13.6258348,0.003879222,0.032724248
CR-SW,2022-03-31,NA,NA,NA,NA,NA,NA,NA,NA,NA,NA,NA,NA,NA,NA,NA,NA,NA,NA,NA,NA,NA,NA,3,SW,No,12.6471693,13.7066727,-5.890697,-35.800133,5.20002,0.0488469,1.3944976,0.0147415,2.18057113,0.06041863,NA,NA,NA,563,49.8,2022-03,11.325443,NA,0.035028314
CR-SW,2022-10-30,CR,SW,91.48717836,0.259531375,NA,10,2022,NA,NA,17:15:00,SW,6.48,166.7,93.4,9.65,13.8,NA,0,NA,0,NA,765.1,10,SW,No,15.226405,17.451159,-6.112894667,-36.06964468,5.093580608,0.015,1.370276,0.024285,1.6470961,0.040969,NA,NA,NA,NA,NA,2022-10,12.83351266,0.002836806,0.0109467
DB-SW,2020-01-16,NA,NA,NA,NA,NA,NA,NA,NA,NA,NA,NA,NA,NA,NA,NA,NA,NA,NA,NA,NA,NA,NA,1,SW,No,1.466506235,23.60857014,-4.806553059,-28.87995479,NA,0.016147286,0.003,5e-4,0.6472,0.018173684,0.623048168,0.0031,NA,192.8701783,214.9621959,2020-01,9.572469682,NA,5.382428667
DB-SW,2020-03-10,NA,NA,NA,NA,NA,NA,NA,NA,NA,NA,NA,NA,NA,NA,NA,NA,NA,NA,NA,NA,NA,NA,3,SW,No,1.94875239,9.655897655,-4.892219632,-29.45670471,33.84089784,0.026492751,0.005733692,0.003525937,0.819037095,0.023389571,0.931150351,0.031584772,2.739013114,180.8,115.6,2020-03,9.681052346,NA,4.62053961
DB-SW,2020-07-27,NA,NA,NA,NA,NA,NA,NA,NA,NA,NA,NA,NA,NA,NA,NA,NA,NA,NA,NA,NA,NA,NA,7,SW,No,1.743925014,0.072549377,-2.955675341,-19.71998326,37.31,0.094430936,0.011944969,5e-4,1.327452745,0.047469252,1.268826061,0.052427,NA,309.9,53.7,2020-07,3.925419468,NA,7.905498625
DB-SW,2020-09-20,NA,NA,NA,NA,NA,NA,NA,NA,NA,NA,NA,NA,NA,NA,NA,NA,NA,NA,NA,NA,NA,NA,9,SW,No,1.855873859,0.619150208,-3.690409434,-20.40044144,29.18998883,0.067357667,0.015,0.005,0.763166693,0.01861386,NA,NA,NA,419.6,44.3,2020-09,9.122834032,NA,4.490511133
DB-SW,2020-10-31,DB,SW,272.0289037,27.18592932,F2,10,2020,Tiger Paw,Jackson Lane,08:33:00,SW,7.6,36.1,21.6,2.47,9.5,NA,1,pH reading problematic,1,Thin needle (30 gauge) made sample injection difficult for headspace equilibration,NA,10,SW,No,1.5079353,0.5702378,-4.043850486,-25.92612472,44.62385194,0.1350577,0.0042348,0,0.916165,0.017432,NA,NA,NA,378.1953795,77.62103943,2020-10,6.424679168,0.09993765,31.89234438
DB-SW,2021-02-25,DB,SW,192.9906054,5.684221063,F2,2,2021,Tiger Paw,Jackson Lane,09:31:00,SW,9.21,25,46.1,5.02,5.4,NA,1,pH is suspect,0,NA,NA,2,SW,No,1.28520785,0.3807914,-6.695929165,-38.42013483,16.41393116,0.0035,0.0310722,0.0025,0.60334,0.005348,NA,NA,NA,118.8,38.8,2021-02,15.14729849,0.029453356,0.112640882
DB-SW,2021-05-09,DB,SW,268.0052826,8.582496285,F2,5,2021,Tiger Paw,Jackson Lane,10:00:00,SW,NA,22.9,12.4,1.3,12.2,NA,0,NA,0,NA,NA,5,SW,No,0.7923713,0.24377146,-3.783263761,-25.36422705,28.54523131,0.085211933,0.002,0.017797085,1.2693408,0.0639184,NA,NA,NA,244.3,47.6,2021-05,4.901883038,0.032023609,42.6059665
DB-SW,2021-06-18,DB,SW,305.784344,0.89581673,F2,6,2021,Tiger Paw,Jackson Lane,07:55:00,SW,5.1,35.3,27.2,2.54,17.7,NA,0,NA,0,NA,NA,6,SW,No,1.5683,0.1903,-2.733930473,-19.93989266,34.12618,1.36635415,0.014,0.18937381,2.798841,0.234877,NA,NA,NA,225.2420958,29.82367588,2021-06,1.931551124,0.00292957,97.596725
DB-SW,2021-11-12,DB,SW,214.0034128,19.66737905,F2,11,2021,Tiger Paw,Jackson Lane,11:40:00,SW,NA,NA,NA,NA,11,Heavy rain in morning 11/12. Weird sheen on surface,1,"No YSI, only thermometer",0,NA,NA,11,SW,No,1.41952,0.209279,-4.1358864,-23.544937,36.8918299,0.0440108,0.035,0.005812,1.19685554,0.02223616,NA,NA,NA,345.2,82.7,2021-11,9.5421542,0.091902175,1.257451429
DB-SW,2022-03-31,DB,SW,434.2975984,1.891569404,F2,3,2022,Tiger Paw,Jackson Lane,13:35:00,SW,NA,31.1,53.2,5.42,14.4,NA,1,pH not working,0,NA,752,3,SW,No,1.6382366,0.15,-4.2638112,-29.681649,29.54131,0.014,0.01,0.0025,1.34671609,0.05238184,NA,NA,NA,192.3,63.7,2022-03,4.4288406,0.004355468,1.4
DB-SW,2022-10-31,DB,SW,421.6629381,10.8689852,F2,10,2022,Tiger Paw,Jackson Lane,13:00:00,SW,4.81,54,32.2,3.27,14.5,NA,0,NA,0,NA,761.5,10,SW,No,1.183412,8.281443,-4.930061949,-30.69473756,51.23589218,0.015,0.01,0.006227,1.2900321,0.046832,NA,NA,NA,NA,NA,2022-10,8.745758032,0.025776477,1.5
DB-UW1,2020-01-16,NA,NA,NA,NA,NA,NA,NA,NA,NA,NA,NA,NA,NA,NA,NA,NA,NA,NA,NA,NA,NA,NA,1,UW,No,NA,NA,NA,NA,29.29,NA,NA,NA,NA,NA,NA,NA,NA,NA,NA,2020-01,NA,NA,NA
DB-UW1,2020-03-10,NA,NA,NA,NA,NA,NA,NA,NA,NA,NA,NA,NA,NA,NA,NA,NA,NA,NA,NA,NA,NA,NA,3,UW,No,3.248725106,3.601484817,-5.982752959,-30.70548574,1.554859996,0.007559057,0.003937134,5.47e-4,0.117788403,0.010140523,0.099061932,0.028369971,2.360165196,6.9,2,2020-03,17.15653793,NA,1.919938971
DB-UW1,2020-07-27,NA,NA,NA,NA,NA,NA,NA,NA,NA,NA,NA,NA,NA,NA,NA,NA,NA,NA,NA,NA,NA,NA,7,UW,No,NA,NA,-5.535938338,-31.95307283,2.93,NA,NA,NA,NA,NA,0.599117568,0.092493,NA,174.6,-5.8,2020-07,12.33443387,NA,NA
DB-UW1,2020-09-20,NA,NA,NA,NA,NA,NA,NA,NA,NA,NA,NA,NA,NA,NA,NA,NA,NA,NA,NA,NA,NA,NA,9,UW,No,2.248008681,3.594783009,-4.707519067,-24.54304965,3.171846713,0.015190685,0.015,0.005,0.025,0.005,NA,NA,NA,51,-8.1,2020-09,13.11710289,NA,1.012712333
DB-UW1,2020-10-31,DB,UW,402.4038309,0.062359514,F2,10,2020,Tiger Paw,Jackson Lane,08:53:00,UW,7.8,31.5,56.1,5.85,13.4,NA,1,pH reading problematic. DO seems inflated for groundwater,1,Thin needle (30 gauge) made sample injection difficult for headspace equilibration,NA,10,UW,No,2.3484438,4.4724826,-4.89244096,-29.62344914,2.708176402,0.005,0.0137205,0,0.22444,0.0025,NA,NA,NA,8.725825789,2.275133568,2020-10,9.51607854,1.55e-4,0.364418206
DB-UW1,2021-02-25,DB,UW,702.8336671,0.177448552,F2,2,2021,Tiger Paw,Jackson Lane,09:31:00,UW,9.95,38.4,55.1,6.67,6.9,NA,1,pH is suspect,0,NA,NA,2,UW,No,2.02010053,6.7447376,-5.986869636,-32.73850765,1.59905332,0.0170454,0.014,0.0025,0.1498824,0.0025,NA,NA,NA,14.4,2.8,2021-02,15.15644944,2.52e-4,1.217528571
DB-UW1,2021-05-09,DB,UW,896.8202336,0.058215498,F2,5,2021,Tiger Paw,Jackson Lane,10:00:00,UW,NA,37.7,37.8,4.09,11.7,NA,0,NA,0,NA,NA,5,UW,No,2.162294,6.77824336,-6.013069779,-33.68062933,1.385411029,0.013449494,0.013745232,0.0025,0.3301415,0.005,NA,NA,NA,15.6,2.5,2021-05,14.4239289,6.49e-5,0.978484321
DB-UW1,2021-06-18,DB,UW,1351.348117,0.152052717,F2,6,2021,Tiger Paw,Jackson Lane,07:55:00,UW,4.36,45.4,32.2,3.24,15,NA,0,NA,0,NA,NA,6,UW,No,3.2399,7.6259,-5.607575321,-31.68012358,1.64966,0.0167823,0.014,0.003,0.07,0.006,NA,NA,NA,84.70695968,3.128244434,2021-06,13.18047899,1.13e-4,1.198735714
DB-UW1,2021-11-12,DB,UW,875.2116171,0.143077156,F2,11,2021,Tiger Paw,Jackson Lane,12:15:00,UW,NA,NA,NA,NA,15,Heavy rain in morning 11/12,1,"No YSI, only thermometer",0,NA,NA,11,UW,No,2.71721,5.641214,-5.3591185,-30.26197,1.4174293,0.0179057,0.035,0.0025,0.2848284,0.0200386,NA,NA,NA,224.5,3.5,2021-11,12.610978,1.63e-4,0.511591429
DB-UW1,2022-03-31,DB,UW,538.5552052,0.011520343,F2,3,2022,Tiger Paw,Jackson Lane,14:00:00,UW,NA,30.7,74.2,7.57,14.3,NA,1,pH not working,0,NA,751.8,3,UW,No,2.1242388,4.8394821,-6.2945889,-38.541618,2.19812,0.014,0.01,0.0025,0.61958039,0.02842211,NA,NA,NA,13.9,2.3,2022-03,11.8150932,2.14e-5,1.4
DF-SW,2020-01-15,NA,NA,NA,NA,NA,NA,NA,NA,NA,NA,NA,NA,NA,NA,NA,NA,NA,NA,NA,NA,NA,NA,1,SW,No,2.283486935,13.95078419,-4.682355624,-28.33721641,13.29,0.019060703,0.003,5e-4,0.5349,0.005914239,0.461015725,0.017771464,NA,97.71016492,137.1979997,2020-01,9.121628582,NA,6.353567667
DF-SW,2020-03-09,NA,NA,NA,NA,NA,NA,NA,NA,NA,NA,NA,NA,NA,NA,NA,NA,NA,NA,NA,NA,NA,NA,3,SW,No,1.581005163,9.764674512,-4.521914125,-29.29105947,17.10991058,0.017496126,0.003044435,8.14e-4,0.600706178,0.004626206,0.638071262,0.009250661,1.358511686,197.8,106.7,2020-03,6.88425353,NA,5.746920529
DF-SW,2020-07-29,NA,NA,NA,NA,NA,NA,NA,NA,NA,NA,NA,NA,NA,NA,NA,NA,NA,NA,NA,NA,NA,NA,7,SW,No,2.493284478,1.286557812,0.299948392,-9.073853818,32.85,0.03274086,0.003,5e-4,1.320480314,0.010164258,3.457353788,0.155225,NA,675,56.2,2020-07,-11.47344095,NA,10.91362
DF-SW,2020-09-21,NA,NA,NA,NA,NA,NA,NA,NA,NA,NA,NA,NA,NA,NA,NA,NA,NA,NA,NA,NA,NA,NA,9,SW,No,1.770612681,0.71545976,-1.81602172,-14.46642888,22.86933267,0.026820117,0.015,0.005,0.773745554,0.007407575,NA,NA,NA,764.8,41.9,2020-09,0.06174488,NA,1.7880078
DF-SW,2020-11-01,DF,SW,170.7763658,10.92630473,E1,11,2020,Baltimore Corner,Baltimore Corner,14:30:00,SW,7.76,26.6,66.5,7.2,11.6,NA,1,pH reading problematic,0,NA,NA,11,SW,No,1.481857,0.4928819,-3.470236076,-25.17035546,29.00781045,0.0783501,0.0055028,0,0.890423,0.009788,NA,NA,NA,1087.64829,51.03153077,2020-11,2.591533148,0.063980192,14.23822418
DF-SW,2021-02-26,DF,SW,50.35633033,0.547882637,E1,2,2021,Baltimore Corner,Baltimore Corner,01:30:00,SW,8.43,30.9,96.6,11.39,7.9,NA,1,pH is suspect,0,NA,NA,2,SW,No,2.10424465,0.5000643,-6.664159371,-39.70730971,17.971916,0.0431543,0.014,0.0025,0.6310836,0.00855,NA,NA,NA,455.8,35.5,2021-02,13.60596526,0.010880114,3.08245
DF-SW,2021-05-10,DF,SW,120.0938651,1.590210672,E1,5,2021,Baltimore Corner,Baltimore Corner,11:00:00,SW,NA,28.6,67.2,6.87,14.4,NA,0,NA,0,NA,NA,5,SW,No,1.9114658,0.22466513,-2.610742348,-19.37893928,27.0192013,0.022525343,0.002,0.0025,0.9935019,0.0126098,NA,NA,NA,876.1,39.8,2021-05,1.506999504,0.013241398,11.2626715
DF-SW,2021-06-18,DF,SW,153.6436926,0.951000234,E1,6,2021,Baltimore Corner,Baltimore Corner,12:23:00,SW,4.36,25.8,107.9,8.59,27,NA,0,NA,1,Possible GFF filter rip on DOC samples,NA,6,SW,No,1.2462,0.0693,-0.288763322,-9.125835862,27.18133,0.007,0.014,0.003,1.118866,0.012808,NA,NA,NA,635.3807518,33.120931,2021-06,-6.815729286,0.006189647,0.5
DF-SW,2021-11-11,DF,SW,150.5827168,2.182281796,E1,11,2021,Baltimore Corner,Baltimore Corner,11:30:00,SW,NA,NA,NA,NA,13,NA,1,"No YSI, only thermometer",0,NA,NA,11,SW,No,1.725202,1.764095,-2.5258559,-17.900968,16.1358371,0.0308102,0.035,0.0025,0.97127229,0.01296647,NA,NA,NA,175.4,54,2021-11,2.3058792,0.014492246,0.880291429
DF-SW,2022-04-01,DF,SW,126.1509405,0.366385261,E1,4,2022,Baltimore Corner,Baltimore Corner,13:44:00,SW,NA,34.6,93.8,9.23,16.1,NA,1,pH not working,0,NA,753,4,SW,No,1.6001883,1.4642539,-3.6016267,-27.089022,26.19164,0.014,0.01,0.0025,1.4137593,0.04429484,NA,NA,NA,426.2,56.8,2022-04,1.7239916,0.00290434,1.4
DF-SW,2022-10-30,DF,SW,2959.265458,5.515341128,E1,10,2022,Baltimore Corner,Baltimore Corner,16:25:00,SW,4.74,31.8,33.3,3.29,15.8,No standing water. Pumped from well.,1,No standing water. Pumped from well.,1,No standing water. Pumped from well.,763.9,10,SW,Yes,0.05,2.36287,-2.437525255,-19.51806346,18.53075233,0.2782488,0.01,0.004589,1.2581805,0.028841,NA,NA,NA,NA,NA,2022-10,-0.01786142,0.001863753,27.82488
DK-CH,2021-02-24,DK,CH,28.63386273,0.372755594,F3,2,2021,Jackson Lane,Jackson Lane,NA,NA,NA,NA,NA,NA,NA,NA,NA,NA,NA,NA,NA,2,CH,No,NA,NA,NA,NA,NA,NA,NA,NA,NA,NA,NA,NA,NA,NA,NA,2021-02,NA,0.013017999,NA
DK-CH,2021-09-11,DK,CH,518.0144596,7.790310844,F3,9,2021,Jackson Lane,Jackson Lane,15:15:00,CH,4.34,41.2,21.3,1.9,20.8,Pressure = 764.6. Water in channel with flow indiscernible. Sampled from SW,0,"Water in channel, very little flow. Sampled the standing water.",0,Sample taken from surface; very little flow.,764.6,9,CH,No,1.586738,0.42773,-4.879006,-26.14911,36.734999,0.018396,0.007,0.0025,1.14562,0.0175,NA,NA,NA,1961.3,22.6,2021-09,12.882938,0.01503879,2.628
DK-CH,2021-10-19,DK,CH,2117.447919,45.33730682,F3,10,2021,Jackson Lane,Jackson Lane,17:55:00,CH,NA,NA,NA,NA,NA,No standing water pumped from the well,2,Forgot to take YSI measurement,1,No standing water. Pumped sample from the well,NA,10,CH,Yes,2.747939,1.129327,-4.712268565,-26.23450719,34.2205,2.527920446,0.035,0.241044,3.65388983,0.3354259,NA,NA,NA,2454.3,12.2,2021-10,11.46364133,0.021411297,72.22629846
DK-CH,2021-12-13,DK,CH,1527.401374,24.07814294,F3,12,2021,Jackson Lane,Jackson Lane,16:30:00,CH,4.54,37.5,38.2,4.29,9.3,NA,1,No standing water pumped from well,1,No standing water pumped from well,NA,12,CH,Yes,2.94947437,1.17972741,-4.8172986,-27.84353,23.4045287,0.19670225,0,0.01881544,1.2329093,0.0383694,NA,NA,NA,1951.1,8.9,2021-12,10.6948588,0.015764123,NA
DK-CH,2022-02-23,NA,NA,NA,NA,NA,NA,NA,NA,NA,NA,NA,NA,NA,NA,NA,NA,NA,NA,NA,NA,NA,NA,2,CH,No,3.46211713,1.12509517,-6.0739486,-36.70073,27.29627,0.02522333,0.005,0.0025,0.904986,0.0226698,NA,NA,NA,852,20.6,2022-02,11.8908588,NA,5.044666
DK-CH,2022-03-31,DK,CH,427.9998054,0.213377094,F3,3,2022,Jackson Lane,Jackson Lane,15:00:00,CH,4.26,37,28.5,2.88,14.9,NA,0,"Pulled from SW, slow flow",0,"Pulled from SW, slow flow",750.8,3,CH,No,2.9256152,0.325899,-4.877143877,-30.39525621,26.27045,0.014,0.01,0.0100415,1.29838262,0.0579106,NA,NA,NA,1117.4,14.5,2022-03,8.621894806,4.99e-4,1.4
DK-CH,2022-05-26,NA,NA,NA,NA,NA,NA,NA,NA,NA,NA,NA,NA,NA,NA,NA,NA,NA,NA,NA,NA,NA,NA,5,CH,Yes,4.192916,0.15,-4.3131372,-25.760755,45.8857,0.0830419,0.015,0.01725828,NA,NA,NA,NA,NA,NA,NA,2022-05,8.7443426,NA,5.536126667
DK-CH,2022-06-25,NA,NA,NA,NA,NA,NA,NA,NA,NA,NA,NA,NA,NA,NA,NA,NA,NA,NA,NA,NA,NA,NA,6,CH,No,NA,NA,NA,NA,NA,NA,NA,NA,1.45241,0.036235,NA,NA,NA,NA,NA,2022-06,NA,NA,NA
DK-CH,2022-12-13,DK,CH,1146.139044,-0.210279562,F3,12,2022,Jackson Lane,Jackson Lane,01:30:00,CH,NA,NA,NA,NA,10,NA,2,No YSI. Only temp,1,No standing water sample pumped from well.,NA,12,CH,Yes,2.10516,25.907639,-5.598249891,-33.32431161,8.968458,0.0599285,0.01,0.0044625,0.5535522,0.0102693,NA,NA,NA,NA,NA,2022-12,11.46168752,-1.83e-4,5.99285
DK-SW,2020-09-19,NA,NA,NA,NA,NA,NA,NA,NA,NA,NA,NA,NA,NA,NA,NA,NA,NA,NA,NA,NA,NA,NA,9,SW,No,3.461860776,0.951745884,-4.271877186,-24.53317259,34.62121134,0.044044439,0.015,0.005,0.963203333,0.012241452,NA,NA,NA,2045.4,23.1,2020-09,9.641844898,NA,2.936295933
DK-SW,2020-10-30,DK,SW,230.0622817,12.34930956,F3,10,2020,Jackson Lane,Jackson Lane,13:00:00,SW,6.65,43.4,24,2.53,13,NA,1,pH reading problematic,0,NA,NA,10,SW,No,2.7779171,1.0112059,-5.401680382,-34.40743124,38.21305596,0.0701678,0.0036556,0,0.885434,0.012081,NA,NA,NA,1550.704092,36.70441034,2020-10,8.806011816,0.053678115,19.19460554
DK-SW,2021-02-24,DK,SW,318.7153111,6.040255685,F3,2,2021,Jackson Lane,Jackson Lane,14:02:00,SW,10.43,40.2,42.5,5.3,5.7,Sphagnum moss in wetland,1,pH is suspect,0,NA,NA,2,SW,No,2.38570701,2.0522451,-7.094171191,-40.11763445,14.24106164,0.023775,0.014,0.0025,0.4879533,0.009791,NA,NA,NA,586.9,20,2021-02,16.63573508,0.018951884,1.698214286
DK-SW,2021-05-08,DK,SW,214.5711827,9.683854846,F3,5,2021,Jackson Lane,Jackson Lane,18:30:00,SW,NA,31.8,43.5,4.53,13.3,NA,0,NA,0,NA,NA,5,SW,No,2.6805092,0.44504598,-4.459906569,-27.13723103,27.50110552,0.035160858,0.0064103,0.0025,1.036264,0.0197529,NA,NA,NA,1536.5,25.2,2021-05,8.542021522,0.045131199,5.48505655
DK-SW,2021-06-17,DK,SW,388.1776499,1.167328898,F3,6,2021,Jackson Lane,Jackson Lane,14:20:00,SW,4.52,33,25.9,2.24,23.1,NA,0,NA,1,Stopcock was loose on the syringe for GHG R3,NA,6,SW,No,2.9581,0.4406,-3.565030049,-22.71428157,26.63416,0.26798673,0.014,0.003,1.185834,0.021849,NA,NA,NA,902.868905,20.08643004,2021-06,5.805958822,0.003007203,19.14190929
DK-SW,2021-09-11,DK,SW,500.4553821,6.201116125,F3,9,2021,Jackson Lane,Jackson Lane,14:15:00,SW,4.29,40.7,21.3,1.9,19.6,NA,0,NA,0,NA,764.8,9,SW,No,1.525181,0.66064,-4.862532,-25.793688,35.354847,0.026158,0.007,0.0025,1.09098,0.01843,NA,NA,NA,2106.7,24.7,2021-09,13.106568,0.012390947,3.736857143
DK-SW,2021-10-19,DK,SW,331.5447554,1.717065935,F3,10,2021,Jackson Lane,Jackson Lane,15:40:00,SW,4.61,32.8,33.5,3.36,15.2,NA,0,NA,0,NA,761.5,10,SW,No,2.014961,0.1,-4.065203891,-22.86090177,37.86828,0.027638334,0.035,0.0025,1.39378871,0.02279709,NA,NA,NA,2033.3,35.5,2021-10,9.660729358,0.005178987,0.789666686
DK-SW,2021-11-14,DK,SW,237.5509533,4.306545563,F3,11,2021,Jackson Lane,Jackson Lane,11:30:00,SW,NA,NA,NA,NA,6,NA,1,"No YSI, only thermometer",0,NA,NA,11,SW,No,NA,NA,NA,NA,33.4018445,NA,NA,NA,NA,NA,NA,NA,NA,NA,NA,2021-11,NA,0.018128934,NA
DK-SW,2021-12-13,DK,SW,301.0831682,4.393257443,F3,12,2021,Jackson Lane,Jackson Lane,15:00:00,SW,4.65,37.9,42.9,5.04,7,NA,0,NA,0,NA,NA,12,SW,No,2.77004709,0.145,-4.039489,-24.556161,32.9825816,0.04510389,0,0.0025,1.2784511,0.0252983,NA,NA,NA,1116.9,48.8,2021-12,7.759751,0.014591508,NA
DK-SW,2022-02-23,NA,NA,NA,NA,NA,NA,NA,NA,NA,NA,NA,NA,NA,NA,NA,NA,NA,NA,NA,NA,NA,NA,2,SW,No,3.18827213,1.80517359,-6.0124557,-36.279394,21.466919999999998,0.01,0.005,0.0025,0.7224125,0.0175985,NA,NA,NA,648.2,37.3,2022-02,11.8202516,NA,2
DK-SW,2022-03-31,DK,SW,254.5973527,3.514924055,F3,3,2022,Jackson Lane,Jackson Lane,13:45:00,SW,4.44,34.4,85.3,8.6,15,NA,0,NA,0,NA,751.5,3,SW,No,3.1020539,0.8760156,-4.8244819,-30.190148,23.59071,0.014,0.01,0.0025,1.15469515,0.03889293,NA,NA,NA,819.9,32,2022-03,8.4057072,0.013805815,1.4
DK-SW,2022-05-26,NA,NA,NA,NA,NA,NA,NA,NA,NA,NA,NA,NA,NA,NA,NA,NA,NA,NA,NA,NA,NA,NA,5,SW,No,3.31194,0.15,NA,NA,30.54549,0.01,0.015,0.0025,1.4466225,0.0793994,NA,NA,NA,NA,NA,2022-05,NA,NA,0.666666667
DK-SW,2022-06-25,NA,NA,NA,NA,NA,NA,NA,NA,NA,NA,NA,NA,NA,NA,NA,NA,NA,NA,NA,NA,NA,NA,6,SW,No,4.127739,0.376549,-2.3037065,-17.10967,35.91793,0.93627635,0.02646935,0.02582127,3.16843,0.160791,NA,NA,NA,NA,NA,2022-06,1.319982,NA,35.37209452
DK-SW,2022-07-28,NA,NA,NA,NA,NA,NA,NA,NA,NA,NA,NA,NA,NA,NA,NA,NA,NA,NA,NA,NA,NA,NA,7,SW,No,NA,NA,NA,NA,44.0381865,NA,NA,NA,NA,NA,NA,NA,NA,NA,NA,2022-07,NA,NA,NA
DK-SW,2022-10-31,DK,SW,223.8332908,1.34746054,F3,10,2022,Jackson Lane,Jackson Lane,09:55:00,SW,4.71,60.8,76.2,8.28,11.5,"Shallow puddle, sampled SW",0,"Shallow puddle, sampled SW",0,"Shallow puddle, sampled SW",763.4,10,SW,No,1.244905,12.595531,-4.457604972,-27.86647577,46.49848853,0.015,0.01,0.03854,1.5683686,0.129959,NA,NA,NA,NA,NA,2022-10,7.794364006,0.006019929,1.5
DK-SW,2022-12-13,DK,SW,380.2232251,1.82648236,F3,12,2022,Jackson Lane,Jackson Lane,12:30:00,SW,NA,NA,NA,NA,5,Ice on pond,2,No YSI. Only temp,0,NA,NA,12,SW,No,1.4019,19.676327,-4.314619336,-20.61828986,25.904052,0.02,0.01,0.0015,0.7013355,0.0212707,NA,NA,NA,NA,NA,2022-12,13.89866483,0.004803711,2
DK-UW1,2020-09-19,NA,NA,NA,NA,NA,NA,NA,NA,NA,NA,NA,NA,NA,NA,NA,NA,NA,NA,NA,NA,NA,NA,9,UW,No,7.230390528,3.261714731,-6.759800167,-40.7708076,2.111885711,0.014086835,0.015,0.006649763,0.025,0.013258925,NA,NA,NA,220.9,-5.6,2020-09,13.30759374,NA,0.939122333
DK-UW1,2020-10-30,DK,UW,1266.732038,7.213385444,F3,10,2020,Jackson Lane,Jackson Lane,13:00:00,UW,9.75,0.2,53.8,5.45,14.6,NA,1,pH and DO suspect,0,NA,NA,10,UW,No,7.2935766,3.2900196,-6.501839237,-41.72041593,0.988597261,0.005,0.0029887,0.0080983,0.145283,0.006246,NA,NA,NA,68.45513988,3.846797572,2020-10,10.29429797,0.005694484,1.67296818
DK-UW1,2021-02-24,DK,UW,936.9066798,1.635244434,F3,2,2021,Jackson Lane,Jackson Lane,15:02:00,UW,7.83,27.9,56.6,6.13,12.1,NA,1,pH is suspect,0,NA,NA,2,UW,No,7.07594053,2.1576325,-6.977181395,-40.76326843,0.69573371,0.0129836,0.014,0.0025,0.1415927,0.010487,NA,NA,NA,9.9,3.4,2021-02,15.05418273,0.001745365,0.9274
DK-UW1,2021-05-08,DK,UW,888.8782634,0.323845965,F3,5,2021,Jackson Lane,Jackson Lane,18:30:00,UW,NA,44.7,51,5.57,11.4,NA,0,NA,0,NA,NA,5,UW,No,6.7874272,1.45842134,-6.917460925,-41.16119727,0.458448195,0.012902711,0.014169279,0.0025,0.1957464,0.005,NA,NA,NA,3.2,3.4,2021-05,14.17849013,3.64e-4,0.910611683
DK-UW1,2021-06-17,DK,UW,1426.076536,14.27023711,F3,6,2021,Jackson Lane,Jackson Lane,14:20:00,UW,4.85,51.5,39.5,3.9,15.1,NA,0,NA,0,NA,NA,6,UW,No,7.2035,2.9188,-6.688007562,-38.37131135,1.03693,0.0138602,0.014,0.003,0.07,0.006,NA,NA,NA,17.44914518,3.506802715,2021-06,15.13274915,0.010006642,0.990014286
DK-UW1,2021-09-11,DK,UW,1336.900879,7.871106654,F3,9,2021,Jackson Lane,Jackson Lane,14:45:00,UW,5.11,51.7,38.6,3.54,19.6,NA,0,NA,0,NA,764.7,9,UW,No,6.973288,3.57661,-6.603711,-38.109115,0.986155,0.015954,0.007,0.0025,0.07,0.006,NA,NA,NA,64.9,3.2,2021-09,14.720573,0.005887577,2.279142857
DK-UW1,2021-10-19,DK,UW,1328.975977,11.48862891,F3,10,2021,Jackson Lane,Jackson Lane,16:10:00,UW,5.21,49.5,51.2,4.95,17,NA,0,NA,0,NA,761.3,10,UW,No,6.72542,3.849024,-6.425431304,-37.2549283,0.89684,0.011509392,0.035,0.004909,0.105,0.01090971,NA,NA,NA,124.8,3.8,2021-10,14.14852213,0.008644723,0.328839771
DK-UW1,2021-12-13,DK,UW,1202.416187,2.058930773,F3,12,2021,Jackson Lane,Jackson Lane,15:30:00,UW,5.23,49.7,45.3,4.82,12.4,NA,0,NA,0,NA,NA,12,UW,No,6.01008372,5.05659563,-6.2981254,-36.208117,1.1321885,0.01,0,0.0025,0.4644742,0.0198771,NA,NA,NA,42.2,3.5,2021-12,14.1768862,0.001712328,NA
DK-UW1,2022-02-23,NA,NA,NA,NA,NA,NA,NA,NA,NA,NA,NA,NA,NA,NA,NA,NA,NA,NA,NA,NA,NA,NA,2,UW,No,6.50718577,3.68270122,-6.6699032,-38.421718,0.91542,0.01,0.005,0.0025,0.105,0.005,NA,NA,NA,25.9,5.4,2022-02,14.9375076,NA,2
DK-UW1,2022-03-31,DK,UW,1241.151255,3.819378301,F3,3,2022,Jackson Lane,Jackson Lane,14:15:00,UW,5.06,48.4,36.7,3.74,14.5,NA,0,NA,0,NA,751.1,3,UW,No,6.9021849,3.0108675,-6.7065693,-40.101745,0.7154,0.014,0.01,0.0025,0.47187197,0.03434201,NA,NA,NA,11.9,3.6,2022-03,13.5508094,0.003077287,1.4
DK-UW1,2022-05-26,NA,NA,NA,NA,NA,NA,NA,NA,NA,NA,NA,NA,NA,NA,NA,NA,NA,NA,NA,NA,NA,NA,5,UW,No,7.205677,2.258987,-6.8706088,-39.985932,0.82724,0.01,0.015,0.0025,0.4708137,0.0256791,NA,NA,NA,NA,NA,2022-05,14.9789384,NA,0.666666667
DK-UW1,2022-06-25,NA,NA,NA,NA,NA,NA,NA,NA,NA,NA,NA,NA,NA,NA,NA,NA,NA,NA,NA,NA,NA,NA,6,UW,No,6.963117,3.94431,-6.4275154,-37.399772,1.20827,0.01,0.015,0.01114652,0.518983,0.022539,NA,NA,NA,NA,NA,2022-06,14.0203512,NA,0.666666667
DK-UW1,2022-10-31,DK,UW,1205.949951,3.929106231,F3,10,2022,Jackson Lane,Jackson Lane,09:40:00,UW,5.17,49.7,51.7,5.29,14.3,NA,0,NA,0,NA,763.3,10,UW,No,6.184609,4.50478,-6.174423263,-35.35840823,1.401627194,0.015,0.01,0.0015,0.07,0.008603,NA,NA,NA,NA,NA,2022-10,14.03697787,0.003258101,1.5
DK-UW1,2022-12-13,NA,NA,NA,NA,NA,NA,NA,NA,NA,NA,NA,NA,NA,NA,NA,NA,NA,NA,NA,NA,NA,NA,12,UW,No,6.06073,5.322244,-6.167467807,-35.875075,1.13525,0.02,0.01,0.0015,0.1652414,0.0104624,NA,NA,NA,NA,NA,2022-12,13.46466746,NA,2
DK-UW2,2020-09-19,NA,NA,NA,NA,NA,NA,NA,NA,NA,NA,NA,NA,NA,NA,NA,NA,NA,NA,NA,NA,NA,NA,9,UW,No,3.312578351,2.763256577,-4.749683053,-27.43697631,25.31685222,0.04305641,0.015,0.005,0.614942427,0.041653109,NA,NA,NA,3384.7,-8.4,2020-09,10.56048811,NA,2.870427333
DK-UW2,2020-10-30,DK,UW,937.6701206,5.412937717,F3,10,2020,Jackson Lane,Jackson Lane,13:00:00,UW,NA,NA,NA,NA,NA,NA,1,YSI measurements not taken,1,Temp not measured. Use DK-UW1 for Temp reading for ghg.,NA,10,UW,No,2.8601112,2.0799599,-4.233736978,-26.20841459,22.47106144,0.0467914,0.0021332,0,0.673905,0.024886,NA,NA,NA,2407.096322,2.393606099,2020-10,7.661481234,0.005772753,21.93483968
DK-UW2,2021-02-24,DK,UW,2027.250975,17.89217686,F3,2,2021,Jackson Lane,Jackson Lane,16:02:00,UW,8.57,41.5,25.3,2.67,9.8,NA,1,pH is suspect,0,NA,NA,2,UW,No,2.916156,1.851326,-5.396460746,-30.18351444,16.98726959,0.0378934,0.014,0.0025,0.5203766,0.015935,NA,NA,NA,2069.1,2.1,2021-02,12.98817153,0.008825832,2.706671429
DK-UW2,2021-05-08,DK,UW,2341.937258,28.73966103,F3,5,2021,Jackson Lane,Jackson Lane,18:30:00,UW,NA,40.5,20.6,2.21,12.2,NA,0,NA,0,NA,NA,5,UW,No,2.8891112,1.87975011,-5.191927624,-29.31802983,27.36055012,0.055031016,0.002,0.0025,0.6894682,0.0196506,NA,NA,NA,5147.6,1.8,2021-05,12.21739116,0.012271747,27.515508
DK-UW2,2021-06-17,DK,UW,2074.615574,51.73716222,F3,6,2021,Jackson Lane,Jackson Lane,14:20:00,UW,4.28,40.6,28.6,2.55,16.7,NA,0,NA,0,NA,NA,6,UW,No,3.1065,1.8216,-4.933159821,-28.52392957,23.39324,0.0465517,0.014,0.003,0.730583,0.013712,NA,NA,NA,3923.581069,1.928425096,2021-06,10.941349,0.024938192,3.325121429
DK-UW2,2021-09-11,DK,UW,2230.825515,47.44167597,F3,9,2021,Jackson Lane,Jackson Lane,15:45:00,UW,4.48,40.6,19.2,1.76,19.6,NA,0,NA,0,NA,764.3,9,UW,No,2.783569,1.54193,-4.621457,-27.119937,25.577153,0.050268,0.007,0.0025,0.65591,0.03315,NA,NA,NA,3010.8,1.9,2021-09,9.851719,0.021266422,7.181142857
DK-UW2,2021-10-19,DK,UW,2719.704449,36.44627486,F3,10,2021,Jackson Lane,Jackson Lane,17:12:00,UW,4.62,41,37.4,3.58,17.5,NA,0,NA,0,NA,761.2,10,UW,No,2.994539,2.222119,-4.66448857,-26.62138849,24.35124,0.081184315,0.035,0.0025,0.59042872,0.0116291,NA,NA,NA,3803.5,2.6,2021-10,10.69452007,0.013400822,2.319551857
DK-UW2,2021-12-13,DK,UW,1858.582119,9.746961305,F3,12,2021,Jackson Lane,Jackson Lane,16:00:00,UW,4.51,35.8,34.4,3.89,11.8,NA,0,NA,0,NA,NA,12,UW,No,2.56453309,1.64367577,-4.7092887,-26.522051,16.7204696,0.01,0,0.0025,0.8647533,0.0222781,NA,NA,NA,1462.1,2.6,2021-12,11.1522586,0.0052443,NA
DK-UW2,2022-02-23,NA,NA,NA,NA,NA,NA,NA,NA,NA,NA,NA,NA,NA,NA,NA,NA,NA,NA,NA,NA,NA,NA,2,UW,No,2.70357693,1.4718091,-4.7235853,-26.93258,20.01918,0.01,0.005,0.0025,0.7136701,0.0138489,NA,NA,NA,2255,2.3,2022-02,10.8561024,NA,2
DK-UW2,2022-03-31,DK,UW,2059.497134,38.72309384,F3,3,2022,Jackson Lane,Jackson Lane,15:30:00,UW,4.43,34,25.6,2.62,14.1,NA,0,NA,0,NA,750.5,3,UW,No,2.4070312,1.1340686,-5.0915962,-29.977066,21.46268,0.0558125,0.01,0.0025,1.07468643,0.03457986,NA,NA,NA,3033.3,2.1,2022-03,10.7557036,0.018802208,5.58125
DK-UW2,2022-05-26,NA,NA,NA,NA,NA,NA,NA,NA,NA,NA,NA,NA,NA,NA,NA,NA,NA,NA,NA,NA,NA,NA,5,UW,No,2.548237,1.157345,-5.4369434,-31.886282,23.85924,0.01,0.015,0.0025,1.0605313,0.0300771,NA,NA,NA,NA,NA,2022-05,11.6092652,NA,0.666666667
DK-UW2,2022-06-25,NA,NA,NA,NA,NA,NA,NA,NA,NA,NA,NA,NA,NA,NA,NA,NA,NA,NA,NA,NA,NA,NA,6,UW,No,4.198141,2.270522,-4.2332413,-25.613381,25.13866,0.04152554,0.015,0.0025,1.065307,0.018985,NA,NA,NA,NA,NA,2022-06,8.2525494,NA,2.768369333
DK-UW2,2022-07-28,NA,NA,NA,NA,NA,NA,NA,NA,NA,NA,NA,NA,NA,NA,NA,NA,NA,NA,NA,NA,NA,NA,7,UW,No,5.25897,2.335988,-4.35317373,-26.70662421,30.45407304,0.01,0.04902718,0.0025,0.986041,0.005,NA,NA,NA,NA,NA,2022-07,8.11876563,NA,0.203968493
DK-UW2,2022-10-31,DK,UW,1252.295944,2.683099098,F3,10,2022,Jackson Lane,Jackson Lane,10:20:00,UW,4.31,77.6,43.7,4.44,14.5,NA,0,NA,0,NA,763.1,10,UW,No,2.336326,19.602768,-5.021106849,-29.33431404,8.902453145,0.0327188,0.042182,0.0015,0.4008492,0.007638,NA,NA,NA,NA,NA,2022-10,10.83454075,0.002142544,0.775657864
DK-UW2,2022-12-13,DK,UW,1244.087868,0.594231261,F3,12,2022,Jackson Lane,Jackson Lane,14:00:00,UW,NA,NA,NA,NA,11,NA,2,No YSI. Only temp,0,NA,NA,12,UW,No,2.02017,20.006247,-5.293693642,-32.08485553,7.960659,0.02,0.048494,0.0035396,0.4425149,0.008705,NA,NA,NA,NA,NA,2022-12,10.26469361,4.78e-4,0.412422155
FN-SW,2020-01-16,NA,NA,NA,NA,NA,NA,NA,NA,NA,NA,NA,NA,NA,NA,NA,NA,NA,NA,NA,NA,NA,NA,1,SW,No,2.030827695,3.124572438,-5.443259221,-29.28820219,17.11,0.014784149,0.003,0.020877598,0.6177,0.035215691,0.572321616,5e-4,NA,109.4280742,36.21372435,2020-01,14.25787158,NA,4.928049667
FN-SW,2020-03-10,NA,NA,NA,NA,NA,NA,NA,NA,NA,NA,NA,NA,NA,NA,NA,NA,NA,NA,NA,NA,NA,NA,3,SW,No,1.357976748,2.338365582,-5.622292402,-32.76455193,28.23854929,0.033617277,0.004740564,0.009615799,0.718414238,0.029101635,0.896348174,0.032576332,2.312596847,325.6,40.5,2020-03,12.21378729,NA,7.091408744
FN-SW,2020-07-27,NA,NA,NA,NA,NA,NA,NA,NA,NA,NA,NA,NA,NA,NA,NA,NA,NA,NA,NA,NA,NA,NA,7,SW,No,1.842263164,0.102652128,-3.315267674,-19.86331833,24.84,0.27770866,0.011510238,0.005974702,1.634119494,0.044156303,1.321029561,0.026999,NA,497,16,2020-07,6.658823062,NA,24.12709972
FN-SW,2020-09-20,NA,NA,NA,NA,NA,NA,NA,NA,NA,NA,NA,NA,NA,NA,NA,NA,NA,NA,NA,NA,NA,NA,9,SW,No,1.363904346,0.05,-3.817427854,-20.88636199,26.07591971,0.039461214,0.015,0.005,0.67450862599999994,0.008245494,NA,NA,NA,684.7,24.5,2020-09,9.653060842,NA,2.6307476
FN-SW,2020-10-31,FN,SW,334.1454088,1.17413671,E2,10,2020,Tiger Paw,Jackson Lane,13:27:00,SW,9.93,28.4,54.6,5.73,13.3,Lots of zooplankton (cladocerans),1,pH suspect,1,Thin needle (30 gauge) made sample injection difficult for headspace equilibration,NA,10,SW,No,1.4762759,0.05,-4.682345304,-27.54143092,31.35181777,0.0701044,0.0010188,0,0.786853,0.013472,NA,NA,NA,886.6741515,33.42256767,2020-10,9.917331512,0.00351385,68.81075775
FN-SW,2021-02-25,FN,SW,394.3922834,0.414915142,E2,2,2021,Tiger Paw,Jackson Lane,15:00:00,SW,8.05,25.7,63.2,7.48,8.3,NA,1,pH is suspect,0,NA,NA,2,SW,No,1.43830931,0.2721092,-7.53551957,-45.71744896,14.3137676,0.0281051,0.014,0.0025,0.4497808,0.006708,NA,NA,NA,307.3,19.8,2021-02,14.5667076,0.001052037,2.007507143
FN-SW,2021-05-09,FN,SW,319.5042953,2.758929943,E2,5,2021,Tiger Paw,Jackson Lane,13:15:00,SW,NA,22.9,59.4,5.87,15.9,NA,0,NA,0,NA,NA,5,SW,No,NA,NA,-3.665722628,-22.18066435,23.76634786,NA,NA,NA,0.7229104,0.005,NA,NA,NA,485.5,19.8,2021-05,7.145116674,0.008635032,NA
FN-SW,2021-06-18,FN,SW,656.6346645,2.670707007,E2,6,2021,Tiger Paw,Jackson Lane,11:22:00,SW,4.27,27.4,48.6,4.28,21.3,NA,0,NA,1,Lots of algea,NA,6,SW,No,1.1436,0.0222,-2.782940619,-17.55105009,26.61312,0.01535981,0.014,0.003,0.897756,0.017284,NA,NA,NA,555.697228,15.36265475,2021-06,4.712474862,0.004067265,1.097129286
FN-SW,2021-11-12,FN,SW,631.4123806,0.779040355,E2,11,2021,Tiger Paw,Jackson Lane,16:15:00,SW,NA,NA,NA,NA,12,Heavy rain in morning 11/12,1,"No YSI, only thermometer",0,NA,NA,11,SW,No,0.903585,0.1,-4.2430909,-22.486995,18.302499,0.0162013,0.035,0.0025,0.63854061,0.01004137,NA,NA,NA,277.3,23.9,2021-11,11.4577322,0.001233806,0.462894286
FN-SW,2022-03-31,FN,SW,270.6752746,1.159766235,E2,3,2022,Tiger Paw,Jackson Lane,14:30:00,SW,NA,21,68.7,7.14,13.5,NA,1,pH not working,0,NA,751.5,3,SW,No,1.3200734,0.15,-4.6219807,-31.798234,18.9721,0.014,0.01,0.0025,1.01781869,0.03379231,NA,NA,NA,260.9,28.6,2022-03,5.1776116,0.004284714,1.4
FN-SW,2022-10-31,FN,SW,175.637592,0.104526134,E2,10,2022,Tiger Paw,Jackson Lane,13:30:00,SW,4.74,25,111.1,10.77,16.9,NA,0,NA,0,NA,760.9,10,SW,No,0.646848,0.15,-4.669377381,-29.86797818,28.13631197,0.015,0.01,0.046012,1.0521325,0.099109,NA,NA,NA,NA,NA,2022-10,7.487040868,5.95e-4,1.5
FP-SW,2022-03-31,NA,NA,NA,NA,NA,NA,NA,NA,NA,NA,NA,NA,NA,NA,NA,NA,NA,NA,NA,NA,NA,NA,3,SW,No,1.9883576,0.8353418,NA,NA,22.63287,NA,0.01,0.0025,0.83849624,NA,NA,NA,NA,NA,NA,2022-03,NA,NA,NA
FR-SW,2020-07-27,NA,NA,NA,NA,NA,NA,NA,NA,NA,NA,NA,NA,NA,NA,NA,NA,NA,NA,NA,NA,NA,NA,7,SW,No,1.552559733,0.084893252,-0.222617143,-9.270753015,26.96,0.048477282,0.003,0.013939517,1.577137903,0.054728868,1.523980127,0.059821,NA,467.4,24.2,2020-07,-7.489815871,NA,16.159094
FR-SW,2020-09-20,NA,NA,NA,NA,NA,NA,NA,NA,NA,NA,NA,NA,NA,NA,NA,NA,NA,NA,NA,NA,NA,NA,9,SW,No,1.896979017,0.05,-1.98546008,-14.15012105,19.48612051,0.038423547,0.015,0.005,0.815940782,0.009667844,NA,NA,NA,368,22,2020-09,1.73355959,NA,2.5615698
FR-SW,2020-10-30,FR,SW,185.7738603,0.730033993,E3,10,2020,Jackson Lane,Jackson Lane,NA,NA,NA,NA,NA,NA,NA,NA,NA,NA,NA,NA,NA,NA,NA,NA,NA,NA,NA,NA,NA,NA,NA,NA,NA,NA,NA,NA,NA,NA,NA,2020-10,NA,0.003929692,NA
FR-SW,2020-10-31,NA,NA,NA,NA,NA,NA,NA,NA,NA,NA,NA,NA,NA,NA,NA,NA,NA,NA,NA,NA,NA,NA,10,SW,No,2.0219276,0.05,-3.205327881,-21.89560335,19.86660886,0.0715941,0.0038311,0,0.84386,0.011214,NA,NA,NA,413.7173165,22.55905576,2020-10,3.747019698,NA,18.6876093
FR-SW,2021-02-24,NA,NA,NA,NA,NA,NA,NA,NA,NA,NA,NA,NA,NA,NA,NA,NA,NA,NA,NA,NA,NA,NA,2,SW,No,1.81402968,0.1946752,-6.587689233,-41.03494147,13.50153817,0.026412,0.014,0.0025,0.5322762,0.009441,NA,NA,NA,142.1,16.9,2021-02,11.66657239,NA,1.886571429
FR-SW,2021-05-08,FR,SW,127.7175053,1.527626763,E3,5,2021,Jackson Lane,Jackson Lane,10:30:00,SW,NA,NA,NA,NA,NA,Just rained recently,1,YSI not taken,1,No temp measurment for GHG equilibration,NA,5,SW,No,1.3174284,0.16789367,-1.685389641,-15.21816027,20.01151086,0.058281956,0.006392903,0.0025,1.0434693,0.0291491,NA,NA,NA,276.6,20,2021-05,-1.735043142,0.011960982,9.116665152
FR-SW,2021-06-17,FR,SW,76.62481706,0.505454985,E3,6,2021,Jackson Lane,Jackson Lane,16:30:00,SW,4.76,20.1,109.2,8.39,29.2,NA,0,NA,0,NA,NA,6,SW,No,0.8074,0.0209,1.111677092,-4.031877636,26.76043,0.03501327,0.014,0.003,1.345996,0.020105,NA,NA,NA,363.3941628,18.58281813,2021-06,-12.92529437,0.006596492,2.500947857
FR-SW,2022-03-31,NA,NA,NA,NA,NA,NA,NA,NA,NA,NA,NA,NA,NA,NA,NA,NA,NA,NA,NA,NA,NA,NA,3,SW,No,NA,NA,NA,NA,NA,0.014,NA,NA,NA,0.02255288,NA,NA,NA,NA,NA,2022-03,NA,NA,NA
FR-SW,2022-10-30,FR,SW,168.1805498,0.038754849,E3,10,2022,Jackson Lane,Jackson Lane,NA,NA,NA,NA,NA,NA,NA,NA,NA,NA,NA,NA,NA,NA,NA,NA,NA,NA,NA,NA,NA,NA,NA,NA,NA,NA,NA,NA,NA,NA,NA,2022-10,NA,2.3e-4,NA
FR-SW,2022-10-31,NA,NA,NA,NA,NA,NA,NA,NA,NA,NA,NA,NA,NA,NA,NA,NA,NA,NA,NA,NA,NA,NA,10,SW,No,1.613603,1.591522,-1.922403567,-19.71102512,27.32147854,0.0528404,0.01,0.00677,1.3309841,0.052747,NA,NA,NA,NA,NA,2022-10,-4.331796584,NA,5.28404
FR-SW,2022-12-13,FR,SW,209.2150918,-0.120358535,E3,12,2022,Jackson Lane,Jackson Lane,15:45:00,SW,NA,NA,NA,NA,6,NA,2,No YSI. Only temp,1,"No ambient air for gasses, just using JL",NA,12,SW,No,NA,NA,NA,NA,24.013048,NA,NA,NA,NA,NA,NA,NA,NA,NA,NA,2022-12,NA,-5.75e-4,NA
HB-CH,2021-09-10,HB,CH,465.8824358,0.304813393,F4,9,2021,Baltimore Corner,Baltimore Corner,16:57:00,CH,3.86,120.4,50.6,4.57,20.3,Flowing water in channel; sample grabbed from surface,0,Flowing water,0,Flowing water sample taken from surface,760,9,CH,No,1.51141,17.45739,-4.718543,-25.420525,28.259701,0.017019,0.007,0.005403,0.89355,0.0216,NA,NA,NA,1488.8,38.4,2021-09,12.327819,6.54e-4,2.431285714
HB-CH,2021-10-18,HB,CH,2155.963185,50.00003385,F4,10,2021,Baltimore Corner,Baltimore Corner,16:53:00,CH,4.89,43.2,66.3,6.49,16.4,No standing water pumped well,1,"No standing water, sample pumped from the well.",1,"No standing water, sample pumped from the well.",758.1,10,CH,Yes,3.194857,1.806051,-4.953663546,-26.59629262,27.28972,0.404638366,0.035,0.009748,1.05505209,0.02080371,NA,NA,NA,4692,20.9,2021-10,13.03301575,0.023191506,11.56109617
HB-CH,2021-12-16,HB,CH,2015.060472,5.121058799,F4,12,2021,Baltimore Corner,Baltimore Corner,10:30:00,CH,4.39,48.7,41.9,4.6,10.6,NA,1,No standing water pumped from well,1,No standing water pumped from well,NA,12,CH,Yes,4.03843114,1.45246392,-5.1710333,-28.251616,25.7616277,0.11519501,0,0.0025,1.0490347,0.0214329,NA,NA,NA,1965.1,12.8,2021-12,13.1166504,0.002541392,NA
HB-CH,2022-02-23,NA,NA,NA,NA,NA,NA,NA,NA,NA,NA,NA,NA,NA,NA,NA,NA,NA,NA,NA,NA,NA,NA,2,CH,No,2.51419655,2.19857054,-6.0269949,-36.180401,27.10451,0.01,0.005,0.0025,0.852613,0.0186375,NA,NA,NA,960.6,23.7,2022-02,12.0355582,NA,2
HB-CH,2022-04-01,HB,CH,402.9869602,0.054598225,F4,4,2022,Baltimore Corner,Baltimore Corner,15:40:00,CH,4.11,44.3,51.1,5.16,14.9,NA,0,NA,1,Pulled sample from the well. Accidentally double injected GHG Rep2 (Rep 1 & 3 are normal),754.5,4,CH,No,2.5148845,1.1393944,-4.8497101,-30.775959,30.76296,0.014,0.01,0.0025,1.36682085,0.04590167,NA,NA,NA,1164.5,23.5,2022-04,8.0217218,1.35e-4,1.4
HB-CH,2022-05-25,NA,NA,NA,NA,NA,NA,NA,NA,NA,NA,NA,NA,NA,NA,NA,NA,NA,NA,NA,NA,NA,NA,5,CH,Yes,3.308009,0.328598,-4.9566566,-28.622278,33.63763,0.09823081,0.015,0.00770617,1.6368274,0.0500227,NA,NA,NA,NA,NA,2022-05,11.0309748,NA,6.548720667
HB-CH,2022-06-24,NA,NA,NA,NA,NA,NA,NA,NA,NA,NA,NA,NA,NA,NA,NA,NA,NA,NA,NA,NA,NA,NA,6,CH,Yes,3.778618,0.629283,-4.8760066,-29.060313,25.60424,0.17652458,0.015,0.00875783,1.039782,0.034772,NA,NA,NA,NA,NA,2022-06,9.9477398,NA,11.76830533
HB-CH,2022-07-26,NA,NA,NA,NA,NA,NA,NA,NA,NA,NA,NA,NA,NA,NA,NA,NA,NA,NA,NA,NA,NA,NA,7,CH,Yes,3.955596,1.820028,-4.497377617,-27.28765796,28.60260869,0.29981804,0.015,0.00993896,1.199112,0.016606,NA,NA,NA,NA,NA,2022-07,8.691362976,NA,19.98786933
HB-CH,2022-10-30,HB,CH,927.8119622,3.930037188,F4,10,2022,Baltimore Corner,Baltimore Corner,09:50:00,CH,4.31,227.2,77.2,8.13,12.9,"No standing water, pumped from well.",1,"No standing water, pumped from well.",1,"No standing water, pumped from well.",767,10,CH,Yes,3.722243,63.803501,-4.804857509,-28.44464428,8.739486459,0.1911158,0.01,0.0015,0.5085093,0.009552,NA,NA,NA,NA,NA,2022-10,9.994215792,0.004235812,19.11158
HB-CH,2022-12-12,HB,CH,1023.823979,-0.110113278,F4,12,2022,Baltimore Corner,Baltimore Corner,16:30:00,CH,NA,NA,NA,NA,8,NA,2,No YSI. Only temp,1,No standing water sample pumped from well.,NA,12,CH,Yes,2.6748,44.984197,-5.56517046,-31.36475268,13.403535,0.02,0.014452,0.0015,0.5029064,0.0090784,NA,NA,NA,NA,NA,2022-12,13.156611,-1.08e-4,1.383891503
HB-SW,2021-09-10,HB,SW,472.6996809,4.577446668,F4,9,2021,Baltimore Corner,Baltimore Corner,15:51:00,SW,3.98,95.5,26.5,2.4,20.1,NA,0,NA,0,NA,759.7,9,SW,No,1.2427,16.00378,-4.765298,-25.405768,24.138685,0.014413,0.007,0.004869,0.87446,0.01831,NA,NA,NA,2228.5,44.1,2021-09,12.716616,0.009683625,2.059
HB-SW,2021-10-18,HB,SW,459.6139986,44.16327597,F4,10,2021,Baltimore Corner,Baltimore Corner,15:21:00,SW,4.43,45.6,32.9,3.29,15.3,NA,0,NA,0,NA,757.6,10,SW,No,2.107428,1.231164,-3.980383035,-23.73050811,52.78363,0.019090192,0.035,0.004879,1.24113295,0.02336436,NA,NA,NA,2306.8,49,2021-10,8.11255617,0.096087752,0.545434057
HB-SW,2021-11-13,HB,SW,375.069348,33.37879227,F4,11,2021,Baltimore Corner,Baltimore Corner,16:45:00,SW,NA,NA,NA,NA,10,NA,1,"No YSI, only thermometer",0,NA,NA,11,SW,No,NA,NA,NA,NA,50.3314137,NA,NA,NA,NA,NA,NA,NA,NA,NA,NA,2021-11,NA,0.088993655,NA
HB-SW,2021-12-16,HB,SW,368.5975976,29.98241251,F4,12,2021,Baltimore Corner,Baltimore Corner,09:15:00,SW,4.69,41.3,43.3,5.46,5.8,NA,0,NA,0,NA,NA,12,SW,No,2.64935884,0.68465967,-4.184098154,-24.99305945,39.3636179,0.01,0,0.0049421,1.3540828,0.0367651,NA,NA,NA,1280.2,52.7,2021-12,8.479725782,0.081341855,NA
HB-SW,2022-02-23,NA,NA,NA,NA,NA,NA,NA,NA,NA,NA,NA,NA,NA,NA,NA,NA,NA,NA,NA,NA,NA,NA,2,SW,No,2.51228993,2.9049281,-6.03624122,-36.53491439,24.71331,0.01,0.005,0.0025,0.791457,0.0204571,NA,NA,NA,906.8,28,2022-02,11.75501537,NA,2
HB-SW,2022-04-01,HB,SW,303.9665564,3.228673429,F4,4,2022,Baltimore Corner,Baltimore Corner,15:00:00,SW,4.18,42.7,77.7,7.76,15.5,NA,0,NA,0,NA,753.8,4,SW,No,2.4944881,1.9713021,-5.052685645,-31.05811139,26.84693,0.014,0.01,0.0025,1.25365979,0.08988333,NA,NA,NA,1107.1,22.9,2022-04,9.36337377,0.010621805,1.4
HB-SW,2022-05-25,NA,NA,NA,NA,NA,NA,NA,NA,NA,NA,NA,NA,NA,NA,NA,NA,NA,NA,NA,NA,NA,NA,5,SW,No,2.521912,0.539635,-4.3883571,-26.163428,38.5505,0.01,0.015,0.0025,1.7219667,0.0487458,NA,NA,NA,NA,NA,2022-05,8.9434288,NA,0.666666667
HB-SW,2022-06-24,NA,NA,NA,NA,NA,NA,NA,NA,NA,NA,NA,NA,NA,NA,NA,NA,NA,NA,NA,NA,NA,NA,6,SW,No,2.591032,0.851642,-3.4930952,-21.046421,34.39889,0.52025302,0.015,0.0155751,2.129631,0.072806,NA,NA,NA,NA,NA,2022-06,6.8983406,NA,34.68353467
HB-SW,2022-07-26,NA,NA,NA,NA,NA,NA,NA,NA,NA,NA,NA,NA,NA,NA,NA,NA,NA,NA,NA,NA,NA,NA,7,SW,No,1.838151,2.694733,-3.146569704,-17.02011042,25.593476,0.08175928,0.015,0.01042515,1.242408,0.032683,NA,NA,NA,NA,NA,2022-07,8.152447212,NA,5.450618667
HB-SW,2022-10-30,HB,SW,533.9246589,9.397698937,F4,10,2022,Baltimore Corner,Baltimore Corner,10:20:00,SW,4.19,109.8,30.6,3.36,11,NA,0,NA,0,NA,767,10,SW,No,1.395471,15.022892,-4.602490967,-28.07422717,154.7543351,0.015,0.027777,0.019259,1.6816091,0.046897,NA,NA,NA,NA,NA,2022-10,8.745700566,0.01760117,0.54001512
HB-SW,2022-12-12,HB,SW,439.9931999,2.876249431,F4,12,2022,Baltimore Corner,Baltimore Corner,15:30:00,SW,NA,NA,NA,NA,6,NA,2,No YSI. Only temp,0,NA,NA,12,SW,No,1.39306,34.851628,-4.416993142,-21.13372766,32.392829,0.02,0.01,0.0058423,0.7850528,0.0273604,NA,NA,NA,NA,NA,2022-12,14.20221748,0.006537032,2
HB-UW1,2021-09-10,HB,UW,563.5203242,0.09797772,F4,9,2021,Baltimore Corner,Baltimore Corner,16:15:00,UW,4.47,37.9,83,7.63,19.4,NA,0,NA,0,NA,759.6,9,UW,No,2.077699,5.52309,-5.720527,-31.163251,2.810483,0.007464,0.0371,0.0025,0.20306,0.006,NA,NA,NA,33.5,3.6,2021-09,14.600965,1.74e-4,0.201185984
HB-UW1,2021-10-18,HB,UW,995.0335979,0.789485309,F4,10,2021,Baltimore Corner,Baltimore Corner,16:13:00,UW,4.94,58.5,72.1,7.04,16.5,NA,0,NA,0,NA,757.7,10,UW,No,4.827706,12.249474,-5.789663307,-32.95384604,3.33396,0.045622992,0.035,0.0025,0.105,0.00951529,NA,NA,NA,3493.1,7.3,2021-10,13.36346042,7.93e-4,1.303514057
HB-UW1,2021-12-16,HB,UW,457.9101892,-0.023987738,F4,12,2021,Baltimore Corner,Baltimore Corner,10:00:00,UW,4.65,61.5,95.6,10.22,12.4,NA,0,NA,0,NA,NA,12,UW,No,4.5273414,13.11214758,-5.9989688,-33.018677,2.2458242,0.01,0,0.0025,0.3757491,0.0180951,NA,NA,NA,581.2,7.1,2021-12,14.9730734,-5.24e-5,NA
HB-UW1,2022-02-23,NA,NA,NA,NA,NA,NA,NA,NA,NA,NA,NA,NA,NA,NA,NA,NA,NA,NA,NA,NA,NA,NA,2,UW,No,2.93009427,7.28544435,-5.6188996,-31.47878,2.09203,0.01,0.005,0.0025,0.105,0.005,NA,NA,NA,12.7,2,2022-02,13.4724168,NA,2
HB-UW1,2022-04-01,HB,UW,465.0360902,-0.055226334,F4,4,2022,Baltimore Corner,Baltimore Corner,15:20:00,UW,4.26,47.9,72.5,7.92,11.4,NA,0,NA,0,NA,754.1,4,UW,No,3.2897033,7.8171294,-6.2525945,-36.259749,2.06413,0.014,0.0302637,0.0025,0.56443591,0.02995494,NA,NA,NA,45.7,2.4,2022-04,13.761007,-1.19e-4,0.462600409
HB-UW1,2022-05-25,NA,NA,NA,NA,NA,NA,NA,NA,NA,NA,NA,NA,NA,NA,NA,NA,NA,NA,NA,NA,NA,NA,5,UW,No,5.60306,12.052444,-6.3339796,-36.341047,2.75842,0.01,0.015,0.0025,0.4323611,0.0191015,NA,NA,NA,NA,NA,2022-05,14.3307898,NA,0.666666667
HB-UW1,2022-07-26,NA,NA,NA,NA,NA,NA,NA,NA,NA,NA,NA,NA,NA,NA,NA,NA,NA,NA,NA,NA,NA,NA,7,UW,No,3.737458,7.28534,-5.05554228,-27.49774146,4.516466169,0.22018764,0.16234041,0.033979090000000003,0.699478,0.039441,NA,NA,NA,NA,NA,2022-07,12.94659678,NA,1.356332906
HB-UW1,2022-10-30,HB,UW,337.731984,0.019558555,F4,10,2022,Baltimore Corner,Baltimore Corner,10:30:00,UW,NA,NA,NA,NA,NA,Well very dry not enough water for YSI.,1,Well very dry not enough water for YSI.,1,Well very dry not enough water for YSI.,NA,10,UW,No,5.876863,14.53938,-6.068761762,-33.81963441,3.191981981,0.015,0.035103,0.0015,0.1644091,0.00689,NA,NA,NA,NA,NA,2022-10,14.73045969,5.79e-5,0.427313905
HB-UW1,2022-12-12,HB,UW,286.5793789,0.012098229,F4,12,2022,Baltimore Corner,Baltimore Corner,16:00:00,UW,NA,NA,NA,NA,10,NA,2,No YSI. Only temp,0,NA,NA,12,UW,No,3.36584,10.61985,-5.982108032,-33.22939624,2.104376,0.02,0.01,0.0037358,0.1511021,0.0099281,NA,NA,NA,NA,NA,2022-12,14.62746802,4.22e-5,2
JA-SW,2020-01-16,NA,NA,NA,NA,NA,NA,NA,NA,NA,NA,NA,NA,NA,NA,NA,NA,NA,NA,NA,NA,NA,NA,1,SW,No,3.9561349200000002,27.04662478,-5.340476097,-30.47342841,44.89,0.023728514,0.003,0.007302003,0.9023,0.004051906,1.058241473,0.101245889,NA,1056.730982,129.3345427,2020-01,12.25038037,NA,7.909504667
JA-SW,2020-03-09,NA,NA,NA,NA,NA,NA,NA,NA,NA,NA,NA,NA,NA,NA,NA,NA,NA,NA,NA,NA,NA,NA,3,SW,No,3.252137108,7.999279628,-5.429152118,-32.84416772,38.14468877,0.025545275,0.005990343,0.003630076,0.927752943,0.030047995,1.083708898,0.046568344,3.826289651,725.8,48.2,2020-03,10.58904922,NA,4.2644094
JA-SW,2020-09-21,NA,NA,NA,NA,NA,NA,NA,NA,NA,NA,NA,NA,NA,NA,NA,NA,NA,NA,NA,NA,NA,NA,9,SW,No,3.387223585,1.066630765,-4.076361969,-23.73376659,45.34698216,0.064351033,0.015,0.005,1.124290532,0.019434175,NA,NA,NA,2191.4,15.8,2020-09,8.877129162,NA,4.290068867
JA-SW,2020-11-01,JA,SW,389.3349864,25.29166992,F5,11,2020,Jones Road,Baltimore Corner,11:10:00,SW,8.57,44.2,40.2,4.63,9.5,NA,1,pH suspect,0,NA,NA,11,SW,No,2.1852573,0.8669861,-5.495358365,-31.97822524,43.53937496,0.1199342,0.0062662,0.0087205,1.108915,0.0025,NA,NA,NA,1484.706889,29.34327825,2020-11,11.98464168,0.064961205,19.13986148
JA-SW,2021-02-26,JA,SW,249.0274661,5.900847339,F5,2,2021,Jones Road,Baltimore Corner,10:30:00,SW,9.34,36.1,61.8,7.84,5,NA,1,pH is suspect,0,NA,NA,2,SW,No,1.95279161,1.795323,-6.939982785,-41.22567254,12.85549379,0.0274086,0.014,0.0025,0.4462376,0.009447,NA,NA,NA,542.3,9.5,2021-02,14.29418974,0.023695568,1.957757143
JA-SW,2021-05-10,JA,SW,350.8069227,23.06133286,F5,5,2021,Jones Road,Baltimore Corner,15:10:00,SW,NA,36.7,28.3,2.85,15.1,NA,0,NA,1,Ran out of PES filters needed to use a GFF,NA,5,SW,No,3.8979934,0.43221236,-4.580207366,-28.30659909,39.02664796,0.042384341,0.002,0.0025,1.370842,0.0435291,NA,NA,NA,2029.1,19.4,2021-05,8.335059838,0.065737964,21.1921705
JA-SW,2021-06-19,JA,SW,384.5859706,20.14421447,F5,6,2021,Jones Road,Baltimore Corner,10:45:00,SW,4.19,46.4,30.4,2.72,21.1,NA,0,NA,0,NA,NA,6,SW,No,2.2573,0.3285,-3.59550395,-21.97262188,36.67262,0.25430719,0.014,0.0637225,2.070769,0.132025,NA,NA,NA,1567.364706,18.79834453,2021-06,6.79140972,0.052378963,18.16479929
JA-SW,2021-11-11,JA,SW,321.9448705,6.138547579,F5,11,2021,Jones Road,Baltimore Corner,16:00:00,SW,NA,NA,NA,NA,17,NA,1,"No YSI, only thermometer",0,NA,NA,11,SW,No,3.572906,15.359649,-4.5660813,-24.841609,52.9511457,0.0270066,0.035,0.007065,1.06510856,0.03772366,NA,NA,NA,1577.1,74.3,2021-11,11.6870414,0.019067077,0.771617143
JA-SW,2022-04-01,JA,SW,246.6071771,1.960967869,F5,4,2022,Jones Road,Baltimore Corner,12:36:00,SW,NA,54.9,78.7,7.92,15,NA,1,pH not working,0,NA,753.5,4,SW,No,2.954093,2.1613363,-4.2737517,-27.531292,40.73316,0.0337139,0.01,0.0038639,1.60036427,0.05606592,NA,NA,NA,989.2,30.6,2022-04,6.6587216,0.007951788,3.37139
JB-SW,2020-01-16,NA,NA,NA,NA,NA,NA,NA,NA,NA,NA,NA,NA,NA,NA,NA,NA,NA,NA,NA,NA,NA,NA,1,SW,No,1.501204695,24.52114975,-5.280882663,-30.32641125,24.01,0.012061146,0.003,5e-4,0.5453,0.033331318,0.542004408,0.023066443,NA,766.6172184,131.662504,2020-01,11.92065005,NA,4.020382
JB-SW,2020-03-09,NA,NA,NA,NA,NA,NA,NA,NA,NA,NA,NA,NA,NA,NA,NA,NA,NA,NA,NA,NA,NA,NA,3,SW,No,1.875602399,12.67252359,-5.374942537,-32.29570704,27.49651637,0.020132886,0.003635848,0.002849034,0.716885562,0.018089952,0.871114666,0.032322086,3.105968945,585.6,76.2,2020-03,10.70383326,NA,5.537328843
JB-SW,2020-07-28,NA,NA,NA,NA,NA,NA,NA,NA,NA,NA,NA,NA,NA,NA,NA,NA,NA,NA,NA,NA,NA,NA,7,SW,No,2.049182143,1.193047138,-1.006310608,-12.56048697,32.56,0.118651509,0.003,0.009381898,1.900935194,0.079236235,1.741541997,0.075694,NA,887.4,21.7,2020-07,-4.510002106,NA,39.550503
JB-SW,2020-09-21,NA,NA,NA,NA,NA,NA,NA,NA,NA,NA,NA,NA,NA,NA,NA,NA,NA,NA,NA,NA,NA,NA,9,SW,No,2.133456512,0.968550972,-3.83235486,-22.89292029,36.09308736,0.065088509,0.015,0.005,0.959236261,0.014346811,NA,NA,NA,1494.5,22.6,2020-09,7.76591859,NA,4.339233933
JB-SW,2020-11-01,JB,SW,436.1211583,42.95983505,F6,11,2020,Jones Road,Baltimore Corner,10:00:00,SW,8.32,43.9,27.3,3.39,10,NA,1,pH suspect,0,NA,NA,11,SW,No,2.176047,0.4972577,-4.798401227,-28.90676236,49.41647164,0.1258124,0.0021727,0,1.038892,0.014745,NA,NA,NA,1225.772017,46.84068975,2020-11,9.480447456,0.098504359,57.90601556
JB-SW,2021-02-26,JB,SW,229.7050608,5.834394635,F6,2,2021,Jones Road,Baltimore Corner,08:30:00,SW,10,31.4,68.8,8.65,5.6,NA,1,pH is suspect,0,NA,NA,2,SW,No,1.79208967,1.5391406,-6.995719592,-41.24725152,11.86461543,0.0390498,0.014,0.0025,0.4477084,0.008014,NA,NA,NA,312.9,12.3,2021-02,14.71850522,0.025399504,2.789271429
JB-SW,2021-05-10,JB,SW,311.8033059,9.367922242,F6,5,2021,Jones Road,Baltimore Corner,14:00:00,SW,NA,28.8,29.8,2.82,18.1,NA,0,NA,1,Ran out of PES filters needed to use a GFF,NA,5,SW,No,1.8696117,0.40759219,-4.173910562,-26.83595333,25.65380603,0.029168566,0.002,0.0025,0.8843254,0.0194233,NA,NA,NA,811.6,18.1,2021-05,6.555331166,0.030044333,14.584283
JB-SW,2021-06-19,JB,SW,113.6083803,0.261519695,F6,6,2021,Jones Road,Baltimore Corner,08:45:00,SW,4.23,29.5,93.1,8.28,21.2,NA,0,NA,0,NA,NA,6,SW,No,1.8221,0.058,-2.585554593,-19.10159246,23.24592,0.007,0.014,0.003,0.939652,0.016749,NA,NA,NA,573.8903132,17.27450424,2021-06,1.582844284,0.00230194,0.5
JB-SW,2021-11-11,JB,SW,151.2317638,0.710705931,F6,11,2021,Jones Road,Baltimore Corner,14:30:00,SW,NA,NA,NA,NA,12,NA,1,"No YSI, only thermometer",0,NA,NA,11,SW,No,1.514647,2.054938,-3.7054956,-22.172564,30.7731409,0.0251904,0.035,0.0025,0.90485618,0.01625919,NA,NA,NA,1141.9,47,2021-11,7.4714008,0.004699449,0.719725714
JB-SW,2022-04-01,JB,SW,209.3710211,1.441007312,F6,4,2022,Jones Road,Baltimore Corner,11:00:00,SW,NA,46,74,7.95,12.7,NA,1,pH not working,0,NA,753.6,4,SW,No,1.734643,1.4416012,-4.68563711,-30.5015117,35.82687,0.060551,0.01,0.0061263,1.52831539,0.05772032,NA,NA,NA,687.9,44.8,2022-04,6.98358518,0.006882554,6.0551
JB-SW,2022-10-30,JB,SW,1593.855631,0.84712219,F6,10,2022,Jones Road,Baltimore Corner,14:30:00,SW,4.39,106.9,55.9,55.5,15.6,No standing water. Pumped from well.,1,No standing water. Pumped from well.,1,No standing water. Pumped from well.,764.3,10,SW,Yes,2.921484,28.811521,-4.25608101,-27.05041571,7.704837502,0.589007,0.01,0.0015,0.9764957,0.014726,NA,NA,NA,NA,NA,2022-10,6.99823237,5.31e-4,58.9007
JB-UW1,2020-01-16,NA,NA,NA,NA,NA,NA,NA,NA,NA,NA,NA,NA,NA,NA,NA,NA,NA,NA,NA,NA,NA,NA,1,UW,No,0.05,0.05,-5.814015225,-30.78223635,3.01,0.02,0.003,5e-4,0.07262,0.01112106,0.056935195,0.006063006,NA,-3.709359438,4.508915244,2020-01,15.72988545,NA,6.666666667
JB-UW1,2020-03-09,NA,NA,NA,NA,NA,NA,NA,NA,NA,NA,NA,NA,NA,NA,NA,NA,NA,NA,NA,NA,NA,NA,3,UW,No,3.24240042,6.539767642,-5.660998641,-29.21566531,2.126410853,0.004308811,0.002743149,3.54e-4,0.136528174,0.003284352,0.136950777,0.016081407,4.789548708,5.6,1.8,2020-03,16.07232382,NA,1.570753539
JB-UW1,2020-07-28,NA,NA,NA,NA,NA,NA,NA,NA,NA,NA,NA,NA,NA,NA,NA,NA,NA,NA,NA,NA,NA,NA,7,UW,No,NA,NA,NA,NA,NA,NA,NA,NA,NA,NA,0.001,NA,NA,NA,NA,2020-07,NA,NA,NA
JB-UW1,2020-09-21,NA,NA,NA,NA,NA,NA,NA,NA,NA,NA,NA,NA,NA,NA,NA,NA,NA,NA,NA,NA,NA,NA,9,UW,No,3.403296239,6.130795296,-4.855264975,-27.77608533,2.206506313,0.005,0.015,0.005,0.025,0.005,NA,NA,NA,41.4,-8.7,2020-09,11.06603447,NA,0.333333333
JB-UW1,2020-11-01,JB,UW,884.1860697,0.187979504,F6,11,2020,Jones Road,Baltimore Corner,10:00:00,UW,7.36,47,50.17,5.26,14.2,NA,1,pH and DO suspect,0,NA,NA,11,UW,No,3.400527,6.3841235,-4.728664221,-26.47633369,2.320070272,0.005,0.0016286,0,0.197899,0.0025,NA,NA,NA,12.38059869,1.317690984,2020-11,11.35298008,2.13e-4,3.070121577
JB-UW1,2021-02-26,JB,UW,491.3328889,0.12000455,F6,2,2021,Jones Road,Baltimore Corner,08:30:00,UW,10.56,38,39,4.87,6.1,NA,1,pH is suspect,0,NA,NA,2,UW,No,1.7361992,6.0161417,-6.854332147,-39.89578726,1.88374908,0.0035,0.014,0.0025,0.1860493,0.0025,NA,NA,NA,18.4,1,2021-02,14.93886992,2.44e-4,0.25
JB-UW1,2021-05-10,JB,UW,870.7767584,0.066219397,F6,5,2021,Jones Road,Baltimore Corner,14:00:00,UW,NA,40.9,31.6,3.34,12.9,NA,0,NA,1,Ran out of PES filters needed to use a GFF,NA,5,UW,No,2.0343266,6.28204543,-6.99638999,-39.92072711,1.837698213,0.0035,0.002,0.0025,0.07,0.005,NA,NA,NA,22.1,1,2021-05,16.05039281,7.6e-5,1.75
JB-UW1,2021-06-19,JB,UW,812.6999703,0.32591769,F6,6,2021,Jones Road,Baltimore Corner,08:15:00,UW,4.04,44.3,5.2,52.8,16.5,NA,0,NA,0,NA,NA,6,UW,No,2.7401,6.7002,-6.219170632,-35.1752588,1.64892,0.007,0.014,0.003,0.255208,0.006,NA,NA,NA,23.14091929,1.415682523,2021-06,14.57810626,4.01e-4,0.5
JB-UW1,2021-11-11,JB,UW,574.0048512,0.099213993,F6,11,2021,Jones Road,Baltimore Corner,14:05:00,UW,NA,NA,NA,NA,14,NA,1,"No YSI, only thermometer",0,NA,NA,11,UW,No,2.107074,6.12544,-4.7963503,-27.187996,1.4170704,0.011641,0.035,0.0025,0.105,0.005,NA,NA,NA,27.2,2,2021-11,11.1828064,1.73e-4,0.3326
JB-UW1,2022-04-01,JB,UW,468.3077627,0.014935728,F6,4,2022,Jones Road,Baltimore Corner,10:25:00,UW,NA,45.6,75.7,8.4,10.6,NA,1,pH not working,0,NA,753.8,4,UW,No,2.9235096,5.2838352,-5.7639453,-33.304254,2.25723,0.014,0.01,0.0025,0.53973578,0.02899296,NA,NA,NA,16.4,1.2,2022-04,12.8073084,3.19e-5,1.4
JB-UW2,2020-01-16,NA,NA,NA,NA,NA,NA,NA,NA,NA,NA,NA,NA,NA,NA,NA,NA,NA,NA,NA,NA,NA,NA,1,UW,No,3.69425159,4.734230646,-5.32510767,-30.08843125,4.86,0.02,0.003,5e-4,0.1338,5e-4,0.112429027,5e-4,NA,19.76801474,1.03654461,2020-01,12.51243011,NA,6.666666667
JB-UW2,2020-03-09,NA,NA,NA,NA,NA,NA,NA,NA,NA,NA,NA,NA,NA,NA,NA,NA,NA,NA,NA,NA,NA,NA,3,UW,No,3.747709576,4.777463685,-5.68951447,-30.77334144,4.465669632,0.00152615,0.00911479,9.25e-4,0.191380669,5e-4,0.182170457,0.016615324,12.28496134,26.7,0.6,2020-03,14.74277432,NA,0.167436661
JB-UW2,2020-07-28,NA,NA,NA,NA,NA,NA,NA,NA,NA,NA,NA,NA,NA,NA,NA,NA,NA,NA,NA,NA,NA,NA,7,UW,No,2.352584631,1.872658959,-5.676445069,-32.95855357,9.18,0.02,0.003,5e-4,0.248589265,0,NA,0.013086,NA,634,-7.9,2020-07,12.45300698,NA,6.666666667
JB-UW2,2020-09-21,NA,NA,NA,NA,NA,NA,NA,NA,NA,NA,NA,NA,NA,NA,NA,NA,NA,NA,NA,NA,NA,NA,9,UW,No,4.411793558,3.971025122,-5.181281449,-29.45187145,5.318472753,0.005,0.015,0.005,0.108960323,0.005,NA,NA,NA,180.9,-8.4,2020-09,11.99838014,NA,0.333333333
JB-UW2,2020-11-01,JB,UW,1306.1545390000001,0.186821101,F6,11,2020,Jones Road,Baltimore Corner,10:00:00,UW,7.74,46.1,32.1,3.34,15,NA,1,pH and DO suspect,0,NA,NA,11,UW,No,4.8167246,5.034969,-4.836831795,-27.61624424,4.806468566,0.0071504,0.0013961,0,0.2426,0.0025,NA,NA,NA,257.8527531,1.955623437,2020-11,11.07841012,1.43e-4,5.121696154
JB-UW2,2021-02-26,JB,UW,758.2371303,0.036496416,F6,2,2021,Jones Road,Baltimore Corner,08:30:00,UW,10.04,41.3,22.2,2.84,6.7,NA,1,pH is suspect,0,NA,NA,2,UW,No,2.63530692,6.118657,-7.119577883,-40.51650324,3.92097006,0.0099917,0.014,0.0025,0.2085785,0.004891,NA,NA,NA,340.7,0.6,2021-02,16.44011982,4.81e-5,0.713692857
JB-UW2,2021-05-10,JB,UW,1540.481075,0.69989867,F6,5,2021,Jones Road,Baltimore Corner,14:00:00,UW,NA,40.3,21.5,2.27,12.9,NA,0,NA,1,Ran out of PES filters needed to use a GFF,NA,5,UW,No,3.6873247,4.11986931,-5.427946714,-29.67264063,4.552425282,0.01224062,0.002,0.0025,0.3001454,0.005,NA,NA,NA,1529.2,1.1,2021-05,13.75093308,4.54e-4,6.12031
JB-UW2,2021-06-19,JB,UW,1486.2044310000001,0.69528002,F6,6,2021,Jones Road,Baltimore Corner,09:15:00,UW,4.31,34.6,28.1,2.86,15.8,NA,0,NA,0,NA,NA,6,UW,No,2.5031,4.1553,-5.846563954,-33.04912739,6.43518,0.007,0.014,0.003,0.315084,0.006,NA,NA,NA,2017.863535,0.830783422,2021-06,13.72338424,4.68e-4,0.5
JB-UW2,2021-11-11,JB,UW,1438.352265,0.12976687,F6,11,2021,Jones Road,Baltimore Corner,14:50:00,UW,NA,NA,NA,NA,15,NA,1,"No YSI, only thermometer",0,NA,NA,11,UW,No,1.975883,3.169934,-4.8447108,-28.226392,5.2612579,0.0138192,0.035,0.0025,0.105,0.0115696,NA,NA,NA,484.5,1.1,2021-11,10.5312944,9.02e-5,0.394834286
JB-UW2,2022-04-01,JB,UW,913.8478941,0.013815925,F6,4,2022,Jones Road,Baltimore Corner,11:54:00,UW,NA,40.7,58.5,6.28,11.6,NA,1,pH not working,0,NA,753.6,4,UW,No,3.0498472,4.4673198,-5.7740697,-33.074385,4.34979,0.0429949,0.01,0.0025,0.64559348,0.02973823,NA,NA,NA,102.3,0.8,2022-04,13.1181726,1.51e-5,4.29949
JB-UW2,2022-10-30,JB,UW,886.6769218,0.081852265,F6,10,2022,Jones Road,Baltimore Corner,15:00:00,UW,4.69,29.4,8.92,90.2,15.7,Very low water levels,1,Very low water levels DO not reliable,1,Very low water levels GHGs not reliable.,764.3,10,UW,No,2.292256,1.189864,-5.36936681,-33.58510882,5.192118604,0.015,0.02278,0.0015,0.390976,0.008706,NA,NA,NA,NA,NA,2022-10,9.36982566,9.23e-5,0.658472344
JC-SW,2020-01-16,NA,NA,NA,NA,NA,NA,NA,NA,NA,NA,NA,NA,NA,NA,NA,NA,NA,NA,NA,NA,NA,NA,1,SW,No,2.365943635,27.69406918,-5.673964837,-32.32335186,36.56,0.02087366,0.003,5e-4,0.7192,0.019738486,0.834828005,0.060665748,NA,1104.109084,137.3825106,2020-01,13.06836684,NA,6.957886667
JC-SW,2020-03-09,NA,NA,NA,NA,NA,NA,NA,NA,NA,NA,NA,NA,NA,NA,NA,NA,NA,NA,NA,NA,NA,NA,3,SW,No,2.279674963,7.892583203,-5.841691251,-34.76123251,30.05652995,0.024643504,0.009003203,0.002738103,0.727496373,0.020437491,0.892181173,0.027211738,3.816096433,592.9,48.1,2020-03,11.9722975,NA,2.737192975
JC-SW,2020-07-28,NA,NA,NA,NA,NA,NA,NA,NA,NA,NA,NA,NA,NA,NA,NA,NA,NA,NA,NA,NA,NA,NA,7,SW,Yes,2.970348851,12.41083443,-4.696154051,-26.64165822,53.21,1.077657567,0.003,0.080660823,3.092365428,0.142023911,8.393563582,0.843475,NA,4697,15.1,2020-07,10.92757419,NA,359.219189
JC-SW,2020-09-21,NA,NA,NA,NA,NA,NA,NA,NA,NA,NA,NA,NA,NA,NA,NA,NA,NA,NA,NA,NA,NA,NA,9,SW,No,2.601657411,1.026147621,-4.661662818,-26.16730926,37.67220006,0.058983058,0.015,0.005,1.018622138,0.014684795,NA,NA,NA,1787.7,15.7,2020-09,11.12599328,NA,3.932203867
JC-SW,2020-11-01,JC,SW,590.6772162,61.73111595,F7,11,2020,Jones Road,Baltimore Corner,10:30:00,SW,9,42.4,35,3.85,9.9,NA,1,pH suspect,0,NA,NA,11,SW,No,1.0636195,0.6490465,-5.692909267,-34.24493143,40.22403492,0.1007074,0.0030238,0,0.881576,0.0138,NA,NA,NA,1129.387198,33.6000234,2020-11,11.29834271,0.104509052,33.30491435
JC-SW,2021-02-26,JC,SW,340.9801524,23.474629,F7,2,2021,Jones Road,Baltimore Corner,09:41:00,SW,9.68,33.3,59.8,7.45,5.4,NA,1,pH is suspect,0,NA,NA,2,SW,No,1.88639376,2.257679,-7.052291981,-40.48170934,11.76282709,0.0318702,0.014,0.0025,0.3498079,0.006051,NA,NA,NA,478.1,15.7,2021-02,15.93662651,0.068844561,2.276442857
JC-SW,2021-05-10,JC,SW,400.02832540000003,49.27902343,F7,5,2021,Jones Road,Baltimore Corner,14:45:00,SW,NA,28.7,27.2,2.77,14.5,NA,0,NA,1,Ran out of PES filters needed to use a GFF,NA,5,SW,No,2.0418916,0.72455176,-5.080236465,-30.6146967,26.33650367,0.025646096,0.002,0.0025,0.9690664,0.0327406,NA,NA,NA,1177.3,20.5,2021-05,10.02719502,0.123188835,12.823048
JC-SW,2021-06-19,JC,SW,344.2688757,4.124692174,F7,6,2021,Jones Road,Baltimore Corner,09:45:00,SW,4.3,33.19,36.7,3.33,20.8,NA,0,NA,0,NA,NA,6,SW,No,2.8481,0.6463,-4.105799888,-24.66265888,25.77132,0.03406638,0.014,0.003,1.129917,0.024383,NA,NA,NA,1141.452745,21.18996575,2021-06,8.183740224,0.01198102,2.433312857
JC-SW,2021-11-11,JC,SW,526.9615222,39.09033204,F7,11,2021,Jones Road,Baltimore Corner,15:10:00,SW,NA,NA,NA,NA,14,NA,1,"No YSI, only thermometer",0,NA,NA,11,SW,No,3.359323,2.228489,-4.7573417,-26.303218,60.200267,0.0254075,0.035,0.006158,1.26960468,0.02514296,NA,NA,NA,1790.6,70.4,2021-11,11.7555156,0.074180619,0.725928571
JC-SW,2022-04-01,JC,SW,297.8095992,3.473346157,F7,4,2022,Jones Road,Baltimore Corner,12:00:00,SW,NA,42.5,73.5,7.61,13.8,NA,1,pH not working,0,NA,753.5,4,SW,No,2.2242266,1.5480949,-4.976843141,-30.09848969,31.74815,0.0491004,0.01,0.0025,1.40202469,0.05346539,NA,NA,NA,749,34.3,2022-04,9.716255438,0.011662976,4.91004
JC-SW,2022-10-30,JC,SW,1990.23725,1.65858343,F7,10,2022,Jones Road,Baltimore Corner,14:50:00,SW,4.1,169.5,35.5,3.53,15.1,No standing water. Pumped from well.,1,No standing water. Pumped from well.,1,No standing water. Pumped from well.,764.5,10,SW,Yes,1.119033,55.971006,-5.258889923,-30.16865978,8.667402125,0.2437468,0.01,0.0015,0.5955645,0.017239,NA,NA,NA,NA,NA,2022-10,11.9024596,8.33e-4,24.37468
JC-UW1,2020-01-16,NA,NA,NA,NA,NA,NA,NA,NA,NA,NA,NA,NA,NA,NA,NA,NA,NA,NA,NA,NA,NA,NA,1,UW,No,2.626969075,9.864190068,-6.167314328,-34.42173961,2.19,0.009431205,0.003,5e-4,0.06722,0.019909291,0.070802533,0.040108449,NA,4.149573991,4.710973708,2020-01,14.91677501,NA,3.143735
JC-UW1,2020-03-09,NA,NA,NA,NA,NA,NA,NA,NA,NA,NA,NA,NA,NA,NA,NA,NA,NA,NA,NA,NA,NA,NA,3,UW,No,4.548364944,8.753346951,-6.595696015,-35.52129961,1.831452767,0.005133238,0.006704502,6.94e-4,0.1115568,0.003213728,0.047283083,0.006165808,4.040347219,1.6,3.4,2020-03,17.24426851,NA,0.765640461
JC-UW1,2020-09-21,NA,NA,NA,NA,NA,NA,NA,NA,NA,NA,NA,NA,NA,NA,NA,NA,NA,NA,NA,NA,NA,NA,9,UW,No,4.456456643,7.960514848,-5.50500658,-30.06004402,2.1835871,0.005,0.015,0.005,0.025,0.005,NA,NA,NA,74.2,-6.9,2020-09,13.98000862,NA,0.333333333
JC-UW1,2020-11-01,JC,UW,502.2228837,0.138977874,F7,11,2020,Jones Road,Baltimore Corner,10:30:00,UW,7.13,55.6,28.7,2.06,15,NA,1,pH suspect,0,NA,NA,11,UW,No,4.3234708,8.9641247,-5.120047939,-28.52754491,1.97188485,0.005,0.0018392,0,0.17382,0.0025,NA,NA,NA,-6.30228681,3.47288678,2020-11,12.4328386,2.77e-4,2.718573293
JC-UW1,2021-02-26,JC,UW,428.6893992,0.035653045,F7,2,2021,Jones Road,Baltimore Corner,09:41:00,UW,9.68,60.9,67,8.05,7.3,NA,1,pH is suspect,0,NA,NA,2,UW,No,3.66442396,10.5005588,-7.013755604,-39.9337601,1.99322348,0.0088769,0.014,0.0025,0.1855145,0.0025,NA,NA,NA,8.7,3.6,2021-02,16.17628473,8.32e-5,0.634064286
JC-UW1,2021-05-10,JC,UW,437.7365957,0.109490863,F7,5,2021,Jones Road,Baltimore Corner,14:45:00,UW,NA,45.6,49.8,5.25,12.8,NA,0,NA,1,Ran out of PES filters needed to use a GFF,NA,5,UW,No,2.0961869,8.43152241,-7.338878764,-42.69551254,1.291540104,0.0035,0.002,0.0025,0.1566653,0.005,NA,NA,NA,191,2.8,2021-05,16.01551757,2.5e-4,1.75
JC-UW1,2021-06-19,JC,UW,536.9630607,0.011643074,F7,6,2021,Jones Road,Baltimore Corner,10:15:00,UW,4.1,46.5,66.5,6.33,17.9,NA,0,NA,0,NA,NA,6,UW,No,2.6186,7.8667,-6.94202137,-39.42078151,1.32693,0.007,0.014,0.003,0.07,0.006,NA,NA,NA,23.82493078,3.751496426,2021-06,16.11538945,2.17e-5,0.5
JC-UW1,2021-11-11,JC,UW,443.8176681,0.057511489,F7,11,2021,Jones Road,Baltimore Corner,NA,NA,NA,NA,NA,NA,NA,NA,NA,NA,NA,NA,NA,11,UW,No,2.472444,7.179963,-6.7896057,-38.439633,1.580714,0.018748,0.035,0.0025,0.105,0.005,NA,NA,NA,9.8,4.1,2021-11,15.8772126,1.3e-4,0.535657143
JC-UW1,2022-04-01,JC,UW,338.9252002,0.006109937,F7,4,2022,Jones Road,Baltimore Corner,12:20:00,UW,NA,50.2,87.2,9.46,11.7,NA,1,pH not working,0,NA,753.5,4,UW,No,2.7746344,7.5884691,-6.183928859,-34.57854345,1.71439,0.0542612,0.01,0.0025,0.56082526,0.03161463,NA,NA,NA,6.6,3,2022-04,14.89288742,1.8e-5,5.42612
MB-CH,2021-09-10,MB,CH,2239.709464,3.174821148,F8,9,2021,Baltimore Corner,Baltimore Corner,12:55:00,CH,3.93,94.2,30,2.73,19.9,Pumped from well; no surface water.,1,No standing water pumped sample from well,1,No standing water pumped sample from well,759.4,9,CH,Yes,0.791146,12.36238,-4.976823,-26.462511,37.745814,0.202325,0.007,0.011563,1.27843,0.03068,NA,NA,NA,2974.1,29.4,2021-09,13.352073,0.001417515,28.90357143
MB-CH,2021-10-18,MB,CH,2248.467428,29.60808817,F8,10,2021,Baltimore Corner,Baltimore Corner,13:30:00,CH,4.75,45.1,6.11,64,17.6,NA,1,No standing water pumped from well,1,No standing water pumped from well,758,10,CH,Yes,2.053974,0.892009,-4.838569853,-27.78804386,32.5182,2.367894494,0.035,0.16723,2.90869819,0.1752343,NA,NA,NA,2357.4,23.2,2021-10,10.92051496,0.01316812,67.6541284
MB-CH,2021-12-15,MB,CH,1872.615074,45.7779808,F8,12,2021,Baltimore Corner,Baltimore Corner,15:53:00,CH,4.71,37.4,64,6.86,11.8,NA,1,No standing water pumped from well,1,No standing water pumped from well,NA,12,CH,Yes,2.20810684,0.51317026,-5.0182914,-28.510982,23.6851358,0.5300644,0,0.01065139,1.3703477,0.0271421,NA,NA,NA,1537.4,17.3,2021-12,11.6353492,0.024446017,NA
MB-CH,2022-02-23,NA,NA,NA,NA,NA,NA,NA,NA,NA,NA,NA,NA,NA,NA,NA,NA,NA,NA,NA,NA,NA,NA,2,CH,Yes,2.18569969,3.53554636,-6.5067149,-40.608854,31.62993,0.06292025,0.005,0.00871544,1.0948787,0.027165,NA,NA,NA,752.6,40.2,2022-02,11.4448652,NA,12.58405
MB-CH,2022-04-01,MB,CH,293.1152168,0.165845455,F8,4,2022,Baltimore Corner,Baltimore Corner,12:20:00,CH,4.27,49.5,50.3,5.3,12.8,NA,0,NA,1,Sampled from well,752.8,4,CH,Yes,2.649089,0.7293363,-4.936113269,-30.56658256,42.07303,0.0363903,0.01,0.0053073,1.78959516,0.06040013,NA,NA,NA,1134.3,39.5,2022-04,8.922323592,5.66e-4,3.63903
MB-CH,2022-05-25,NA,NA,NA,NA,NA,NA,NA,NA,NA,NA,NA,NA,NA,NA,NA,NA,NA,NA,NA,NA,NA,NA,5,CH,Yes,2.671887,0.15,-4.3396256,-27.032465,42.79356,0.04388826,0.015,0.0104595,1.9549883,0.0624621,NA,NA,NA,NA,NA,2022-05,7.6845398,NA,2.925884
MB-CH,2022-06-24,NA,NA,NA,NA,NA,NA,NA,NA,NA,NA,NA,NA,NA,NA,NA,NA,NA,NA,NA,NA,NA,NA,6,CH,Yes,2.647411,0.425561,-5.3300493,-32.309204,32.08193,0.22203731,0.015,0.01619341,1.282025,0.042839,NA,NA,NA,NA,NA,2022-06,10.3311904,NA,14.80248733
MB-CH,2022-07-26,NA,NA,NA,NA,NA,NA,NA,NA,NA,NA,NA,NA,NA,NA,NA,NA,NA,NA,NA,NA,NA,NA,7,CH,Yes,2.629107,0.450331,-4.839,-28.03478548,27.43538116,0.37057811,0.015,0.01638895,1.200445,0.020908,NA,NA,NA,NA,NA,2022-07,10.67721452,NA,24.70520733
MB-CH,2022-10-30,MB,CH,816.452839,8.602600138,F8,10,2022,Baltimore Corner,Baltimore Corner,11:30:00,CH,NA,NA,NA,NA,NA,"No standing water pumped from well. No YSI, well shallow.",1,"No standing water pumped from well. No YSI, well shallow.",1,"No standing water pumped from well. No YSI, well shallow.",NA,10,CH,Yes,2.104425,36.343335,-5.144172598,-30.65996112,11.70699611,0.6769859,0.01,0.0015,1.0309267,0.013055,NA,NA,NA,NA,NA,2022-10,10.49341966,0.010536555,67.69859
MB-CH,2022-12-12,MB,CH,1291.815395,7.170159428,F8,12,2022,Baltimore Corner,Baltimore Corner,12:00:00,CH,NA,NA,NA,NA,9,NA,2,No YSI. Only temp,1,No standing water sample pumped from well.,NA,12,CH,Yes,1.94999,43.196761,-5.3194,-30.387955,14.893325,0.1095466,0.01,0.0015,0.6396659,0.0090205,NA,NA,NA,NA,NA,2022-12,12.167245,0.005550452,10.95466
MB-SW,2021-09-10,MB,SW,484.9326524,4.077556588,F8,9,2021,Baltimore Corner,Baltimore Corner,11:45:00,SW,4.06,75.5,42,3.78,20.5,NA,0,NA,0,NA,759.3,9,SW,No,1.135598,11.07651,-4.343569,-24.345406,19.803843,0.03697,0.007,0.0025,0.72453,0.01312,NA,NA,NA,957.1,34.7,2021-09,10.403146,0.008408501,5.281428571
MB-SW,2021-10-18,MB,SW,325.5110083,8.68400116,F8,10,2021,Baltimore Corner,Baltimore Corner,12:45:00,SW,4.35,37.5,45.2,4.4,16.6,NA,0,NA,0,NA,758.3,10,SW,No,1.577375,1.769439,-3.461309409,-20.7728253,31.26175,0.035377067,0.035,0.005103,1.22955716,0.02181149,NA,NA,NA,1366,30.9,2021-10,6.917649972,0.026678057,1.010773343
MB-SW,2021-11-13,MB,SW,292.3009824,12.54897029,F8,11,2021,Baltimore Corner,Baltimore Corner,13:30:00,SW,NA,NA,NA,NA,10,NA,1,"No YSI, only thermometer",0,NA,NA,11,SW,No,NA,NA,NA,NA,34.299013,NA,NA,NA,NA,NA,NA,NA,NA,NA,NA,2021-11,NA,0.042931673,NA
MB-SW,2021-12-15,MB,SW,351.2166481,6.659583239,F8,12,2021,Baltimore Corner,Baltimore Corner,14:15:00,SW,4.57,35.3,42.8,5.13,7.2,NA,0,NA,0,NA,NA,12,SW,No,2.03290987,0.59831746,-3.796312,-23.311319,30.1578043,0.01,0,0.00544313,1.3000833999999999,0.0387409,NA,NA,NA,754.8,37.6,2021-12,7.059177,0.018961468,NA
MB-SW,2022-02-23,NA,NA,NA,NA,NA,NA,NA,NA,NA,NA,NA,NA,NA,NA,NA,NA,NA,NA,NA,NA,NA,NA,2,SW,No,2.2625153,3.94127156,-6.450118595,-40.0576684,30.23012,0.01,0.005,0.0025,0.9804552,0.0238057,NA,NA,NA,606.5,60.6,2022-02,11.54328036,NA,2
MB-SW,2022-04-01,MB,SW,287.3730607,2.922502158,F8,4,2022,Baltimore Corner,Baltimore Corner,11:15:00,SW,4.08,48.8,77.4,8.24,12.5,NA,0,NA,0,NA,752.9,4,SW,No,2.6409361,0.9374378,-4.933664513,-30.26711239,41.02872,0.034501,0.01,0.0049615,1.59560478,0.05264084,NA,NA,NA,1010.3,40.5,2022-04,9.202203714,0.010169715,3.4501
MB-SW,2022-05-25,NA,NA,NA,NA,NA,NA,NA,NA,NA,NA,NA,NA,NA,NA,NA,NA,NA,NA,NA,NA,NA,NA,5,SW,No,2.473835,0.15,-3.919891,-25.040439,42.43214,0.01,0.015,0.0025,1.6154191,0.0375317,NA,NA,NA,NA,NA,2022-05,6.318689,NA,0.666666667
MB-SW,2022-06-24,NA,NA,NA,NA,NA,NA,NA,NA,NA,NA,NA,NA,NA,NA,NA,NA,NA,NA,NA,NA,NA,NA,6,SW,No,2.367241,0.396605,-3.071525328,-19.46492356,36.71752,0.19082241,0.015,0.00972493,1.837489,0.063404,NA,NA,NA,NA,NA,2022-06,5.107279064,NA,12.721494
MB-SW,2022-07-26,NA,NA,NA,NA,NA,NA,NA,NA,NA,NA,NA,NA,NA,NA,NA,NA,NA,NA,NA,NA,NA,NA,7,SW,No,1.586575,0.878272,-2.568972156,-15.15163691,26.18765518,0.01,0.015,0.0025,1.09328,0.018318,NA,NA,NA,NA,NA,2022-07,5.400140338,NA,0.666666667
MB-SW,2022-10-30,MB,SW,227.4993259,0.115850797,F8,10,2022,Baltimore Corner,Baltimore Corner,11:15:00,SW,4.4,62.2,71.9,7.95,10.8,NA,0,NA,0,NA,767.1,10,SW,No,1.247151,11.581569,-4.234182472,-26.94375037,24.0242456,0.015,0.01,0.0015,0.7023661,0.024863,NA,NA,NA,NA,NA,2022-10,6.929709406,5.09e-4,1.5
MB-SW,2022-12-12,MB,SW,393.8349506,1.172093946,F8,12,2022,Baltimore Corner,Baltimore Corner,11:30:00,SW,NA,NA,NA,NA,4,NA,2,No YSI. Only temp,0,NA,NA,12,SW,No,1.31672,16.369945,-4.154142294,-20.13876052,19.552442,0.02,0.01,0.004594,0.6196153,0.0170027,NA,NA,NA,NA,NA,2022-12,13.094377830000001,0.002976104,2
MB-UW1,2021-09-10,MB,UW,339.4128458,0.153017318,F8,9,2021,Baltimore Corner,Baltimore Corner,12:30:00,UW,4.58,27.1,92.6,8.45,19.3,NA,0,NA,0,NA,759.2,9,UW,No,1.733786,3.19592,-5.401687,-29.486711,2.34784,0.0035,0.007,0.0025,0.15221,0.006,NA,NA,NA,0.9,5.3,2021-09,13.726785,4.51e-4,0.5
MB-UW1,2021-12-15,MB,UW,779.3270345,0.097085937,F8,12,2021,Baltimore Corner,Baltimore Corner,15:20:00,UW,4.62,34.5,97.4,10.1,13.7,NA,0,NA,0,NA,NA,12,UW,No,2.39263347,4.89517978,-6.2969631,-35.423429,1.8034005,0.01,0,0.0025,0.2898705,0.0145205,NA,NA,NA,34.4,4.6,2021-12,14.9522758,1.25e-4,NA
MB-UW1,2022-02-23,NA,NA,NA,NA,NA,NA,NA,NA,NA,NA,NA,NA,NA,NA,NA,NA,NA,NA,NA,NA,NA,NA,2,UW,No,1.70426042,4.26511654,-5.8444059,-32.067318,1.79481,0.60115742,0.06036673,0.00634796,1.1297669,0.0120212,NA,NA,NA,13.9,3.6,2022-02,14.6879292,NA,9.958422793
MB-UW1,2022-04-01,MB,UW,484.0050683,-0.076564335,F8,4,2022,Baltimore Corner,Baltimore Corner,11:40:00,UW,4.45,27.8,71.5,7.78,11.6,NA,0,NA,0,NA,753,4,UW,No,1.4673478,3.6611293,-5.737821332,-31.56478701,1.74838,0.2567013,0.1507451,0.0025,0.877906,0.03062093,NA,NA,NA,52.5,4.1,2022-04,14.33778365,-1.58e-4,1.702883211
MB-UW1,2022-05-25,NA,NA,NA,NA,NA,NA,NA,NA,NA,NA,NA,NA,NA,NA,NA,NA,NA,NA,NA,NA,NA,NA,5,UW,No,2.21672,3.873481,-6.7661021,-39.996605,1.68481,0.01,0.015,0.0025,0.3976137,0.0178956,NA,NA,NA,NA,NA,2022-05,14.1322118,NA,0.666666667
MB-UW1,2022-06-24,NA,NA,NA,NA,NA,NA,NA,NA,NA,NA,NA,NA,NA,NA,NA,NA,NA,NA,NA,NA,NA,NA,6,UW,No,1.50085,4.843199,-6.287172,-34.129711,1.5694,0.01,0.015,0.0025,0.337094,0.016922,NA,NA,NA,NA,NA,2022-06,16.167665,NA,0.666666667
MB-UW1,2022-07-26,NA,NA,NA,NA,NA,NA,NA,NA,NA,NA,NA,NA,NA,NA,NA,NA,NA,NA,NA,NA,NA,NA,7,UW,No,2.00034,4.748871,-6.57528339,-36.96474818,1.452292664,0.01,0.015,0.0025,0.254239,0.005,NA,NA,NA,NA,NA,2022-07,15.63751894,NA,0.666666667
MB-UW1,2022-12-12,MB,UW,606.0931637,0.022958256,F8,12,2022,Baltimore Corner,Baltimore Corner,02:30:00,UW,NA,NA,NA,NA,10,NA,2,No YSI. Only temp,0,NA,NA,12,UW,No,2.52094,4.871561,-5.871963576,-32.60891063,1.828136,0.02,0.01,0.0015,0.075,0.0061752,NA,NA,NA,NA,NA,2022-12,14.36679798,3.79e-5,2
NB-SW,2020-01-16,NA,NA,NA,NA,NA,NA,NA,NA,NA,NA,NA,NA,NA,NA,NA,NA,NA,NA,NA,NA,NA,NA,1,SW,No,1.904767495,30.03388906,-5.73387789,-30.97245438,36.29,0.016306966,0.003,5e-4,0.7035,0.003291545,0.792338627,0.072264009,NA,852.227713,286.5610808,2020-01,14.89856874,NA,5.435655333
NB-SW,2020-03-09,NA,NA,NA,NA,NA,NA,NA,NA,NA,NA,NA,NA,NA,NA,NA,NA,NA,NA,NA,NA,NA,NA,3,SW,No,2.813986135,15.52521151,-5.493786111,-34.01836557,26.56897523,0.015559866,0.004634556,0.003546312,0.660864079,0.018186,0.702273948,0.025302067,2.684649287,554.9,144.9,2020-03,9.931923318,NA,3.357358504
NB-SW,2020-09-21,NA,NA,NA,NA,NA,NA,NA,NA,NA,NA,NA,NA,NA,NA,NA,NA,NA,NA,NA,NA,NA,NA,9,SW,No,3.11320026,1.646318042,-4.295944987,-25.54585343,32.81290652,0.051598842,0.015,0.005,0.800853884,0.012611122,NA,NA,NA,1268.3,42.2,2020-09,8.821706466,NA,3.4399228
NB-SW,2020-11-01,NB,SW,382.8822711,19.16985923,F9,11,2020,Jones Road,Baltimore Corner,09:00:00,SW,7.96,41.4,36.5,4.31,9.1,NA,1,pH suspect,0,NA,NA,11,SW,No,2.7648801,1.3831673,-5.489759908,NA,35.71107365,0.1007952,0.0025939,0,0.751133,0.015064,NA,NA,NA,858.7622627,72.63676215,2020-11,NA,0.050067242,38.85855276
NB-SW,2021-02-26,NB,SW,316.9596824,13.31031368,F9,2,2021,Jones Road,Baltimore Corner,NA,NA,NA,NA,NA,NA,NA,NA,NA,NA,NA,NA,NA,2,SW,No,1.94860497,3.8878748,-6.699292899,-37.90509108,8.44535804,0.0254615,0.014,0.0025,0.3618703,0.00862,NA,NA,NA,277.4,25.2,2021-02,15.68925211,0.041993712,1.818678571
NB-SW,2021-05-10,NB,SW,270.9993772,8.92715639,F9,5,2021,Jones Road,Baltimore Corner,13:00:00,SW,NA,28.1,33.3,3.4,14.5,NA,0,NA,1,Ran out of PES filters needed to use a GFF,NA,5,SW,No,1.9537488,1.55038919,-5.151351465,-30.66044231,22.80253943,0.041272178,0.002,0.005169967,0.9313167,0.0395342,NA,NA,NA,871.1,30.9,2021-05,10.55036941,0.032941612,20.636089
NB-SW,2021-06-19,NB,SW,311.3337621,9.286365735,F9,6,2021,Jones Road,Baltimore Corner,07:30:00,SW,4.68,41.6,34.3,3.1,16.7,NA,0,NA,0,NA,NA,6,SW,No,3.7204,1.3129,-3.522271647,-22.51759848,28.61239,0.45147591,0.014,0.04961473,1.596137,0.077518,NA,NA,NA,652.2824878,29.87109341,2021-06,5.660574696,0.029827686,32.24827929
NB-SW,2021-11-11,NB,SW,278.6564252,1.545914431,F9,11,2021,Jones Road,Baltimore Corner,13:45:00,SW,NA,NA,NA,NA,16,NA,1,"No YSI, only thermometer",0,NA,NA,11,SW,No,2.638673,10.870683,-4.4366227,-24.710807,38.7758837,0.0317216,0.035,0.0025,0.99496901,0.02291823,NA,NA,NA,1229.8,118,2021-11,10.7821746,0.005547744,0.906331429
NB-SW,2022-04-01,NB,SW,241.1575015,0.482930214,F9,4,2022,Jones Road,Baltimore Corner,10:06:00,SW,NA,59.1,79.4,8.55,12,NA,1,pH not working,0,NA,753.5,4,SW,No,2.7831223,5.9664108,-4.577337637,-28.30985667,27.9847,0.014,0.01,0.0025,1.21074229,0.04755078,NA,NA,NA,642.5,78.2,2022-04,8.308844426,0.002002551,1.4
ND-outlet,2021-09-10,ND,SW,415.9688839,2.493208723,F10,9,2021,Jackson Lane,Jackson Lane,NA,NA,NA,NA,NA,NA,NA,NA,NA,NA,NA,NA,NA,9,other,No,NA,NA,NA,NA,NA,NA,NA,NA,NA,NA,NA,NA,NA,NA,NA,2021-09,NA,0.005993739,NA
ND-SW,2020-09-19,NA,NA,NA,NA,NA,NA,NA,NA,NA,NA,NA,NA,NA,NA,NA,NA,NA,NA,NA,NA,NA,NA,9,SW,No,2.049698447,0.05,-2.757769795,-18.37448588,26.21469659,0.069168265,0.015,0.005,0.879413947,0.020529103,NA,NA,NA,847.6,27.8,2020-09,3.68767248,NA,4.611217667
ND-SW,2020-10-30,ND,SW,190.1800524,2.935403487,F10,10,2020,Jackson Lane,Jackson Lane,15:40:00,SW,9.17,25.9,25.7,2.55,13.8,NA,1,pH suspect,0,NA,NA,10,SW,No,1.6426071,0.516902,-3.559371266,-22.52013581,28.54882906,0.0850743,0.0067927,0,0.958804,0.021556,NA,NA,NA,613.6403143,39.73474963,2020-10,5.954834318,0.015434865,12.52437175
ND-SW,2020-11-01,NA,NA,NA,NA,NA,NA,NA,NA,NA,NA,NA,NA,NA,NA,NA,NA,NA,NA,NA,NA,NA,NA,11,SW,No,NA,NA,NA,-30.97108798,NA,NA,NA,NA,NA,NA,NA,NA,NA,NA,NA,2020-11,NA,NA,NA
ND-SW,2021-02-24,ND,SW,205.7964501,2.680416086,F10,2,2021,Jackson Lane,Jackson Lane,16:30:00,SW,8.45,26.8,34,4.26,5.7,Lots of rainbow film,1,pH is suspect,0,NA,NA,2,SW,No,1.62294,0.9929722,-6.144358003,-36.57867784,13.35820356,0.0402851,0.014,0.0025,0.5526661,0.010395,NA,NA,NA,317,24.6,2021-02,12.57618618,0.013024598,2.877507143
ND-SW,2021-05-08,ND,SW,234.8080288,2.519660765,F10,5,2021,Jackson Lane,Jackson Lane,17:00:00,SW,NA,21,21.3,2.11,15,NA,0,NA,0,NA,NA,5,SW,No,1.6063352,0.15605908,-4.14605644,-26.00798337,18.77863925,0.016406584,0.002,0.0025,0.8093352,0.0271076,NA,NA,NA,382,26.8,2021-05,7.16046815,0.010730727,8.203292
ND-SW,2021-06-17,ND,SW,260.5526475,0.273935197,F10,6,2021,Jackson Lane,Jackson Lane,10:30:00,SW,4.62,23.8,47.9,4.25,21.1,NA,0,NA,0,NA,NA,6,SW,No,1.6376,0.0255,-2.502632053,-20.69898774,20.04708,0.01601536,0.014,0.00693538,0.981136,0.039352,NA,NA,NA,372.7275867,23.54046851,2021-06,-0.677931316,0.001051362,1.143954286
ND-SW,2021-09-11,ND,SW,372.5913983,8.204967376,F10,9,2021,Jackson Lane,Jackson Lane,11:00:00,SW,4.68,24.3,30.2,2.78,19.5,Surface water flowing out,0,NA,0,NA,766.1,9,SW,No,1.080098,0.08793,-3.854306,-24.238626,22.991799,0.015397,0.007,0.0025,0.86259,0.0218,NA,NA,NA,797.1,29.5,2021-09,6.595822,0.022021355,2.199571429
ND-SW,2021-10-19,ND,SW,258.1904197,2.724731669,F10,10,2021,Jackson Lane,Jackson Lane,10:40:00,SW,4.88,24.7,33.4,3.52,13,NA,0,NA,0,NA,764,10,SW,No,1.212472,0.216788,-3.288841774,-21.16246754,28.1814,0.063508942,0.035,0.005139,0.99203637,0.02217594,NA,NA,NA,823.4,36.9,2021-10,5.148266652,0.010553187,1.8145412
ND-SW,2021-11-14,ND,SW,266.865867,4.999560106,F10,11,2021,Jackson Lane,Jackson Lane,12:30:00,SW,NA,NA,NA,NA,7,NA,1,"No YSI, only thermometer",0,NA,NA,11,SW,No,NA,NA,NA,NA,25.3004131,NA,NA,NA,NA,NA,NA,NA,NA,NA,NA,2021-11,NA,0.018734356,NA
ND-SW,2021-12-14,ND,SW,286.0130262,1.183307052,F10,12,2021,Jackson Lane,Jackson Lane,08:42:00,SW,4.71,26.6,56.6,7.39,2.8,Ice on water's surface,0,NA,0,NA,NA,12,SW,No,1.42063236,0.145,-3.3124199,-22.110442,24.1153998,0.06036981,0,0.0025,1.2258341,0.0336158,NA,NA,NA,374.2,36.1,2021-12,4.3889172,0.004137249,NA
ND-SW,2022-02-22,NA,NA,NA,NA,NA,NA,NA,NA,NA,NA,NA,NA,NA,NA,NA,NA,NA,NA,NA,NA,NA,NA,2,SW,No,1.47546734,0.59763997,-5.0176529,-33.250997,19.72196,0.02310103,0.005,0.0025,0.7622615,0.0220291,NA,NA,NA,289,36.9,2022-02,6.8902262,NA,4.620206
ND-SW,2022-03-31,ND,SW,254.8727766,0.934855265,F10,3,2022,Jackson Lane,Jackson Lane,08:37:00,SW,NA,142,64.8,7.01,11.6,NA,1,Problematic SpC and pH measurements,0,NA,NA,3,SW,No,1.6065051,0.4164719,-4.133074869,-28.29235702,20.63512,0.014,0.01,0.0025,1.25398803,0.04590695,NA,NA,NA,307.3,34.9,2022-03,4.772241932,0.003667929,1.4
ND-SW,2022-05-26,NA,NA,NA,NA,NA,NA,NA,NA,NA,NA,NA,NA,NA,NA,NA,NA,NA,NA,NA,NA,NA,NA,5,SW,No,NA,NA,-2.8521596,-22.242143,25.30492,NA,NA,NA,NA,NA,NA,NA,NA,NA,NA,2022-05,0.5751338,NA,NA
ND-SW,2022-06-25,NA,NA,NA,NA,NA,NA,NA,NA,NA,NA,NA,NA,NA,NA,NA,NA,NA,NA,NA,NA,NA,NA,6,SW,No,1.87546,0.15,-1.3786728,-14.527786,28.27629,0.03053552,0.015,0.00833505,1.42886,0.055194,NA,NA,NA,NA,NA,2022-06,-3.4984036,NA,2.035701333
ND-SW,2022-07-27,NA,NA,NA,NA,NA,NA,NA,NA,NA,NA,NA,NA,NA,NA,NA,NA,NA,NA,NA,NA,NA,NA,7,SW,No,1.511103,0.361763,0.598219186,-3.812211669,27.67687651,1.68875527,0.015,0.14076453,3.837016,0.258556,NA,NA,NA,NA,NA,2022-07,-8.597965157,NA,112.5836847
ND-SW,2022-10-31,ND,SW,107.5391775,0.02311641,F10,10,2022,Jackson Lane,Jackson Lane,09:50:00,SW,4.69,45,87.8,9.58,11.4,Just a small puddle,0,Just a small puddle,0,Just a small puddle,763,10,SW,No,0.722503,9.919286,-3.860162143,-27.92287502,17.66380746,0.015,0.01,0.0015,0.6290902,0.017891,NA,NA,NA,NA,NA,2022-10,2.958422124,2.15e-4,1.5
ND-SW,2022-12-13,ND,SW,438.4775641,0.821857434,F10,12,2022,Jackson Lane,Jackson Lane,09:00:00,SW,NA,NA,NA,NA,3,Ice on pond,2,No YSI. Only temp,0,NA,NA,12,SW,No,0.83269,14.425679,-3.760860372,-20.5778997,16.29167,0.02,0.01,0.0015,0.7201879,0.0150522,NA,NA,NA,NA,NA,2022-12,9.508983276,0.001874343,2
ND-UW1,2020-09-19,NA,NA,NA,NA,NA,NA,NA,NA,NA,NA,NA,NA,NA,NA,NA,NA,NA,NA,NA,NA,NA,NA,9,UW,No,3.089242517,4.70627389,-4.808295716,-28.13353449,1.769254001,0.005,0.015,0.005,0.025,0.064748688,NA,NA,NA,265.5,-7.5,2020-09,10.33283124,NA,0.333333333
ND-UW1,2020-10-30,ND,UW,545.71390040000006,0.107307576,F10,10,2020,Jackson Lane,Jackson Lane,15:40:00,UW,9.5,31.5,38,3.81,14.4,NA,1,pH suspect,0,NA,NA,10,UW,No,2.6131431,4.8232247,-4.816268175,-27.04783918,1.407444471,0.005,0.0073981,0,0.123798,0.0025,NA,NA,NA,0.666246514,2.605803339,2020-10,11.48230622,1.97e-4,0.675849205
ND-UW1,2021-02-24,ND,UW,652.2225857,0.335283902,F10,2,2021,Jackson Lane,Jackson Lane,16:30:00,UW,8.63,35.3,19.2,2.35,8.5,NA,1,pH is suspect,0,NA,NA,2,UW,No,2.46831615,5.5342712,-5.512907236,-30.83322196,1.01917136,0.0035,0.014,0.0025,0.1257488,0.005638,NA,NA,NA,17.2,2.1,2021-02,13.27003593,5.14e-4,0.25
ND-UW1,2021-05-08,ND,UW,679.391156,0.49112583,F10,5,2021,Jackson Lane,Jackson Lane,17:00:00,UW,NA,23.5,23.6,2.47,12.1,NA,0,NA,0,NA,NA,5,UW,No,2.2270895,5.21313297,-6.560997928,-36.01951884,0.915654818,0.00956994,0.002,0.0025,0.1717808,0.005,NA,NA,NA,-0.6,2.1,2021-05,16.46846458,7.23e-4,4.78497
ND-UW1,2021-06-17,ND,UW,1692.00445,43.06878136,F10,6,2021,Jackson Lane,Jackson Lane,10:30:00,UW,4.48,36.1,23.4,2.31,16.1,NA,0,NA,0,NA,NA,6,UW,No,2.9768,4.4499,-4.167094165,-27.2219338,1.65629,0.007,0.014,0.003,0.07,0.006,NA,NA,NA,367.3434754,3.223038746,2021-06,6.11481952,0.025454296,0.5
ND-UW1,2021-09-11,ND,UW,1265.175666,3.664420554,F10,9,2021,Jackson Lane,Jackson Lane,10:40:00,UW,4.78,35.2,22.8,2.12,18.7,NA,0,NA,0,NA,766.1,9,UW,No,2.649961,4.4558,-5.6253,-33.218702,1.109397,0.009161,0.007,0.0025,0.07,0.006,NA,NA,NA,59,1.7,2021-09,11.783698,0.002896373,1.308714286
ND-UW1,2021-10-19,ND,UW,1829.823825,23.59089854,F10,10,2021,Jackson Lane,Jackson Lane,11:22:00,UW,4.88,32.9,43.7,4.29,16.2,NA,0,NA,0,NA,763.8,10,UW,No,2.400887,3.579264,-3.905007597,-24.74549675,2.09574,0.009044974,0.035,0.0025,0.105,0.005,NA,NA,NA,288.9,2.4,2021-10,6.494564026,0.012892443,0.258427829
ND-UW1,2021-12-14,ND,UW,2040.50927,11.70754231,F10,12,2021,Jackson Lane,Jackson Lane,09:27:00,UW,4.8,33.7,42.2,4.53,10,NA,0,NA,0,NA,NA,12,UW,No,2.49906711,4.13958822,-3.762662373,-24.36143928,1.7959177,0.01,0,0.0025,0.4595134,0.0164209,NA,NA,NA,323.4,2.7,2021-12,5.739859704,0.005737559,NA
ND-UW1,2022-02-22,NA,NA,NA,NA,NA,NA,NA,NA,NA,NA,NA,NA,NA,NA,NA,NA,NA,NA,NA,NA,NA,NA,2,UW,No,2.57987616,5.01326947,-5.097571047,-30.18752952,1.65655,0.01,0.005,0.0025,0.105,0.0203172,NA,NA,NA,68.8,2.6,2022-02,10.59303886,NA,2
ND-UW1,2022-03-31,ND,UW,1095.343545,0.101213439,F10,3,2022,Jackson Lane,Jackson Lane,09:03:00,UW,NA,63.5,48.6,5.04,13.2,NA,1,Problematic pH measurement,0,NA,NA,3,UW,No,2.2779194,5.2268855,-5.540877013,-31.97021964,1.02022,0.014,0.01,0.0025,0.53407363,0.02730685,NA,NA,NA,43.6,2.4,2022-03,12.35679646,9.24e-5,1.4
ND-UW1,2022-05-26,NA,NA,NA,NA,NA,NA,NA,NA,NA,NA,NA,NA,NA,NA,NA,NA,NA,NA,NA,NA,NA,NA,5,UW,No,2.173995,4.879864,-5.4737555,-32.58343,1.51354,0.01,0.015,0.0025,0.5386617,0.0144649,NA,NA,NA,NA,NA,2022-05,11.206614,NA,0.666666667
ND-UW1,2022-06-25,NA,NA,NA,NA,NA,NA,NA,NA,NA,NA,NA,NA,NA,NA,NA,NA,NA,NA,NA,NA,NA,NA,6,UW,No,2.376341,4.211956,-3.0941951,-21.953944,2.39591,0.01,0.015,0.0025,0.295124,0.005,NA,NA,NA,NA,NA,2022-06,2.7996168,NA,0.666666667
ND-UW1,2022-07-27,NA,NA,NA,NA,NA,NA,NA,NA,NA,NA,NA,NA,NA,NA,NA,NA,NA,NA,NA,NA,NA,NA,7,UW,No,2.417122,4.119742,-2.618147771,-19.61531309,2.678082814,0.01,0.015,0.0025,0.166243,0.005,NA,NA,NA,NA,NA,2022-07,1.329869078,NA,0.666666667
ND-UW1,2022-10-31,ND,UW,1229.713001,3.03785999,F10,10,2022,Jackson Lane,Jackson Lane,10:00:00,UW,NA,NA,NA,NA,NA,Very low water levels not enough for YSI.,2,Very low water levels not enough for YSI.,1,Very low water levels not enough for YSI.,NA,10,UW,No,1.862703,4.263766,-2.509060193,-20.91584346,2.779832665,0.015,0.01,0.0015,0.1792617,0.005683,NA,NA,NA,NA,NA,2022-10,-0.843361916,0.002470381,1.5
ND-UW1,2022-12-13,ND,UW,1110.5078799999999,-0.103489293,F10,12,2022,Jackson Lane,Jackson Lane,09:30:00,UW,NA,NA,NA,NA,10,NA,2,No YSI. Only temp,0,NA,NA,12,UW,No,1.95444,5.4505,-2.627090548,-20.20284709,1.530368,0.02,0.026933,0.0015,0.4940394,0.0101148,NA,NA,NA,NA,NA,2022-12,0.813877294,-9.32e-5,0.742583448
ND-UW2,2020-09-19,NA,NA,NA,NA,NA,NA,NA,NA,NA,NA,NA,NA,NA,NA,NA,NA,NA,NA,NA,NA,NA,NA,9,UW,No,3.290445778,1.459268074,-3.081986486,-19.23082229,19.41883475,0.085588928,0.015,0.005,0.519852894,0.031235453,NA,NA,NA,2000.7,-6.5,2020-09,5.425069598,NA,5.705928533
ND-UW2,2020-10-30,ND,UW,840.552735,10.42259591,F10,10,2020,Jackson Lane,Jackson Lane,15:40:00,UW,8.02,25.2,35.3,3.45,15.1,NA,1,pH suspect,0,NA,NA,10,UW,No,2.6126015,1.0157162,-3.052579369,-19.48148569,18.22921941,0.0792351,0.0017032,0,0.618695,0.007856,NA,NA,NA,1881.848301,1.290904671,2020-10,4.939149262,0.012399693,46.52131282
ND-UW2,2021-02-24,ND,UW,884.1777689,12.46328596,F10,2,2021,Jackson Lane,Jackson Lane,16:30:00,UW,8.1,26.2,19.7,2.41,8.9,NA,1,pH is suspect,0,NA,NA,2,UW,No,1.72335212,0.1851268,-5.625365199,-34.04189758,17.36741789,0.0639103,0.014,0.0025,0.5917077,0.009209,NA,NA,NA,1188,1,2021-02,10.96102401,0.014095905,4.565021429
ND-UW2,2021-05-08,ND,UW,852.754836,9.481594711,F10,5,2021,Jackson Lane,Jackson Lane,17:00:00,UW,NA,NA,NA,NA,NA,NA,1,Didn't take a YSI measurement because it was raining,1,No temp measurment for GHG equilibration. Only duplicates for GHGs,NA,5,UW,No,1.618133,0.18928623,-5.048662341,-29.58605097,16.66428452,0.056548617,0.002,0.0025,0.5466147,0.005,NA,NA,NA,1474,0.9,2021-05,10.80324776,0.011118782,28.2743085
ND-UW2,2021-06-17,ND,UW,1482.801083,63.19228976,F10,6,2021,Jackson Lane,Jackson Lane,10:30:00,UW,4.33,26.8,27.5,2.59,16.2,NA,0,NA,0,NA,NA,6,UW,No,1.9847,0.0667,NA,NA,19.1411,0.06452988,0.03421733,0.003,0.672439,0.020918,NA,NA,NA,1591.496027,0.876204325,2021-06,NA,0.042616835,1.885882972
ND-UW2,2021-09-11,ND,UW,2117.207026,25.58851286,F10,9,2021,Jackson Lane,Jackson Lane,11:40:00,UW,4.56,30.5,23.1,2.11,19.5,NA,0,NA,0,NA,766,9,UW,No,2.246856,0.11488,-3.811028,-24.766725,18.966032,0.083246,0.007,0.0025,0.60826,0.01324,NA,NA,NA,1479.7,1.2,2021-09,5.721499,0.012085976,11.89228571
ND-UW2,2021-10-19,ND,UW,1877.081719,56.35053291,F10,10,2021,Jackson Lane,Jackson Lane,11:54:00,UW,4.69,26.2,42,4.04,17.2,NA,0,NA,0,NA,763.4,10,UW,No,1.630768,0.1,-3.437322257,-22.8745194,20.76425,0.109803151,0.035,0.004687,0.58587075,0.01070055,NA,NA,NA,1893.2,1.5,2021-10,4.624058656,0.030020288,3.137232886
ND-UW2,2021-12-14,ND,UW,1967.905911,31.01290606,F10,12,2021,Jackson Lane,Jackson Lane,10:15:00,UW,4.67,13.5,36.6,3.88,11.9,NA,0,NA,0,NA,NA,12,UW,No,1.664932,0.145,-3.5635934,-22.55574,17.1507337,0.0948221,0,0.0025,0.8259616,0.0194356,NA,NA,NA,1310.2,1.7,2021-12,5.9530072,0.015759344,NA
ND-UW2,2022-02-22,NA,NA,NA,NA,NA,NA,NA,NA,NA,NA,NA,NA,NA,NA,NA,NA,NA,NA,NA,NA,NA,NA,2,UW,No,2.11644952,0.58158944,-4.017729972,-25.41686827,15.37104,0.12241513,0.005,0.0025,0.6117299,0.0098086,NA,NA,NA,1141.8,1.3,2022-02,6.724971506,NA,24.483026
ND-UW2,2022-03-31,ND,UW,1217.157859,9.664188794,F10,3,2022,Jackson Lane,Jackson Lane,10:15:00,UW,4.63,41.6,33.3,3.45,13.5,NA,1,DO measurement poured into YSI calibration cup,0,NA,745.1,3,UW,No,1.8344327,0.3099156,-4.842613422,-31.62674955,17.45884,0.1097249,0.01,0.0025,0.68378,0.005,NA,NA,NA,1227,1.1,2022-03,7.114157826,0.007939963,10.97249
ND-UW2,2022-05-26,NA,NA,NA,NA,NA,NA,NA,NA,NA,NA,NA,NA,NA,NA,NA,NA,NA,NA,NA,NA,NA,NA,5,UW,No,1.789139,0.15,-4.2803166,-29.053726,20.08443,0.051827,0.015,0.0025,0.7478048,0.0189209,NA,NA,NA,NA,NA,2022-05,5.1888068,NA,3.455133333
ND-UW2,2022-06-25,NA,NA,NA,NA,NA,NA,NA,NA,NA,NA,NA,NA,NA,NA,NA,NA,NA,NA,NA,NA,NA,NA,6,UW,No,2.008701,0.139817,-2.797024,-20.419727,21.45448,0.06065682,0.015,0.0025,0.691178,0.010279,NA,NA,NA,NA,NA,2022-06,1.956465,NA,4.043788
ND-UW2,2022-07-28,NA,NA,NA,NA,NA,NA,NA,NA,NA,NA,NA,NA,NA,NA,NA,NA,NA,NA,NA,NA,NA,NA,7,UW,No,2.167019,0.15,-2.503505226,-19.58153033,26.12728134,0.16546705,0.015,0.01030096,0.915066,0.016679,NA,NA,NA,NA,NA,2022-07,0.446511478,NA,11.03113667
ND-UW2,2022-10-31,ND,UW,2573.23722,40.35421702,F10,10,2022,Jackson Lane,Jackson Lane,09:30:00,UW,4.64,41,50.7,5.19,14.2,NA,0,NA,0,NA,763,10,UW,No,2.803747,1.664199,-2.837476513,-21.43612005,21.14390418,0.0741668,0.090102,0.003833,0.7522468,0.014149,NA,NA,NA,NA,NA,2022-10,1.263692054,0.015682276,0.823142661
ND-UW2,2022-12-13,ND,UW,1380.765636,18.09798887,F10,12,2022,Jackson Lane,Jackson Lane,10:00:00,UW,NA,NA,NA,NA,11,NA,2,No YSI. Only temp,0,NA,NA,12,UW,No,1.92582,0.731591,-2.933437042,-21.75906569,13.420681,0.02,0.01593,0.0036935,0.3921887,0.0117241,NA,NA,NA,NA,NA,2022-12,1.708430646,0.013107213,1.255492781
ND-UW3,2021-02-24,ND,UW,590.6817762,0.712447814,F10,2,2021,Jackson Lane,Jackson Lane,16:30:00,UW,8.6,15.9,34.4,4.1,7.6,NA,1,Excess sediment in well. pH is suspect,1,Excess sediment in well,NA,2,UW,No,1.19288541,1.1161307,-7.711372404,-45.68084715,19.79787424,0.1644438,0.0400787,0.0025,0.7619131,0.008105,NA,NA,NA,848.1,3.5,2021-02,16.01013208,0.001206145,4.103022304
ND-UW3,2021-05-08,ND,UW,646.4566791,2.154350554,F10,5,2021,Jackson Lane,Jackson Lane,17:00:00,UW,NA,28.1,26.7,2.84,12.6,NA,0,NA,0,NA,NA,5,UW,No,1.0696116,0.61294925,-5.742157075,-30.28391392,26.55737643,0.234033538,0.035567359,0.0025,1.0006289,0.0147862,NA,NA,NA,2487.6,3.2,2021-05,15.65334268,0.003332552,6.580008878
ND-UW3,2021-06-17,NA,NA,NA,NA,NA,NA,NA,NA,NA,NA,NA,NA,NA,NA,NA,NA,NA,NA,NA,NA,NA,NA,6,UW,No,1.4067,1.8623,NA,NA,12.55507,0.15098883,0.26394875,0.003,0.976022,0.006,NA,NA,NA,1748.529758,4.897202494,2021-06,NA,NA,0.572038435
ND-UW3,2021-09-11,ND,UW,1213.237766,2.552082059,F10,9,2021,Jackson Lane,Jackson Lane,12:15:00,UW,4.29,41.2,23.5,2.17,19.4,Very tanic for gw,0,NA,0,NA,765.9,9,UW,No,0.771069,0.41045,-5.052277,-25.93323,44.918715,0.188356,0.007,0.006881,1.39346,0.02052,NA,NA,NA,3851.1,4,2021-09,14.484986,0.00210353,26.908
ND-UW3,2021-10-19,ND,UW,1023.677109,2.942077016,F10,10,2021,Jackson Lane,Jackson Lane,14:45:00,UW,5.58,44.1,86.7,8.2,17.8,Very little water in the well,0,NA,0,NA,761.7,10,UW,No,1.89661,3.284144,-5.314935453,-30.6752399,18.21486,0.136934782,0.035,0.004898,0.82860065,0.03528344,NA,NA,NA,9108.4,5.9,2021-10,11.84424372,0.002874028,3.912422343
ND-UW3,2021-12-14,ND,UW,1067.913922,0.214592616,F10,12,2021,Jackson Lane,Jackson Lane,14:30:00,UW,5.24,34.1,88.4,9.15,12.7,Purged well and came back in afternoon,0,NA,0,NA,NA,12,UW,No,2.13192047,3.45506459,-5.5511758,-30.002199,6.3791983,0.07140335,0,0.0025,0.5449041,0.0168569,NA,NA,NA,3304.2,5.1,2021-12,14.4072074,2.01e-4,NA
ND-UW3,2022-02-22,NA,NA,NA,NA,NA,NA,NA,NA,NA,NA,NA,NA,NA,NA,NA,NA,NA,NA,NA,NA,NA,NA,2,UW,No,1.23124545,1.5500095,-6.8506018,-40.993351,9.62605,0.01,0.09176049,0.0025,0.50674,0.0097655,NA,NA,NA,348,2.7,2022-02,13.8114634,NA,0.108979366
ND-UW3,2022-03-31,ND,UW,1077.512078,0.434158375,F10,3,2022,Jackson Lane,Jackson Lane,10:40:00,UW,4.33,34.8,30.7,3.24,12.9,NA,0,NA,0,NA,743.8,3,UW,No,1.1506767,1.2925656,-7.350404709,-45.30126155,12.73383,0.0296243,0.0301696,0.0025,0.85476501,0.03053108,NA,NA,NA,569.8,2.8,2022-03,13.50197612,4.03e-4,0.981925514
ND-UW3,2022-05-26,NA,NA,NA,NA,NA,NA,NA,NA,NA,NA,NA,NA,NA,NA,NA,NA,NA,NA,NA,NA,NA,NA,5,UW,No,NA,NA,-6.229684,-37.173547,13.21908,NA,NA,NA,NA,NA,NA,NA,NA,NA,NA,2022-05,12.663925,NA,NA
ND-UW3,2022-06-25,NA,NA,NA,NA,NA,NA,NA,NA,NA,NA,NA,NA,NA,NA,NA,NA,NA,NA,NA,NA,NA,NA,6,UW,No,NA,NA,NA,NA,21.85242,NA,NA,NA,NA,NA,NA,NA,NA,NA,NA,2022-06,NA,NA,NA
ND-UW3,2022-07-28,NA,NA,NA,NA,NA,NA,NA,NA,NA,NA,NA,NA,NA,NA,NA,NA,NA,NA,NA,NA,NA,NA,7,UW,No,2.941852,4.115223,-5.524337817,-30.97239458,7.340955539,0.05096292,0.015,0.0025,0.426532,0.005,NA,NA,NA,NA,NA,2022-07,13.22230796,NA,3.397528
ND-UW3,2022-12-13,ND,UW,536.9628003,-0.192179516,F10,12,2022,Jackson Lane,Jackson Lane,10:30:00,UW,NA,NA,NA,NA,9,NA,2,No YSI. Only temp,0,NA,NA,12,UW,No,1.45495,3.578052,-6.209491649,-35.08600619,3.464618,0.02,0.069514,0.0015,0.2217186,0.0078295,NA,NA,NA,NA,NA,2022-12,14.589927,-3.58e-4,0.287711828
OB-CH,2021-09-10,OB,CH,891.7922991,1.509478855,F11,9,2021,Baltimore Corner,Baltimore Corner,11:05:00,CH,3.75,135.3,31.4,2.91,19.1,Pumped water from the well; not enough SW.,1,No standing water pumped sample from well,1,No standing water pumped sample from well,759.3,9,CH,Yes,1.979225,17.22994,-5.021626,-25.237855,40.486679,0.141185,0.007,0.0025,1.54157,0.03313,NA,NA,NA,1565.5,56.1,2021-09,14.935153,0.001692635,20.16928571
OB-CH,2021-10-18,OB,CH,1099.338904,30.40159417,F11,10,2021,Baltimore Corner,Baltimore Corner,11:45:00,CH,NA,NA,NA,NA,NA,Very little water in the well. Not enough water in well to take YSI,1,"YSI not taken, not enough water in the well.",1,"No standing water, pumped sample from well",NA,10,CH,Yes,4.073651,14.644617,-5.6344134,-30.35766508,29.94449,0.808460743,0.035,0.01302,1.76399702,0.0563391,NA,NA,NA,10128.4,27.2,2021-10,14.71764212,0.027654433,23.09887837
OB-CH,2021-12-15,NA,NA,NA,NA,NA,NA,NA,NA,NA,NA,NA,NA,NA,NA,NA,NA,NA,NA,NA,NA,NA,NA,12,CH,Yes,3.70288181,29.38178353,-5.784164,-31.545114,5.8553986,0.33125246,0,0.0025,0.9287557,0.021352200000000002,NA,NA,NA,24.4,2.8,2021-12,14.728198,NA,NA
OB-CH,2022-02-23,NA,NA,NA,NA,NA,NA,NA,NA,NA,NA,NA,NA,NA,NA,NA,NA,NA,NA,NA,NA,NA,NA,2,CH,Yes,2.58075536,8.95890056,-7.186651423,-43.49464978,32.47365,0.17891436,0.005,0.0025,1.2198745,0.0234558,NA,NA,NA,1227.7,19.4,2022-02,13.9985616,NA,35.782872
OB-CH,2022-04-01,OB,CH,622.8705994,1.103801258,F11,4,2022,Baltimore Corner,Baltimore Corner,10:45:00,CH,3.84,70.2,41.7,4.53,11.4,NA,0,NA,1,Sampled from well,753,4,CH,Yes,2.8734711,0.843159,-5.491797822,-32.1144828,53.02829,0.0338175,0.01,0.0117795,1.96766586,0.06579146,NA,NA,NA,1555.3,19.9,2022-04,11.81989978,0.00177212,3.38175
OB-CH,2022-05-25,NA,NA,NA,NA,NA,NA,NA,NA,NA,NA,NA,NA,NA,NA,NA,NA,NA,NA,NA,NA,NA,NA,5,CH,Yes,3.214932,0.667092,-5.0385829,-29.318319,56.407,0.13210545,0.015,0.0152633,2.6765319,0.0809439,NA,NA,NA,NA,NA,2022-05,10.9903442,NA,8.80703
OB-CH,2022-06-24,NA,NA,NA,NA,NA,NA,NA,NA,NA,NA,NA,NA,NA,NA,NA,NA,NA,NA,NA,NA,NA,NA,6,CH,Yes,3.669106,16.956948,-5.7982625,-32.163803,13.73793,0.43661275,0.05848428,0.01724243,0.890111,0.013039,NA,NA,NA,NA,NA,2022-06,14.222297,NA,7.465471918
OB-CH,2022-07-26,NA,NA,NA,NA,NA,NA,NA,NA,NA,NA,NA,NA,NA,NA,NA,NA,NA,NA,NA,NA,NA,NA,7,CH,Yes,4.502747,17.612166,-4.701460026,-26.27688443,17.04303124,1.38716425,0.015,0.01752516,2.127556,0.045304,NA,NA,NA,NA,NA,2022-07,11.33479578,NA,92.47761667
OB-CH,2022-10-30,OB,CH,245.978718,0.682744223,F11,10,2022,Baltimore Corner,Baltimore Corner,10:30:00,CH,NA,NA,NA,NA,NA,No standing water sampled from well. Water level very low in the well. Limitted sampling,1,No standing water sampled from well. No YSI.,1,"No standing water sampled from well. Water level very low in the well. Limitted sampling; no YSI, metals or raw water.",NA,10,CH,Yes,3.71128,26.480108,-6.156456456,-35.15684622,2.24166361,0.385141,0.078285,0.0015,0.6875134,0.011559,NA,NA,NA,NA,NA,2022-10,14.09480543,0.002775623,4.919729195
OB-CH,2022-12-12,OB,CH,560.900456,-0.05914355,F11,12,2022,Baltimore Corner,Baltimore Corner,14:00:00,CH,NA,NA,NA,NA,10,NA,2,No YSI. Only temp,1,No standing water sample pumped from well.,NA,12,CH,Yes,2.43395,34.629208,-5.720135546,-30.66340769,6.06032,0.0478595,0.081925,0.0015,0.3703807,0.01287,NA,NA,NA,NA,NA,2022-12,15.09767668,-1.05e-4,0.584186756
OB-SW,2021-09-10,OB,SW,404.3214786,2.203236863,F11,9,2021,Baltimore Corner,Baltimore Corner,10:16:00,SW,3.6,176,31,2.88,18.8,NA,0,NA,1,DOC filter broke while filling vial. Rinsed vial out with filtered water 3x and refilled,759.2,9,SW,No,1.946455,25.52852,-4.936349,-24.943022,31.25327,0.012332,0.007,0.0025,0.98592,0.01812,NA,NA,NA,545.2,95.9,2021-09,14.54777,0.00544922,1.761714286
OB-SW,2021-10-18,OB,SW,2798.450612,25.27131727,F11,10,2021,Baltimore Corner,Baltimore Corner,10:45:00,SW,4.21,188.5,40.8,4.02,16,No standing water well pumped,1,"No standing water, sample pumped well",1,"No standing water, sample pumped well",759,10,SW,Yes,3.670373,19.690058,-4.726110841,-27.19864519,24.08778,0.157406891,0.035,0.006104,1.31500097,0.03391755,NA,NA,NA,6291.7,21.5,2021-10,10.61024154,0.009030467,4.497339743
OB-SW,2021-11-13,OB,SW,338.968823,9.836280272,F11,11,2021,Baltimore Corner,Baltimore Corner,15:00:00,SW,NA,NA,NA,NA,10,NA,1,"No YSI, only thermometer",0,NA,NA,11,SW,No,NA,NA,NA,NA,68.4901038,NA,NA,NA,NA,NA,NA,NA,NA,NA,NA,2021-11,NA,0.029018245,NA
OB-SW,2021-12-15,OB,SW,2123.60223,23.79019031,F11,12,2021,Baltimore Corner,Baltimore Corner,11:30:00,SW,4.38,80.2,37.6,4.26,9.7,Really low water. Sensors not submerged,1,Very low standing water pumped sample from well,1,Very low standing water pumped sample from well,NA,12,SW,Yes,4.49281732,10.38622035,-4.3551365,-25.211837,52.1573945,0.05966034,0,0.00466468,1.8787885,0.0513329,NA,NA,NA,9322.6,24.9,2021-12,9.629255,0.011202753,NA
OB-SW,2022-02-23,NA,NA,NA,NA,NA,NA,NA,NA,NA,NA,NA,NA,NA,NA,NA,NA,NA,NA,NA,NA,NA,NA,2,SW,No,2.99836206,11.1005854,-6.6073381,-39.20887,35.81975,0.01,0.005,0.00568091,0.8877046,0.0264005,NA,NA,NA,344.8,125.4,2022-02,13.6498348,NA,2
OB-SW,2022-04-01,OB,SW,222.3003939,3.050546141,F11,4,2022,Baltimore Corner,Baltimore Corner,09:45:00,SW,4.24,50.2,88,9.65,11.2,NA,0,NA,0,NA,752.7,4,SW,No,2.9917057,2.5973779,-5.05233071,-30.91084855,33.60524,0.014,0.01,0.0056031,1.30650658,0.04521454,NA,NA,NA,428.9,66,2022-04,9.50779713,0.01372263,1.4
OB-SW,2022-05-25,NA,NA,NA,NA,NA,NA,NA,NA,NA,NA,NA,NA,NA,NA,NA,NA,NA,NA,NA,NA,NA,NA,5,SW,No,2.766393,0.531615,-4.2873765,-25.526929,36.46231,0.01,0.015,0.0025,1.2178826,0.0395308,NA,NA,NA,NA,NA,2022-05,8.772083,NA,0.666666667
OB-SW,2022-06-24,NA,NA,NA,NA,NA,NA,NA,NA,NA,NA,NA,NA,NA,NA,NA,NA,NA,NA,NA,NA,NA,NA,6,SW,No,3.033909,4.553225,-3.695128454,-18.06627786,26.60543,0.21166835,0.015,0.0055368,1.40457,0.03675,NA,NA,NA,NA,NA,2022-06,11.49474977,NA,14.11122333
OB-SW,2022-07-26,NA,NA,NA,NA,NA,NA,NA,NA,NA,NA,NA,NA,NA,NA,NA,NA,NA,NA,NA,NA,NA,NA,7,SW,No,2.658788,11.952892,-3.550936904,-17.94212835,29.81561971,0.01,0.015,0.00499247,0.878764,0.013047,NA,NA,NA,NA,NA,2022-07,10.46536688,NA,0.666666667
OB-SW,2022-10-30,OB,SW,1440.541335,0.012463338,F11,10,2022,Baltimore Corner,Baltimore Corner,09:00:00,SW,4.02,204.9,44.7,4.66,13.4,No standing water sampled from well.,1,No standing water sampled from well.,1,No standing water sampled from well.,767.2,10,SW,Yes,2.25081,60.656709,-4.760192081,-26.59382818,4.498876346,0.0902719,0.01,0.0015,0.3862541,0.014164,NA,NA,NA,NA,NA,2022-10,11.48770847,8.65e-6,9.02719
OB-SW,2022-12-12,OB,SW,414.2454257,0.142273756,F11,12,2022,Baltimore Corner,Baltimore Corner,13:00:00,SW,NA,NA,NA,NA,5,NA,2,No YSI. Only temp,0,NA,NA,12,SW,No,2.22215,33.899054,-4.4113,-16.39305,59.075686,0.02,0.01,0.0040078,0.9760927,0.0272413,NA,NA,NA,NA,NA,2022-12,18.89735,3.43e-4,2
OB-UW1,2021-09-10,OB,UW,356.4312973,0.02949797,F11,9,2021,Baltimore Corner,Baltimore Corner,10:30:00,UW,4.59,39.1,82.5,7.64,19.2,NA,0,NA,0,NA,759.3,9,UW,No,1.418328,5.19807,-6.675766,-37.759394,1.723856,0.032173,0.025471,0.0025,0.18951,0.006,NA,NA,NA,-4.2,6.8,2021-09,15.646734,8.28e-5,1.263122767
OB-UW1,2021-10-18,OB,UW,523.6079456,0.748506806,F11,10,2021,Baltimore Corner,Baltimore Corner,11:15:00,UW,4.46,46.7,59,5.27,16.2,Very little well water,0,NA,0,NA,758.9,10,UW,No,1.871314,5.544955,-6.822253394,-39.01050325,1.78365,0.042194523,0.035,0.0025,0.105,0.01615778,NA,NA,NA,647.3,22.3,2021-10,15.5675239,0.001429518,1.2055578
OB-UW1,2021-12-15,OB,UW,502.0825123,-0.014989544,F11,12,2021,Baltimore Corner,Baltimore Corner,13:22:00,UW,4.62,36.7,96.2,9.76,14.7,NA,0,NA,0,NA,NA,12,UW,No,1.86325547,6.11694575,-7.056541928,-41.27848118,1.3097192,0.01,0,0.0025,0.4484532,0.0205339,NA,NA,NA,3115.4,61.2,2021-12,15.17385424,-2.99e-5,NA
OB-UW1,2022-02-23,NA,NA,NA,NA,NA,NA,NA,NA,NA,NA,NA,NA,NA,NA,NA,NA,NA,NA,NA,NA,NA,NA,2,UW,No,1.58193585,5.09539263,-6.5950811,-36.796959,1.9904,0.01,0.005,0.0025,0.105,0.005,NA,NA,NA,37.5,5.8,2022-02,15.9636898,NA,2
OB-UW1,2022-04-01,OB,UW,476.3349326,-0.081053373,F11,4,2022,Baltimore Corner,Baltimore Corner,10:10:00,UW,4.41,38.9,77.8,8.67,10.6,NA,0,NA,0,NA,752.8,4,UW,No,4.4034347,4.0836365,-6.312454928,-36.04726576,1.30747,0.1093179,0.0237753,0.0025,0.60329143,0.03068436,NA,NA,NA,88.1,6.9,2022-04,14.45237366,-1.7e-4,4.597960909
OB-UW1,2022-05-25,NA,NA,NA,NA,NA,NA,NA,NA,NA,NA,NA,NA,NA,NA,NA,NA,NA,NA,NA,NA,NA,NA,5,UW,No,2.331632,5.532407,-6.4837604,-38.065424,1.81191,0.01,0.015,0.0025,0.4022247,0.0152968,NA,NA,NA,NA,NA,2022-05,13.8046592,NA,0.666666667
OB-UW1,2022-06-24,NA,NA,NA,NA,NA,NA,NA,NA,NA,NA,NA,NA,NA,NA,NA,NA,NA,NA,NA,NA,NA,NA,6,UW,No,1.633424,6.048979,-6.5489701,-36.326787,1.07375,0.01,0.015,0.0025,0.105,0.005,NA,NA,NA,NA,NA,2022-06,16.0649738,NA,0.666666667
OB-UW1,2022-07-26,NA,NA,NA,NA,NA,NA,NA,NA,NA,NA,NA,NA,NA,NA,NA,NA,NA,NA,NA,NA,NA,NA,7,UW,No,1.650335,5.673548,-6.234729881,-35.67613638,1.4114397,0.01,0.015,0.0025,0.07,0.005,NA,NA,NA,NA,NA,2022-07,14.20170267,NA,0.666666667
OB-UW1,2022-10-30,OB,UW,501.3644528,0.015504145,F11,10,2022,Baltimore Corner,Baltimore Corner,09:20:00,UW,NA,NA,NA,NA,NA,Well very dry not enough water for YSI.,0,Well very dry not enough water for YSI.,1,Well very dry not enough water for YSI.,NA,10,UW,No,2.171412,15.36042,-6.213611041,-35.59458516,2.124404467,0.015,0.01515,0.0015,0.3508825,0.009418,NA,NA,NA,NA,NA,2022-10,14.11430317,3.09e-5,0.99009901
OB-UW1,2022-12-12,OB,UW,431.6788145,-0.025549866,F11,12,2022,Baltimore Corner,Baltimore Corner,13:30:00,UW,NA,NA,NA,NA,11,NA,2,No YSI. Only temp,0,NA,NA,12,UW,No,1.70978,5.897244,-6.756213085,-37.74401143,1.196785,0.02,0.01,0.0015,0.075,0.0067803,NA,NA,NA,NA,NA,2022-12,16.30569325,-5.92e-5,2
QB-SW,2020-01-15,NA,NA,NA,NA,NA,NA,NA,NA,NA,NA,NA,NA,NA,NA,NA,NA,NA,NA,NA,NA,NA,NA,1,SW,No,1.43446298,25.49486194,-4.951650589,-29.43890749,22.27,0.019753323,0.003,5e-4,0.6169,0.012272621,1.1830108,0.12972637,NA,1220.799038,196.2985136,2020-01,10.17429722,NA,6.584441
QB-SW,2020-03-09,NA,NA,NA,NA,NA,NA,NA,NA,NA,NA,NA,NA,NA,NA,NA,NA,NA,NA,NA,NA,NA,NA,3,SW,No,1.821509686,12.58217342,-4.703291823,-29.5268642,26.19795877,0.021897758,0.002408387,0.002464173,0.800513137,0.011753573,0.931922018,0.030322016,3.29454347,703.7,111,2020-03,8.099470384,NA,9.092292061
QB-SW,2020-07-29,NA,NA,NA,NA,NA,NA,NA,NA,NA,NA,NA,NA,NA,NA,NA,NA,NA,NA,NA,NA,NA,NA,7,SW,No,2.145623501,1.880344767,-1.862278766,-16.43366475,34.68,0.726130936,0.005372853,0.007039175,2.329138628,0.03074256,4.461703742,0.244366,NA,1064.4,42.9,2020-07,-1.535434622,NA,135.1481114
QB-SW,2020-09-21,NA,NA,NA,NA,NA,NA,NA,NA,NA,NA,NA,NA,NA,NA,NA,NA,NA,NA,NA,NA,NA,NA,9,SW,No,2.119181573,0.823933221,-3.143526515,-19.70155451,33.22923716,0.06316918,0.015,0.005,1.030102607,0.01286813,NA,NA,NA,1472.1,41.4,2020-09,5.44665761,NA,4.211278667
QB-SW,2020-11-01,QB,SW,269.0738578,26.12208934,F12,11,2020,Baltimore Corner,Baltimore Corner,14:00:00,SW,8.63,38.6,58.1,6.51,10.7,NA,1,pH suspect,0,NA,NA,11,SW,No,1.8418261,0.495254,-3.95954075,-24.96948607,40.63391598,0.1046449,0.0050991,0,1.076807,0.012766,NA,NA,NA,1183.216217,58.41899563,2020-11,6.70683993,0.097081484,20.52222941
QB-SW,2021-02-26,QB,SW,177.070845,10.54166239,F12,2,2021,Baltimore Corner,Baltimore Corner,12:15:00,SW,7.68,35.3,65.4,7.93,6.8,NA,1,Ph is suspect,0,NA,NA,2,SW,No,2.08951872,0.5334212,-6.483318768,-38.85588128,20.90300482,0.0516416,0.014,0.0025,0.7744145,0.028001,NA,NA,NA,507.8,33.1,2021-02,13.01066886,0.059533586,3.688685714
QB-SW,2021-05-10,QB,SW,176.3074936,6.289324825,F12,5,2021,Baltimore Corner,Baltimore Corner,10:00:00,SW,NA,31.7,49.7,5.26,12.9,NA,0,NA,0,NA,NA,5,SW,No,1.8990778,0.24019803,-3.382432709,-21.85397478,29.86042823,0.061079102,0.004461857,0.0025,1.1036965,0.0146726,NA,NA,NA,1114.3,41.5,2021-05,5.205486892,0.035672476,13.68916619
QB-SW,2021-06-18,QB,SW,375.6106339,6.552493471,F12,6,2021,Baltimore Corner,Baltimore Corner,13:11:00,SW,4.18,34.8,18.6,1.61,23.9,NA,0,NA,1,GFF possibly ripped on DOC samples. Possible lable mixup with QB-UW1,NA,6,SW,No,2.0721,0.1474,-1.840847771,-16.04145257,31.81123,0.11358427,0.014,0.003,1.372718,0.021802,NA,NA,NA,1085.205481,39.08479165,2021-06,-1.314670402,0.017444909,8.113162143
QB-SW,2021-11-11,QB,SW,497.2389469,7.817622366,F12,11,2021,Baltimore Corner,Baltimore Corner,09:15:00,SW,NA,NA,NA,NA,9,NA,1,"No YSI, only thermometer",0,NA,NA,11,SW,No,2.058979,1.760014,-3.9897624,-23.916225,47.675795,0.0193732,0.035,0.056096,1.30064227,0.22418295,NA,NA,NA,1809.3,100.9,2021-11,8.0018742,0.015722064,0.55352
QB-SW,2022-04-01,QB,SW,286.5367974,2.173615516,F12,4,2022,Baltimore Corner,Baltimore Corner,14:00:00,SW,NA,47.5,74.2,7.45,15,NA,1,pH not working,0,NA,753.2,4,SW,No,2.2673557,1.1081114,-4.12678992,-27.29226031,33.35641,0.0361215,0.01,0.0025,1.567294,0.04778335,NA,NA,NA,811.4,75.7,2022-04,5.72205905,0.0075858160000000004,3.61215
QB-SW,2022-10-30,QB,SW,513.0365653,0.484420736,F12,10,2022,Baltimore Corner,Baltimore Corner,16:30:00,SW,NA,NA,NA,NA,NA,No standing water. Pumped from well. Only enough water for 1 DOC and 1 GHG.,1,No standing water. Pumped from well. Only enough water for 1 DOC and 1 GHG.,1,No standing water. Pumped from well. Only enough water for 1 DOC and 1 GHG.,NA,10,SW,Yes,NA,NA,NA,NA,9.550705493,NA,NA,NA,NA,NA,NA,NA,NA,NA,NA,2022-10,NA,9.44e-4,NA
QB-UW,2022-05-25,NA,NA,NA,NA,NA,NA,NA,NA,NA,NA,NA,NA,NA,NA,NA,NA,NA,NA,NA,NA,NA,NA,5,UW,No,NA,NA,-6.4565925,NA,NA,NA,NA,NA,NA,NA,NA,NA,NA,NA,NA,2022-05,NA,NA,NA
QB-UW1,2020-01-15,NA,NA,NA,NA,NA,NA,NA,NA,NA,NA,NA,NA,NA,NA,NA,NA,NA,NA,NA,NA,NA,NA,1,UW,No,1.966812085,5.899265538,-6.755132096,-38.75207403,0.99,0.02,0.017902801,5e-4,0.02282,5e-4,0.036011792,0.002996767,NA,86.71744724,2.715239706,2020-01,15.28898274,NA,1.117143625
QB-UW1,2020-03-09,NA,NA,NA,NA,NA,NA,NA,NA,NA,NA,NA,NA,NA,NA,NA,NA,NA,NA,NA,NA,NA,NA,3,UW,No,3.008220583,5.221843892,-6.239808719,-32.98628023,1.002601996,0.003225981,0.00565558,2.5e-4,0.100820098,0.002179794,0.064491255,0.035271341,4.364831311,4.7,1,2020-03,16.93218952,NA,0.570406749
QB-UW1,2020-07-29,NA,NA,NA,NA,NA,NA,NA,NA,NA,NA,NA,NA,NA,NA,NA,NA,NA,NA,NA,NA,NA,NA,7,UW,No,2.054661766,5.717310132,-6.43693133,-37.01278728,1.82,0.02,0.021255892,5e-4,0,0,0.001,0.009951,NA,45.1,-7,2020-07,14.48266336,NA,0.940915582
QB-UW1,2020-09-21,NA,NA,NA,NA,NA,NA,NA,NA,NA,NA,NA,NA,NA,NA,NA,NA,NA,NA,NA,NA,NA,NA,9,UW,No,2.225138271,6.176104644,-5.238761463,-27.63705778,0.8929621,0.005,0.015,0.005,0.025,0.005,NA,NA,NA,38.9,-9,2020-09,14.27303392,NA,0.333333333
QB-UW1,2020-11-01,QB,UW,563.268998,0.083653468,F12,11,2020,Baltimore Corner,Baltimore Corner,14:00:00,UW,9.75,67.7,28.4,2.8,15.5,NA,1,pH suspect,0,NA,NA,11,UW,No,2.1009045,6.6626431,-5.073024086,-27.87475368,1.081674419,0.005,0.0018436,0,0.154263,0.0025,NA,NA,NA,23.85265222,1.593725734,2020-11,12.70943901,1.49e-4,2.712085051
QB-UW1,2021-02-26,QB,UW,456.8552941,0.09570509,F12,2,2021,Baltimore Corner,Baltimore Corner,12:15:00,UW,8.74,34,43.2,5.08,8.6,NA,1,Ph is suspect,0,NA,NA,2,UW,No,1.04860391,6.1677244,-6.467515334,-36.79463864,0.77903397,0.0035,0.014,0.0025,0.1121109,0.006178,NA,NA,NA,15.9,1.3,2021-02,14.94548403,2.09e-4,0.25
QB-UW1,2021-05-10,QB,UW,512.7018028,0.112801083,F12,5,2021,Baltimore Corner,Baltimore Corner,10:00:00,UW,NA,30.3,24.3,2.61,12.2,NA,0,NA,0,NA,NA,5,UW,No,1.0881767,5.83798886,-7.229482097,-40.70818077,0.532741761,0.0035,0.002,0.0025,0.3992187,0.005,NA,NA,NA,118.4,1.6,2021-05,17.12767601,2.2e-4,1.75
QB-UW1,2021-06-18,QB,UW,1279.959934,0.418737335,F12,6,2021,Baltimore Corner,Baltimore Corner,13:11:00,UW,4.17,34.6,25.1,2.47,16.8,NA,0,NA,1,Possible lable mixup with QB-SW on DOC samples,NA,6,UW,No,1.5597,5.815,-6.323781841,-36.55284503,0.73052,0.007,0.014,0.003,0.07,0.006,NA,NA,NA,149.5146097,2.685555002,2021-06,14.0374097,3.27e-4,0.5
QB-UW1,2021-09-10,QB,UW,531.1165838,0.017653429000000002,F12,9,2021,Baltimore Corner,Baltimore Corner,18:45:00,UW,4.49,32.4,69.3,6.49,18.5,NA,0,NA,0,NA,760.5,9,UW,No,1.556126,4.89909,-6.364328,-35.43547,0.650059,0.012928,0.007,0.0025,0.16852,0.006,NA,NA,NA,-6,2.2,2021-09,15.479154,3.32e-5,1.846857143
QB-UW1,2021-11-11,QB,UW,1346.995956,2.087582358,F12,11,2021,Baltimore Corner,Baltimore Corner,NA,NA,NA,NA,NA,NA,NA,NA,NA,NA,NA,NA,NA,11,UW,No,1.414178,5.55693,-5.9987006,-33.228593,1.1803077,0.0218803,0.035,0.0025,0.105,0.04190129,NA,NA,NA,29.1,3.6,2021-11,14.7610118,0.001549806,0.625151429
QB-UW1,2021-12-16,QB,UW,656.8922063,-0.055988619,F12,12,2021,Baltimore Corner,Baltimore Corner,12:30:00,UW,4.66,32.6,57.4,5.86,14.4,NA,0,NA,0,NA,NA,12,UW,No,1.28179707,5.81684077,-6.0667999,-34.704346,0.8167862,0.01,0,0.0025,0.3928273,0.0145689,NA,NA,NA,88.7,8.9,2021-12,13.8300532,-8.52e-5,NA
QB-UW1,2022-02-23,NA,NA,NA,NA,NA,NA,NA,NA,NA,NA,NA,NA,NA,NA,NA,NA,NA,NA,NA,NA,NA,NA,2,UW,No,1.28409606,5.24478146,-5.975472347,-33.60267886,0.73747,0.01,0.005,0.0025,0.105,0.005,NA,NA,NA,18,1.5,2022-02,14.20109992,NA,2
QB-UW1,2022-04-01,QB,UW,533.3911777,0.039009516,F12,4,2022,Baltimore Corner,Baltimore Corner,14:41:00,UW,NA,33.6,84.7,9.06,12.2,NA,1,pH not working. Ecosense DO is very different from YSI measurement,0,NA,753.5,4,UW,No,1.3395807,5.1498954,-5.836626648,-32.81248449,0.96887,0.014,0.01,0.0025,0.47663147,0.02890839,NA,NA,NA,11.3,1.4,2022-04,13.88052869,7.31e-5,1.4
QB-UW1,2022-05-25,NA,NA,NA,NA,NA,NA,NA,NA,NA,NA,NA,NA,NA,NA,NA,NA,NA,NA,NA,NA,NA,NA,5,UW,No,1.851897,5.02735,NA,-38.619251,1.19961,0.01,0.015,0.0025,0.3306714,0.0166188,NA,NA,NA,NA,NA,2022-05,NA,NA,0.666666667
QB-UW1,2022-07-26,NA,NA,NA,NA,NA,NA,NA,NA,NA,NA,NA,NA,NA,NA,NA,NA,NA,NA,NA,NA,NA,NA,7,UW,No,1.59792,5.671694,-6.097488816,-34.62138449,2.820967563,0.01,0.015,0.0025,0.166761,0.005,NA,NA,NA,NA,NA,2022-07,14.15852604,NA,0.666666667
QB-UW1,2022-12-13,QB,UW,762.389927,-0.184505097,F12,12,2022,Baltimore Corner,Baltimore Corner,NA,NA,NA,NA,NA,NA,NA,NA,NA,NA,NA,NA,NA,NA,NA,NA,NA,NA,NA,NA,NA,NA,NA,NA,NA,NA,NA,NA,NA,NA,NA,2022-12,NA,-2.42e-4,NA
QB-UW2,2020-01-15,NA,NA,NA,NA,NA,NA,NA,NA,NA,NA,NA,NA,NA,NA,NA,NA,NA,NA,NA,NA,NA,NA,1,UW,No,3.207356475,1.27586892,-4.282199252,-27.93561678,14.78,0.01066236,0.003,5e-4,0.4321,5e-4,0.385455254,0.007677396,NA,4272.478055,4.108308368,2020-01,6.321977236,NA,3.55412
QB-UW2,2020-03-09,NA,NA,NA,NA,NA,NA,NA,NA,NA,NA,NA,NA,NA,NA,NA,NA,NA,NA,NA,NA,NA,NA,3,UW,No,3.245146665,1.047428004,-4.367854946,-27.3547312,12.16426117,0.011459704,0.004550865,0.001384297,0.446040124,0.002821059,0.379871517,0.004532983,17.30512097,1707.5,2.1,2020-03,7.588108368,NA,2.518137541
QB-UW2,2020-09-21,NA,NA,NA,NA,NA,NA,NA,NA,NA,NA,NA,NA,NA,NA,NA,NA,NA,NA,NA,NA,NA,NA,9,UW,No,3.117494481,5.022124797,-4.271291503,-25.28130044,16.11552442,0.034972537,0.015,0.005,0.493946707,0.005,NA,NA,NA,5390.7,-6.7,2020-09,8.889031584,NA,2.331502467
QB-UW2,2020-11-01,QB,UW,2202.302567,5.352069916,F12,11,2020,Baltimore Corner,Baltimore Corner,14:00:00,UW,10.23,34.4,54.9,5.51,15.2,NA,1,pH suspect,0,NA,NA,11,UW,No,4.0787294,5.1965094,-3.891596782,-22.65652448,15.84678574,0.039955,0.002392,0,0.595214,0.0025,NA,NA,NA,6188.681108,4.47695139,2020-11,8.476249776,0.002430216,16.70359532
QB-UW2,2021-02-26,QB,UW,1679.703027,1.463799843,F12,2,2021,Baltimore Corner,Baltimore Corner,12:15:00,UW,8.44,46.4,68.4,7.63,10.4,NA,1,Ph is suspect,1,Strange red color in the well water,NA,2,UW,No,3.12157811,3.5611075,-4.230284194,-23.54631797,14.97227586,0.0331033,0.014,0.0025,0.5080758,0.006193,NA,NA,NA,4214.6,5.5,2021-02,10.29595558,8.71e-4,2.364521429
QB-UW2,2021-05-10,QB,UW,2247.476728,3.217085084,F12,5,2021,Baltimore Corner,Baltimore Corner,10:00:00,UW,NA,36,35,3.75,12.3,NA,0,NA,0,NA,NA,5,UW,No,2.7880751,2.94875382,-4.74477995,-25.46050921,16.18639617,0.024091298,0.002,0.0025,0.5388611,0.005,NA,NA,NA,5642.8,5.6,2021-05,12.49773039,0.001431421,12.045649
QB-UW2,2021-06-18,QB,UW,2179.184185,3.04187291,F12,6,2021,Baltimore Corner,Baltimore Corner,13:11:00,UW,4.48,37.5,35.8,3.51,15.8,NA,0,NA,0,NA,NA,6,UW,No,2.7683,2.4242,-4.745645329,-27.89371238,15.63816,0.02802938,0.014,0.003,0.663532,0.006,NA,NA,NA,3412.477772,5.483964055,2021-06,10.07145025,0.001395877,2.002098571
QB-UW2,2021-11-11,QB,UW,1872.491934,4.954484767,F12,11,2021,Baltimore Corner,Baltimore Corner,NA,NA,NA,NA,NA,NA,NA,NA,NA,NA,NA,NA,NA,11,UW,No,2.935329,2.73663,-3.706261,-22.449054,15.9608892,0.0363971,0.035,0.0025,0.55089267,0.005,NA,NA,NA,5738.6,3.4,2021-11,7.201034,0.002645931,1.039917143
QB-UW2,2022-04-01,QB,UW,1306.811123,2.954897204,F12,4,2022,Baltimore Corner,Baltimore Corner,14:25:00,UW,NA,36.2,79,8.24,13.4,NA,1,pH not working. Ecosense DO is very different from YSI measurement,0,NA,753.4,4,UW,No,2.772222,2.9409402,-6.719481421,-40.98187295,13.46257,0.0361138,0.01,0.0025,0.80485154,0.01615199,NA,NA,NA,2654.5,5,2022-04,12.77397842,0.002261151,3.61138
QB-UW2,2022-10-30,QB,UW,852.6657986,1.698716589,F12,10,2022,Baltimore Corner,Baltimore Corner,16:00:00,UW,5.09,36.4,84.5,8.27,16.4,NA,0,NA,0,NA,763.7,10,UW,No,2.84759,2.98677,-4.730775946,-29.25883069,12.88431444,0.015,0.01,0.0015,0.5589052,0.006684,NA,NA,NA,NA,NA,2022-10,8.587376878,0.001992242,1.5
TA-SW,2020-01-16,NA,NA,NA,NA,NA,NA,NA,NA,NA,NA,NA,NA,NA,NA,NA,NA,NA,NA,NA,NA,NA,NA,1,SW,No,1.02234964,24.92909735,-5.238885496,-30.16110488,28.78,0.015713807,0.003,0.004407938,0.6592,0.023441113,0.750497942,0.080980613,NA,187.0934127,557.8516481,2020-01,11.74997909,NA,5.237935667
TA-SW,2020-03-10,NA,NA,NA,NA,NA,NA,NA,NA,NA,NA,NA,NA,NA,NA,NA,NA,NA,NA,NA,NA,NA,NA,3,SW,No,1.647081492,8.789368139,-5.102799114,-30.08591513,27.83043119,0.016134679,0.004835413,0.004282076,0.617161926,0.023220074,0.731674457,0.033627216,3.21129886,141.8,285.6,2020-03,10.73647778,NA,3.336773715
TA-SW,2020-07-27,NA,NA,NA,NA,NA,NA,NA,NA,NA,NA,NA,NA,NA,NA,NA,NA,NA,NA,NA,NA,NA,NA,7,SW,No,1.568998601,0.038894851,-3.434593481,-21.26147647,27.38,0.065983544,0.005812699,0.011689358,0.948176543,0.048180426,0.946478903,0.058165,NA,394.8,119.8,2020-07,6.215271378,NA,11.35161893
TA-SW,2020-09-20,NA,NA,NA,NA,NA,NA,NA,NA,NA,NA,NA,NA,NA,NA,NA,NA,NA,NA,NA,NA,NA,NA,9,SW,No,2.093076509,0.659204298,-3.866251423,-21.4664036,21.73178278,0.03695805,0.015,0.005,0.582033755,0.017450279,NA,NA,NA,496.3,122.2,2020-09,9.463607784,NA,2.46387
TA-SW,2020-10-31,TA,SW,251.5647874,43.06864685,F13,10,2020,Tiger Paw,Jackson Lane,09:30:00,SW,8.85,30.7,21.5,2.51,9.9,NA,1,pH suspect,1,Thin needle (30 gauge) made sample injection difficult for headspace equilibration,NA,10,SW,No,1.7386734,0.4564196,-4.447216792,-25.31899475,33.08740789,0.0904674,0.0020367,0,0.738894,0.016867,NA,NA,NA,479.9553976,184.9021512,2020-10,10.25873959,0.171203002,44.41861835
TA-SW,2021-02-25,TA,SW,250.446795,5.67187691,F13,2,2021,Tiger Paw,Jackson Lane,10:00:00,SW,9.43,25.1,26.6,3.35,5.2,NA,1,Ph is suspect,0,NA,NA,2,SW,No,1.35647653,0.2894576,-6.567448229,-38.38769211,17.54191219,0.037567,0.014,0.0025,0.5204434,0.011719,NA,NA,NA,194.2,118.3,2021-02,14.15189372,0.022647033,2.683357143
TA-SW,2021-05-09,TA,SW,255.5290052,18.26591578,F13,5,2021,Tiger Paw,Jackson Lane,10:30:00,SW,NA,25.6,20.2,2.19,11.6,NA,0,NA,0,NA,NA,5,SW,No,1.3212109,0.23861304,-4.295959834,-25.8625955,22.58166667,0.02455253,0.002,0.0025,0.8229235,0.0268619,NA,NA,NA,329.4,140.2,2021-05,8.505083172,0.071482749,12.276265
TA-SW,2021-06-18,TA,SW,376.1648987,18.23762809,F13,6,2021,Tiger Paw,Jackson Lane,08:54:00,SW,5.1,26.6,27.5,2.35,17.5,NA,0,NA,0,NA,NA,6,SW,No,1.4029,0.0124,-3.348376239,-22.1539425,23.1407,0.007,0.014,0.01652017,0.908889,0.04556,NA,NA,NA,307.5101425,119.2240992,2021-06,4.633067412,0.048483067,0.5
TA-SW,2021-11-12,TA,SW,212.9842301,27.62111825,F13,11,2021,Tiger Paw,Jackson Lane,NA,NA,NA,NA,NA,NA,NA,NA,NA,NA,NA,NA,NA,11,SW,No,1.533616,0.1,-4.3948546,-23.54982,31.7959129,0.0292901,0.035,0.0025,0.71606476,0.01154108,NA,NA,NA,449.6,196.4,2021-11,11.6090168,0.129686213,0.83686
TA-SW,2022-03-31,TA,SW,260.6855104,2.159812247,F13,3,2022,Tiger Paw,Jackson Lane,13:09:00,SW,NA,27.8,63.9,6.47,13.4,NA,1,pH not working,0,NA,752.2,3,SW,No,1.8255874,0.15,-4.608996599,-29.69491633,24.56608,0.014,0.01,0.0025,1.03355341,0.0287952,NA,NA,NA,232.2,156.9,2022-03,7.177056462,0.008285126,1.4
TA-SW,2022-10-31,TA,SW,3316.410088,4.709756914,F13,10,2022,Tiger Paw,Jackson Lane,13:00:00,SW,4.68,106.1,37.2,3.7,15.4,No standing water. Pumped from well.,1,No standing water. Pumped from well.,1,No standing water. Pumped from well.,761.5,10,SW,Yes,1.124951,33.174028,-4.985922696,-29.46114534,8.886975165,0.015,0.01,0.0015,0.2291425,0.013767,NA,NA,NA,NA,NA,2022-10,10.42623623,0.001420137,1.5
TB-SW,2020-01-16,NA,NA,NA,NA,NA,NA,NA,NA,NA,NA,NA,NA,NA,NA,NA,NA,NA,NA,NA,NA,NA,NA,1,SW,No,1.87534754,18.490916,-5.351397207,-29.02896243,24.52,0.009761806,0.003,0.00371756,0.5487,0.005297135,0.729164517,5e-4,NA,627.4929009,179.907607,2020-01,13.78221523,NA,3.253935333
TB-SW,2020-03-10,NA,NA,NA,NA,NA,NA,NA,NA,NA,NA,NA,NA,NA,NA,NA,NA,NA,NA,NA,NA,NA,NA,3,SW,No,2.239271867,5.68857388,-5.230120219,-30.63872551,37.45830832,0.018208051,0.004673611,0.002658867,0.872270992,0.029686401,1.248228281,0.0031,2.913996682,636.8,121.4,2020-03,11.20223624,NA,3.895927795
TB-SW,2020-07-27,NA,NA,NA,NA,NA,NA,NA,NA,NA,NA,NA,NA,NA,NA,NA,NA,NA,NA,NA,NA,NA,NA,7,SW,No,2.258588028,0.234417168,-2.947728422,-20.21260687,36.54,0.052864584,0.006226973,0.010726263,1.27119244,0.057555964,1.30244625,0.062009,NA,1265.3,53.5,2020-07,3.369220506,NA,8.489611887
TB-SW,2020-09-20,NA,NA,NA,NA,NA,NA,NA,NA,NA,NA,NA,NA,NA,NA,NA,NA,NA,NA,NA,NA,NA,NA,9,SW,No,1.716690316,0.569440141,-3.89054756,-21.63590506,38.08432535,0.062587709,0.015,0.005,0.859037619,0.013639157,NA,NA,NA,1816,43.1,2020-09,9.48847542,NA,4.172513933
TB-SW,2020-10-31,TB,SW,256.5534186,49.5294943,F14,10,2020,Tiger Paw,Jackson Lane,10:15:00,SW,8.01,42.3,13.2,1.5,10.7,NA,1,pH suspect,1,Thin needle (30 gauge) made sample injection difficult for headspace equilibration,NA,10,SW,No,2.0857042,0.449199,-5.179007139,-29.60882539,48.72693215,0.1106304,0.0029273,0,0.98734,0.016708,NA,NA,NA,1702.640554,72.3978164,2020-10,11.82323172,0.193057238,37.79264168
TB-SW,2021-02-25,TB,SW,245.3343531,16.42977946,F14,2,2021,Tiger Paw,Jackson Lane,11:00:00,SW,8.11,33.9,56.1,6.84,6.3,NA,1,Ph is suspect,0,NA,NA,2,SW,No,1.79315317,0.6915359,-7.278373647,-40.59673621,16.01508705,0.0348719,0.014,0.0025,0.5032624,0.008659,NA,NA,NA,639,25.6,2021-02,17.63025297,0.066968931,2.49085
TB-SW,2021-05-09,TB,SW,379.5329538,86.59965105,F14,5,2021,Tiger Paw,Jackson Lane,11:00:00,SW,NA,33.1,32.9,3.48,12.5,NA,0,NA,0,NA,NA,5,SW,No,2.5150003,0.20501125,-3.677174517,-22.36967013,33.12332134,0.022490006,0.004809793,0.0025,1.0316431,0.0183578,NA,NA,NA,1555.8,52.3,2021-05,7.047726006,0.22817426,4.675878151
TB-SW,2021-06-18,TB,SW,481.6922505,46.17176806,F14,6,2021,Tiger Paw,Jackson Lane,09:19:00,SW,4.37,36,32.2,2.94,18.9,NA,0,NA,0,NA,NA,6,SW,No,3.2136,0.0629,-2.688334428,-18.59117788,32.96871,0.02153821,0.014,0.00652496,1.123567,0.025262,NA,NA,NA,1306.359431,47.64014995,2021-06,2.915497544,0.095853251,1.538443571
TB-SW,2021-11-12,TB,SW,431.2502572,26.17369381,F14,11,2021,Tiger Paw,Jackson Lane,14:30:00,SW,NA,NA,NA,NA,13,Heavy rain in morning 11/12,1,"No YSI, only thermometer",0,NA,NA,11,SW,No,2.11231,0.1,-4.1800876,-21.862823,38.3811296,0.0314748,0.035,0.0025,0.95239179,0.005,NA,NA,NA,1597.7,74.8,2021-11,11.5778778,0.060692587,0.89928
TB-SW,2022-03-31,TB,SW,306.0033978,16.71595899,F14,3,2022,Tiger Paw,Jackson Lane,23:30:00,SW,NA,35,62.7,6.64,12.7,NA,1,pH not working,1,Rep 1 has 18mLs?,753.2,3,SW,No,2.3366112,0.15,-4.865190941,-30.31548977,31.2079,0.014,0.01,0.0025,1.14113437,0.03060817,NA,NA,NA,1051.4,62.2,2022-03,8.606037758,0.05462671,1.4
TB-SW,2022-10-31,TB,SW,525.5927557,8.063478147,F14,10,2022,Tiger Paw,Jackson Lane,12:00:00,SW,4.58,46.9,55.1,5.44,15.9,NA,0,NA,0,NA,762.2,10,SW,No,2.927219,4.083562,-4.936086994,-28.53160206,35.40066471,0.015,0.01,0.0015,0.9339125,0.024693,NA,NA,NA,NA,NA,2022-10,10.95709389,0.015341684,1.5
TB-UW1,2020-01-16,NA,NA,NA,NA,NA,NA,NA,NA,NA,NA,NA,NA,NA,NA,NA,NA,NA,NA,NA,NA,NA,NA,1,UW,No,3.98569313,8.121402306,-6.372212313,-35.21980584,1.54,0.02,0.006458306,5e-4,0.07704,0.012928295,0.065092812,0.016900906,NA,-2.237141183,22.82398131,2020-01,15.75789266,NA,3.0967873
TB-UW1,2020-03-10,NA,NA,NA,NA,NA,NA,NA,NA,NA,NA,NA,NA,NA,NA,NA,NA,NA,NA,NA,NA,NA,NA,3,UW,No,3.43055984,7.012560602,-6.21618984,-33.17794945,1.649098177,0.014578112,0.004941421,7.19e-4,0.125440776,5e-4,0.073982758,5e-4,3.238480773,8.8,5.9,2020-03,16.55156927,NA,2.950186191
TB-UW1,2020-07-27,NA,NA,NA,NA,NA,NA,NA,NA,NA,NA,NA,NA,NA,NA,NA,NA,NA,NA,NA,NA,NA,NA,7,UW,No,3.062153605,3.984393151,-6.133725514,-32.5680617,1.76,0.02,0.005495601,0.005805003,0,0.008414486,0.001,0.013708,NA,12.9,-9.5,2020-07,16.50174241,NA,3.639274394
TB-UW1,2020-09-20,NA,NA,NA,NA,NA,NA,NA,NA,NA,NA,NA,NA,NA,NA,NA,NA,NA,NA,NA,NA,NA,NA,9,UW,No,1.658312584,3.045809746,-4.74352708,-24.27713372,1.361018674,0.005,0.015,0.005,0.025,0.005,NA,NA,NA,38.4,-6.5,2020-09,13.67108292,NA,0.333333333
TB-UW1,2020-10-31,TB,UW,271.8143389,0.081762763,F14,10,2020,Tiger Paw,Jackson Lane,10:15:00,UW,8.46,22.9,38.8,4.08,13.6,NA,1,pH suspect,1,Thin needle (30 gauge) made sample injection difficult for headspace equilibration,NA,10,UW,No,1.3466814,2.9621346,-4.74086497,-25.17368077,1.227694547,0.005,0.0053536,0,0.166436,0.0025,NA,NA,NA,47.89609432,3.235097562,2020-10,12.75323899,3.01e-4,0.933950986
TB-UW1,2021-02-25,TB,UW,359.2983697,0.072483234,F14,2,2021,Tiger Paw,Jackson Lane,11:00:00,UW,8.81,23.1,39.9,4.82,7.7,NA,1,Ph is suspect,0,NA,NA,2,UW,No,0.73555914,2.6355022,-6.747151187,-39.2284442,1.2582701,0.0035,0.014,0.0025,0.1730132,0.0025,NA,NA,NA,57.2,1.8,2021-02,14.7487653,2.02e-4,0.25
TB-UW1,2021-05-09,TB,UW,351.5394063,0.13063744,F14,5,2021,Tiger Paw,Jackson Lane,11:00:00,UW,NA,19,29,3.13,11.8,NA,0,NA,0,NA,NA,5,UW,No,0.7033174,2.72137019,-7.761244445,-44.66023108,1.044764988,0.0035,0.002,0.0025,0.07,0.005,NA,NA,NA,44.1,3.3,2021-05,17.42972448,3.72e-4,1.75
TB-UW1,2021-06-18,NA,NA,NA,NA,NA,NA,NA,NA,NA,NA,NA,NA,NA,NA,NA,NA,NA,NA,NA,NA,NA,NA,6,UW,No,1.1233,3.4517,-7.003091402,-40.47434262,1.09039,0.007,0.014,0.003,0.145766,0.006,NA,NA,NA,7.280497804,1.404160244,2021-06,15.5503886,NA,0.5
TB-UW1,2021-11-12,TB,UW,1071.538395,2.121050129,F14,11,2021,Tiger Paw,Jackson Lane,13:30:00,UW,NA,NA,NA,NA,14,Heavy rain in morning 11/12,1,"No YSI, only thermometer",0,NA,NA,11,UW,No,1.309261,3.04536,-5.7568157,-31.365665,1.0468987,0.0064687,0.035,0.0025,0.105,0.005,NA,NA,NA,12.6,1.7,2021-11,14.6888606,0.001979444,0.18482
TB-UW1,2022-03-31,TB,UW,459.1525014,0.018326702,F14,3,2022,Tiger Paw,Jackson Lane,23:22:00,UW,NA,25.9,57.2,5.9,13.9,NA,1,pH not working,1,GHG Reps 1 & 2 have 15mLs,753.8,3,UW,No,1.1372643,2.902302,-6.306873339,-36.52319583,2.31599,0.014,0.01,0.0025,0.33620556,0.01545957,NA,NA,NA,37.5,1.4,2022-03,13.93179088,3.99e-5,1.4
TB-UW2,2020-01-16,NA,NA,NA,NA,NA,NA,NA,NA,NA,NA,NA,NA,NA,NA,NA,NA,NA,NA,NA,NA,NA,NA,1,UW,No,3.295619885,11.99795164,-4.771622863,-27.36533343,2,0.02,0.117145994,0.004115218,0.1768,5e-4,0.168314523,0.029160351,NA,-9.314310868,4.138400356,2020-01,10.80764947,NA,0.170727136
TB-UW2,2020-03-10,NA,NA,NA,NA,NA,NA,NA,NA,NA,NA,NA,NA,NA,NA,NA,NA,NA,NA,NA,NA,NA,NA,3,UW,No,4.814084992,12.12257634,-6.141804114,-34.26570304,2.167222663,0.016160168,0.046228766,0.002867145,0.227709207,0.001394455,0.281869821,0.00093000000000000005,4.205137569,80.2,3.7,2020-03,14.86872987,NA,0.34956953
TB-UW2,2020-07-27,NA,NA,NA,NA,NA,NA,NA,NA,NA,NA,NA,NA,NA,NA,NA,NA,NA,NA,NA,NA,NA,NA,7,UW,No,5.387368223,11.09411564,-5.469205423,-30.42909419,2.7,0.02,0.008676812,5e-4,0,0,0.001,0.007863,NA,23.2,-2.4,2020-07,13.32454919,NA,2.304994046
TB-UW2,2020-09-20,NA,NA,NA,NA,NA,NA,NA,NA,NA,NA,NA,NA,NA,NA,NA,NA,NA,NA,NA,NA,NA,NA,9,UW,No,3.960613263,8.334091971,-4.539881768,-22.36834517,1.838116772,0.005,0.015,0.005,0.025,0.005,NA,NA,NA,29.5,-3.8,2020-09,13.95070897,NA,0.333333333
TB-UW2,2020-10-31,TB,UW,680.1847652,0.199630259,F14,10,2020,Tiger Paw,Jackson Lane,10:15:00,UW,8.22,43.4,41.4,4.25,14.7,NA,1,pH suspect,1,Thin needle (30 gauge) made sample injection difficult for headspace equilibration,NA,10,UW,No,3.5681979,7.060007,-4.77922128,-25.35708086,1.813696377,0.005,0.00255,0,0.182534,0.0025,NA,NA,NA,42.21796279,5.419592091,2020-10,12.87668938,2.93e-4,1.960784314
TB-UW2,2021-02-25,TB,UW,714.4790609,0.280065867,F14,2,2021,Tiger Paw,Jackson Lane,11:00:00,UW,8.62,43.3,25.8,3.22,6.7,NA,1,Ph is suspect,0,NA,NA,2,UW,No,2.79020569,6.7481478,-6.781910284,-39.17517542,1.75100878,0.0126529,0.014,0.0025,0.1688683,0.0025,NA,NA,NA,444.8,18.9,2021-02,15.08010685,3.92e-4,0.903778571
TB-UW2,2021-05-09,TB,UW,1007.443062,0.584065349,F14,5,2021,Tiger Paw,Jackson Lane,11:00:00,UW,NA,43.8,27,2.89,12.4,NA,0,NA,0,NA,NA,5,UW,No,3.7573703,8.18164153,-6.686796262,-37.02851685,1.743325304,0.009372801,0.002,0.0025,0.2428943,0.005,NA,NA,NA,1387.2,12.2,2021-05,16.46585325,5.8e-4,4.6864005
TB-UW2,2021-06-18,TB,UW,1677.112627,2.346587094,F14,6,2021,Tiger Paw,Jackson Lane,09:19:00,UW,4.11,84.3,31.5,3.05,16.6,NA,0,NA,0,NA,NA,6,UW,No,8.953,14.9266,-5.346014243,-28.74133705,2.57343,0.007,0.014,0.003,0.248033,0.006,NA,NA,NA,4575.710467,9.857863631,2021-06,14.02677689,0.001399183,0.5
TB-UW2,2021-11-12,TB,UW,1732.558855,6.403086496,F14,11,2021,Tiger Paw,Jackson Lane,NA,NA,NA,NA,NA,NA,NA,NA,NA,NA,NA,NA,NA,11,UW,No,5.06049,11.56858,-5.3811972,-28.698133,1.7389745,0.0127005,0.035,0.0025,0.105,0.005,NA,NA,NA,4554.6,7.4,2021-11,14.3514446,0.00369574,0.362871429
TB-UW2,2022-03-31,TB,UW,1221.499798,3.046379801,F14,3,2022,Tiger Paw,Jackson Lane,12:02:00,UW,NA,64.8,64.4,6.44,15.3,NA,1,pH not working,0,NA,753.1,3,UW,No,4.3205478,12.1052538,-5.4766099090000004,-30.7299214,2.39542,0.0290791,0.01,0.0025,0.32561979,0.01250491,NA,NA,NA,3924.7,5,2022-03,13.08295787,0.002493967,2.90791
TB-UW2,2022-10-31,TB,UW,601.0659186,0.001138674,F14,10,2022,Tiger Paw,Jackson Lane,12:20:00,UW,4.34,54.1,94.2,9.19,16.5,Very low water level in well,1,DO value not representative,1,Well too dry for GHGs or isotopes.,761.9,10,UW,No,3.020363,9.72173,NA,NA,1.771038179,0.0339789,0.03077,0.0015,0.2136889,0.010243,NA,NA,NA,NA,NA,2022-10,NA,1.89e-6,1.104286643
TB-UW3,2020-01-16,NA,NA,NA,NA,NA,NA,NA,NA,NA,NA,NA,NA,NA,NA,NA,NA,NA,NA,NA,NA,NA,NA,1,UW,No,1.684233045,6.012846882,-6.3139233,-34.98463833,1.32,0.02,0.003,5e-4,0.09153,0.009407492,0.087741982,0.050064771,NA,-14.55606206,1.168367989,2020-01,15.52674807,NA,6.666666667
TB-UW3,2020-03-10,NA,NA,NA,NA,NA,NA,NA,NA,NA,NA,NA,NA,NA,NA,NA,NA,NA,NA,NA,NA,NA,NA,3,UW,No,1.440197671,3.35670717,-6.211525686,-33.40150597,1.660785196,0.005686957,0.003747436,5.44e-4,0.167731151,0.003160054,0.123446606,0.033307996,3.675090258,20.6,3.8,2020-03,16.29069952,NA,1.517559473
TB-UW3,2020-07-27,NA,NA,NA,NA,NA,NA,NA,NA,NA,NA,NA,NA,NA,NA,NA,NA,NA,NA,NA,NA,NA,NA,7,UW,No,5.426905808,11.38524476,-5.056681973,-29.46232261,2.57,0.02,0.014924157,5e-4,0.165761593,0,0.001,0.019287,NA,246.5,-5.7,2020-07,10.99113317,NA,1.340109193
TB-UW3,2020-09-20,NA,NA,NA,NA,NA,NA,NA,NA,NA,NA,NA,NA,NA,NA,NA,NA,NA,NA,NA,NA,NA,NA,9,UW,No,6.022977304,12.0576605,-4.528730503,-25.61030947,2.229846061,0.005,0.015,0.005,0.025,0.005,NA,NA,NA,1203.4,-7.8,2020-09,10.61953455,NA,0.333333333
TB-UW3,2020-10-31,TB,UW,995.9436663,0.044259468,F14,10,2020,Tiger Paw,Jackson Lane,10:15:00,UW,10.45,75,30.1,2.92,16.6,NA,1,pH suspect,1,Thin needle (30 gauge) made sample injection difficult for headspace equilibration,NA,10,UW,No,5.9710844,12.6778679,-5.057174615,-28.50285138,2.170847948,0.005,0.0065426,0,0.175083,0.0025,NA,NA,NA,850.1693878,2.99576063,2020-10,11.95454554,4.44e-5,0.764222175
TB-UW3,2021-02-25,TB,UW,1257.512822,0.48959697,F14,2,2021,Tiger Paw,Jackson Lane,11:00:00,UW,8.09,63.5,15.5,1.79,9.5,NA,1,Ph is suspect,0,NA,NA,2,UW,No,3.2949357,11.8030171,-5.548053534,-29.95562054,1.72483463,0.0133976,0.014,0.0025,0.1488127,0.0025,NA,NA,NA,1251,1.8,2021-02,14.42880773,3.89e-4,0.956971429
TB-UW3,2021-05-09,TB,UW,1201.477909,1.004050401,F14,5,2021,Tiger Paw,Jackson Lane,11:00:00,UW,NA,55.5,25.9,2.74,12.7,NA,0,NA,0,NA,NA,5,UW,No,3.2994981,10.79877702,-6.056150847,-32.53089326,1.548354891,0.0035,0.002,0.0025,0.1606595,0.005,NA,NA,NA,943.2,1.5,2021-05,15.91831352,8.36e-4,1.75
TB-UW3,2021-06-18,NA,NA,NA,NA,NA,NA,NA,NA,NA,NA,NA,NA,NA,NA,NA,NA,NA,NA,NA,NA,NA,NA,6,UW,No,3.3985,12.9324,-6.49521378,-36.15859298,1.92187,0.01697511,0.014,0.003,0.27327,0.027775,NA,NA,NA,3077.518137,2.304555795,2021-06,15.80311726,NA,1.212507857
TB-UW3,2021-11-12,TB,UW,1489.966545,7.294187937,F14,11,2021,Tiger Paw,Jackson Lane,15:15:00,UW,NA,NA,NA,NA,13,Heavy rain in morning 11/12,1,"No YSI, only thermometer",0,NA,NA,11,UW,No,4.507085,14.504518,-4.0927532,-23.716305,2.4190282,0.0144575,0.035,0.0025,0.105,0.005,NA,NA,NA,2978.7,2,2021-11,9.0257206,0.004895538,0.413071429
TB-UW3,2022-03-31,TB,UW,1280.80863,1.879174826,F14,3,2022,Tiger Paw,Jackson Lane,12:33:00,UW,NA,78.2,48.1,4.82,15.3,NA,1,pH not working,0,NA,752.6,3,UW,No,4.1044467,15.2671495,-5.680978597,-31.47800817,2.23656,0.014,0.01,0.0025,0.42556916,0.01521643,NA,NA,NA,1450.7,1.9,2022-03,13.96982061,0.001467178,1.4
TB-UW3,2022-10-31,TB,UW,1110.57682,0.403394085,F14,10,2022,Tiger Paw,Jackson Lane,12:30:00,UW,4.32,60.2,69.6,6.65,16.5,NA,0,NA,0,NA,762,10,UW,No,3.703111,10.702096,NA,NA,2.453465136,0.015,0.032616,0.0015,0.1535057,0.014685,NA,NA,NA,NA,NA,2022-10,NA,3.63e-4,0.459896983
TI-SW,2020-01-15,NA,NA,NA,NA,NA,NA,NA,NA,NA,NA,NA,NA,NA,NA,NA,NA,NA,NA,NA,NA,NA,NA,1,SW,No,2.033805495,32.0286518,-5.279874959,-30.48562084,24.33,0.011215772,0.003,5e-4,0.6332,0.013721715,0.896992357,0.102083388,NA,549.7886485,218.5772707,2020-01,11.75337883,NA,3.738590667
TI-SW,2020-03-09,NA,NA,NA,NA,NA,NA,NA,NA,NA,NA,NA,NA,NA,NA,NA,NA,NA,NA,NA,NA,NA,NA,3,SW,No,2.181267835,15.07072635,-5.295168674,-31.63550742,24.95505362,0.014615027,0.003044435,0.003016562,0.686132196,0.014603955,0.867333499,0.041113352,2.718626679,350.1,111.3,2020-03,10.72584197,NA,4.800571206
TI-SW,2020-07-29,NA,NA,NA,NA,NA,NA,NA,NA,NA,NA,NA,NA,NA,NA,NA,NA,NA,NA,NA,NA,NA,NA,7,SW,No,2.410584328,1.547409504,NA,NA,41.3,1.174354514,0.012845119,0.085924786,2.532601377,0.123096802,3.002606448,0.152866,NA,734.6,35.8,2020-07,NA,NA,91.4241833
TI-SW,2020-09-21,NA,NA,NA,NA,NA,NA,NA,NA,NA,NA,NA,NA,NA,NA,NA,NA,NA,NA,NA,NA,NA,NA,9,SW,No,2.354578332,1.205353728,-3.747079921,-21.7640617,35.08169827,0.073790491,0.015,0.005583177,1.075844158,0.028760424,NA,NA,NA,936.1,35.9,2020-09,8.212577668,NA,4.919366067
TI-SW,2020-11-01,TI,SW,192.8228974,10.00537442,E4,11,2020,Baltimore Corner,Baltimore Corner,15:10:00,SW,11.24,35.4,66.9,7.38,11,NA,1,pH suspect,0,NA,NA,11,SW,No,1.9064752,0.7098077,-5.230205054,-29.65511191,30.86721881,0.0750757,0.0044278,0,0.883372,0.018731,NA,NA,NA,804.9497868,38.84621453,2020-11,12.18652852,0.051888933,16.95553096
TI-SW,2021-02-26,TI,SW,216.2232638,1.860235973,E4,2,2021,Baltimore Corner,Baltimore Corner,14:50:00,SW,8.5,34.4,74.8,9.19,6.8,NA,1,Ph is suspect,0,NA,NA,2,SW,No,1.83510825,0.5908843,-6.663106143,-38.85981124,17.91167392,0.0491754,0.014,0.0025,0.574393,0.011728,NA,NA,NA,384.7,24.2,2021-02,14.4450379,0.008603311,3.512528571
TI-SW,2021-05-10,TI,SW,226.4621506,4.107110384,E4,5,2021,Baltimore Corner,Baltimore Corner,12:00:00,SW,NA,29.8,NA,5.4,14.1,NA,0,NA,0,NA,NA,5,SW,No,1.5780107,0.20997755,-3.918202442,-23.8825827,30.51300685,0.025266695,0.002,0.008529272,1.0295155,0.0392898,NA,NA,NA,720.9,26.8,2021-05,7.463036836,0.018135968,12.6333475
TI-SW,2021-06-18,TI,SW,256.3633885,6.489953608,E4,6,2021,Baltimore Corner,Baltimore Corner,13:54:00,SW,4.16,36.7,98.1,8.3,24.5,NA,0,NA,0,NA,NA,6,SW,No,2.1846,0.0335,-2.439674311,-17.34424434,NA,0.01410443,0.014,0.00785393,1.213337,0.035103,NA,NA,NA,538.0864104,25.93483871,2021-06,2.173150148,0.025315446,1.007459286
TI-SW,2021-09-10,TI,SW,224.2714183,2.043267081,E4,9,2021,Baltimore Corner,Baltimore Corner,18:13:00,SW,4.2,51.4,103.2,9.43,21.7,NA,0,NA,0,NA,760.4,9,SW,No,0.724113,5.21592,-4.336238,-22.225802,26.41302,0.079223,0.007,0.018265,1.05612,0.04753,NA,NA,NA,491.3,44,2021-09,12.464102,0.009110689,11.31757143
TI-SW,2021-10-18,TI,SW,271.8698121,1.239814442,E4,10,2021,Baltimore Corner,Baltimore Corner,17:21:00,SW,4.33,38.6,72.7,7.31,15.1,Low water,0,NA,0,NA,758.4,10,SW,No,1.139428,1.220259,-3.80690565,-21.74762977,37.94934,0.037917162,0.035,0.012366,1.34488099,0.05476721,NA,NA,NA,864.5,33.5,2021-10,8.70761543,0.004560324,1.083347486
TI-SW,2021-11-11,TI,SW,566.9993224,4.5300749,E4,11,2021,Baltimore Corner,Baltimore Corner,NA,NA,NA,NA,NA,NA,NA,NA,NA,NA,NA,NA,NA,11,SW,No,2.029632,3.647308,-4.6259644,-24.447151,31.2217251,0.060528,0.035,0.005098,0.91719415,0.01934029,NA,NA,NA,736.9,67,2021-11,12.5605642,0.00798956,1.729371429
TI-SW,2021-12-15,TI,SW,487.3311833,1.482970222,E4,12,2021,Baltimore Corner,Baltimore Corner,16:23:00,SW,4.29,23.9,73.5,8.66,8.1,"Tadpoles @NickCorline!!!! Two sizes, possibly green frogs?",0,NA,0,NA,NA,12,SW,No,2.51428084,0.81719998,-4.1583888,-25.484107,37.2291011,0.10647338,0,0.02924946,1.8404847,0.0735937,NA,NA,NA,778.8,71.4,2021-12,7.7830034,0.003043044,NA
TI-SW,2022-02-23,NA,NA,NA,NA,NA,NA,NA,NA,NA,NA,NA,NA,NA,NA,NA,NA,NA,NA,NA,NA,NA,NA,2,SW,No,2.69090778,5.72436753,-6.489659801,-39.9965491,24.97604,0.02697255,0.005,0.0025,0.9833828,0.023192,NA,NA,NA,377.6,82.1,2022-02,11.92072931,NA,5.39451
TI-SW,2022-03-31,NA,NA,NA,NA,NA,NA,NA,NA,NA,NA,NA,NA,NA,NA,NA,NA,NA,NA,NA,NA,NA,NA,3,SW,No,1.83296,2.4276927,-4.879532988,-30.8800789,32.08837,0.035077,0.01,0.0025,0.98408,0.01987,NA,NA,NA,497.2,64.3,2022-03,8.156185004,NA,3.5077
TI-SW,2022-04-01,TI,SW,159.4931064,0.505061057,E4,4,2022,Baltimore Corner,Baltimore Corner,15:41:00,SW,NA,45.4,101.2,9.73,17.1,NA,1,pH not working,0,NA,753.9,NA,NA,NA,NA,NA,NA,NA,NA,NA,NA,NA,NA,NA,NA,NA,NA,NA,NA,2022-04,NA,0.003166664,NA
TI-SW,2022-05-25,NA,NA,NA,NA,NA,NA,NA,NA,NA,NA,NA,NA,NA,NA,NA,NA,NA,NA,NA,NA,NA,NA,5,SW,No,2.851131,0.15,-3.2950237000000002,-22.72838,36.56913,0.01,0.015,0.0025,1.3301941,0.0413815,NA,NA,NA,NA,NA,2022-05,3.6318096,NA,0.666666667
TI-SW,2022-06-24,NA,NA,NA,NA,NA,NA,NA,NA,NA,NA,NA,NA,NA,NA,NA,NA,NA,NA,NA,NA,NA,NA,6,SW,No,3.232363,0.343796,-2.0288,-14.393887,34.55155,0.0368406,0.015,0.00569534,1.218071,0.031688,NA,NA,NA,NA,NA,2022-06,1.836513,NA,2.45604
TI-SW,2022-07-26,NA,NA,NA,NA,NA,NA,NA,NA,NA,NA,NA,NA,NA,NA,NA,NA,NA,NA,NA,NA,NA,NA,7,SW,No,3.071826,0.15,-1.66444401,-10.54167011,25.88578599,0.01,0.015,0.0025,0.953255,0.018946,NA,NA,NA,NA,NA,2022-07,2.77388197,NA,0.666666667
TI-SW,2022-10-30,TI,SW,1718.670937,13.78761158,E4,10,2022,Baltimore Corner,Baltimore Corner,13:00:00,SW,4.04,133.4,44.8,4.48,14.9,No standing water. Pumped from well.,1,No standing water. Pumped from well.,1,No standing water. Pumped from well.,765.3,10,SW,Yes,2.452675,32.816202,-4.40842042,-26.39427739,18.26333459,1.1540053,0.01,0.006472,1.7130314,0.0246,NA,NA,NA,NA,NA,2022-10,8.87308597,0.008022252,115.40053
TP-CH,2021-09-10,TP,CH,549.8180145,0.293161241,NA,9,2021,NA,NA,17:30:00,CH,3.77,133.4,24.5,2.24,19.6,Flowing water; grab sample taken from the surface.,0,Flowing water,0,Flowing water; sample taken from surface.,NA,9,CH,No,2.544933,20.97745,-4.946662,-25.261395,28.551283,0.018555,0.007,0.0025,1.00428,0.0207,NA,NA,NA,2686.6,41.7,2021-09,14.311901,5.33e-4,2.650714286
TP-CH,2021-11-13,NA,NA,NA,NA,NA,NA,NA,NA,NA,NA,NA,NA,NA,NA,NA,NA,NA,NA,NA,NA,NA,NA,11,CH,No,NA,NA,NA,NA,29.7742933,NA,NA,NA,NA,NA,NA,NA,NA,NA,NA,2021-11,NA,NA,NA
TP-CH,2021-12-16,TP,CH,1259.980175,7.829404809,NA,12,2021,NA,NA,11:00:00,CH,4.38,45.5,35.5,3.95,10.1,NA,1,No standing water pumped from well,1,No standing water pumped from well,NA,12,CH,Yes,4.23443092,0.83911094,-4.951687114,-27.57968014,19.4386162,0.01,0,0.0025,0.8638588,0.0217344,NA,NA,NA,1563,7.2,2021-12,12.03381677,0.006213911,NA
TP-CH,2022-02-23,NA,NA,NA,NA,NA,NA,NA,NA,NA,NA,NA,NA,NA,NA,NA,NA,NA,NA,NA,NA,NA,NA,2,CH,No,3.48385144,1.83686084,-6.207374993,-35.58866091,32.10931,0.01,0.005,0.0025,1.1178122,0.0199026,NA,NA,NA,1368.6,22.2,2022-02,14.07033903,NA,2
TP-CH,2022-04-01,TP,CH,324.5709384,0.110396918,NA,4,2022,NA,NA,16:05:00,CH,4.04,50.4,55.1,5.53,15.1,NA,0,NA,0,Sampled from surface water with flow,754.7,4,CH,No,3.55034,0.6436393,-4.893234837,-29.72195932,38.61535,0.014,0.01,0.0056418,1.48193051,0.05001697,NA,NA,NA,1884.5,21.9,2022-04,9.423919376,3.4e-4,1.4
TP-CH,2022-05-25,NA,NA,NA,NA,NA,NA,NA,NA,NA,NA,NA,NA,NA,NA,NA,NA,NA,NA,NA,NA,NA,NA,5,CH,No,3.994362,0.15,-4.0980276,-25.274681,48.47587,0.11992732,0.015,0.0025,2.2502588,0.0697877,NA,NA,NA,NA,NA,2022-05,7.5095398,NA,7.995154667
TR-SW,2020-01-15,NA,NA,NA,NA,NA,NA,NA,NA,NA,NA,NA,NA,NA,NA,NA,NA,NA,NA,NA,NA,NA,NA,1,SW,No,14.3697993,16.11514087,-6.397124967,-36.83006891,4.42,0.060947459,3.739413958,0.017757089,3.892,0.027981241,3.927226125,0.065183835,NA,246.7677066,59.50059232,2020-01,14.34693083,NA,0.016298666
TR-SW,2020-03-10,NA,NA,NA,NA,NA,NA,NA,NA,NA,NA,NA,NA,NA,NA,NA,NA,NA,NA,NA,NA,NA,NA,3,SW,No,14.77654794,12.91611242,-6.43895394,-37.54274748,4.500916196,0.0251023,0.212962688,0.012278133,4.135365029,0.022748306,4.35094333,0.051749316,6.542782124,248.1,52.9,2020-03,13.96888404,NA,0.117871822
TR-SW,2020-07-29,NA,NA,NA,NA,NA,NA,NA,NA,NA,NA,NA,NA,NA,NA,NA,NA,NA,NA,NA,NA,NA,NA,7,SW,No,12.06500491,8.299276081,-5.991909324,-35.12361169,4.14,0.04,2.385103787,0.016883898,2.634963877,0.057893948,3.128825679,0.086559,NA,214.2,42.4,2020-07,12.8116629,NA,0.016770759
TR-SW,2020-09-20,NA,NA,NA,NA,NA,NA,NA,NA,NA,NA,NA,NA,NA,NA,NA,NA,NA,NA,NA,NA,NA,NA,9,SW,No,14.98255647,10.82736043,-5.94679506,-35.72517868,5.512550119,0.050868457,0.38809524,0.061285039,4.50728806,0.073325034,NA,NA,NA,613.2,32.9,2020-09,11.8491818,NA,0.131072097
TR-SW,2020-10-31,TR,RI,150.7875207,0.81049676,NA,10,2020,NA,NA,19:00:00,SW,8.98,102,71.6,8.08,10.1,NA,1,pH suspect,0,Forgot to take an ambient air sample for GHGs,NA,10,SW,No,7.1533803,4.5735089,-6.815140699,-41.32850787,19.11729505,0.0635898,1.0850243,0.1656329,2.0224,0.225267,NA,NA,NA,918.7918397,21.14021339,2020-10,13.19261772,0.005375092,0.058606798
TR-SW,2021-02-25,TR,RI,67.66718991,0.400945591,NA,2,2021,NA,NA,17:00:00,SW,8.57,136.6,102.1,11.67,9.5,NA,1,Ph is suspect,0,NA,NA,2,SW,No,11.32621474,8.3913501,-6.968747167,-39.64908258,7.2675215,0.0472939,2.9170966,0.0242235,3.3100178,0.038334,NA,NA,NA,297.2,41.6,2021-02,16.10089476,0.005925258,0.016212662
TR-SW,2021-05-09,TR,RI,102.8881476,1.584774553,NA,5,2021,NA,NA,16:30:00,SW,NA,178.8,8.38,8.34,15.6,NA,0,NA,0,NA,NA,5,SW,No,14.1305579,10.12092963,-6.550780081,-38.32355569,5.285321274,0.158514292,3.812028974,0.063425578,4.5381089,0.0575446,NA,NA,NA,830.8,97.6,2021-05,14.08268496,0.015402887,0.041582657
TR-SW,2021-06-18,NA,NA,NA,NA,NA,NA,NA,NA,NA,NA,NA,NA,NA,NA,NA,NA,NA,NA,NA,NA,NA,NA,6,SW,No,15.579,11.5308,-5.968395808,-35.22391097,5.39346,0.007,3.15732272,0.02422606,4.161457,0.049669,NA,NA,NA,447.6901046,76.30059626,2021-06,12.52325549,NA,0.002217068
TR-SW,2021-11-12,TR,SW,188.9573537,1.895721114,NA,11,2021,NA,NA,NA,NA,NA,NA,NA,NA,NA,NA,NA,NA,NA,NA,NA,11,SW,No,15.992517,13.499718,-6.4862701,-36.255647,2.5482205000000002,0.0783744,3.340187,0.021887,5.1914905,0.02686062,NA,NA,NA,306.7,68.2,2021-11,15.6345138,0.010032534,0.023464076
TR-SW,2022-03-31,TR,SW,213.363383,0.382753346,NA,3,2022,NA,NA,16:30:00,SW,6.88,169.8,102.4,10.52,14.1,NA,0,NA,0,NA,749.8,3,SW,No,14.4554966,11.6037714,-6.204702158,-36.61335334,4.8952,0.0359372,3.42,0.0231701,4.541987,0.02957,NA,NA,NA,514.1,63.3,2022-03,13.02426392,0.001793904,0.010507953
TR-SW,2022-10-30,TR,SW,154.0596337,0.414322964,NA,10,2022,NA,NA,17:30:00,SW,6.85,193.4,92.5,9.5,14.1,NA,0,NA,0,NA,764.8,10,SW,No,16.144646,12.813227,-6.440576832,-37.49119078,3.88188759,0.015,3.553278,0.032107,3.985569,0.052324,NA,NA,NA,NA,NA,2022-10,14.03342388,0.002689367,0.004221454
TS-CH,2021-02-24,TS,CH,683.5173032,3.375968541,F15,2,2021,Jackson Lane,Jackson Lane,13:00:00,CH,9.81,43.1,62.2,7.13,8.6,NA,1,Excess sediment in new well. pH is suspect. Pumped water from the well.,1,Excess sediment in the new well. Pumped water from the well.,NA,2,CH,Yes,NA,NA,NA,NA,18.6678159,NA,NA,NA,NA,NA,NA,NA,NA,NA,NA,2021-02,NA,0.004939112,NA
TS-CH,2021-06-17,NA,NA,NA,NA,NA,NA,NA,NA,NA,NA,NA,NA,NA,NA,NA,NA,NA,NA,NA,NA,NA,NA,6,CH,Yes,6.5803,11.729,-5.359055537,-30.03051325,18.0457,0.59188213,0.014,0.003,1.069131,0.026139,NA,NA,NA,411.67781,33.41108649,2021-06,12.84193105,NA,42.277295
TS-CH,2021-09-11,TS,CH,657.5223567,2.085675952,F15,9,2021,Jackson Lane,Jackson Lane,13:30:00,CH,4.26,46.3,16.5,1.5,20.5,"Standing water with very little flow, sampled SW.",0,Water in channel; very little flow. Sampled from surface.,0,Sample taken from surface,765,9,CH,No,2.369886,0.62595,-5.259665,-28.246968,42.780452,0.05155,0.007,0.0025,1.37335,0.01781,NA,NA,NA,2885.8,25,2021-09,13.830352,0.003172023,7.364285714
TS-CH,2021-10-19,TS,CH,1614.856732,23.62275462,F15,10,2021,Jackson Lane,Jackson Lane,16:39:00,CH,5.61,73.5,76,7.34,17.1,"No standing water, sample taken from the well",1,"No standing water, sample pumped from the well.",1,"No standing water, sample pumped from the well.",761.2,10,CH,Yes,6.218615,6.344943,NA,NA,18.95658,0.65007993,0.035,0.007116,1.39827433,0.02972163,NA,NA,NA,NA,NA,2021-10,NA,0.01462839,18.57371229
TS-CH,2021-12-13,TS,CH,1709.432773,5.00474938,F15,12,2021,Jackson Lane,Jackson Lane,14:30:00,CH,4.82,77.2,8.26,75.5,11.2,Very little standing water in the well,1,No standing water pumped from well,1,No standing water pumped from well,NA,12,CH,Yes,7.87885724,13.37595419,-5.380689514,-30.89524839,6.4390612,0.16111636,0,0.0025,0.7365859,0.018908,NA,NA,NA,5407.7,8.5,2021-12,12.15026772,0.002927725,NA
TS-CH,2022-02-22,NA,NA,NA,NA,NA,NA,NA,NA,NA,NA,NA,NA,NA,NA,NA,NA,NA,NA,NA,NA,NA,NA,2,CH,Yes,5.0827814,7.35022125,-6.036875018,-34.08662006,20.13421,0.07663266,0.005,0.0025,0.7873908,0.0201826,NA,NA,NA,1635.4,28.7,2022-02,14.20838008,NA,15.326532
TS-CH,2022-03-31,TS,CH,385.3297182,0.270995453,F15,3,2022,Jackson Lane,Jackson Lane,13:20:00,CH,4.27,42.6,51.7,5.11,15.9,NA,1,"Sampled from the well. ~2"" of standing water in a puddle.",1,"Sampled from the well.  ~2"" of standing water in a puddle.",751.6,3,CH,Yes,3.7446033,2.3882697,-5.485603211,-31.63648528,19.23824,0.014,0.01,0.0025,0.94152286,0.02887448,NA,NA,NA,1221.4,21,2022-03,12.24834041,7.03e-4,1.4
TS-CH,2022-05-26,NA,NA,NA,NA,NA,NA,NA,NA,NA,NA,NA,NA,NA,NA,NA,NA,NA,NA,NA,NA,NA,NA,5,CH,No,7.69396,9.609971,-5.4478157,-33.147255,31.02898,0.21368003,0.015,0.0025,1.3865145,0.0466823,NA,NA,NA,NA,NA,2022-05,10.4352706,NA,14.24533533
TS-CH,2022-06-25,NA,NA,NA,NA,NA,NA,NA,NA,NA,NA,NA,NA,NA,NA,NA,NA,NA,NA,NA,NA,NA,NA,6,CH,No,NA,NA,NA,NA,20.07916,NA,NA,NA,NA,NA,NA,NA,NA,NA,NA,2022-06,NA,NA,NA
TS-CH,2022-10-31,NA,NA,NA,NA,NA,NA,NA,NA,NA,NA,NA,NA,NA,NA,NA,NA,NA,NA,NA,NA,NA,NA,10,CH,Yes,2.869426,11.501643,-6.072028315,-35.65090507,6.258229132,0.0392869,0.059761,0.0015,0.4067999,0.014701,NA,NA,NA,NA,NA,2022-10,12.92532145,NA,0.657400311
TS-CH,2022-12-13,TS,CH,782.6662992,-0.161264638,F15,12,2022,Jackson Lane,Jackson Lane,12:00:00,CH,NA,NA,NA,NA,9,NA,2,"No sample, ran out of time.",1,No standing water sample pumped from well.,NA,12,CH,Yes,4.68002,17.928748,-6.05630971,-32.862428,5.981258,0.0454752,0.01,0.0015,0.219402,0.0137261,NA,NA,NA,NA,NA,2022-12,15.58804968,-2.06e-4,4.54752
TS-SW,2020-09-19,NA,NA,NA,NA,NA,NA,NA,NA,NA,NA,NA,NA,NA,NA,NA,NA,NA,NA,NA,NA,NA,NA,9,SW,No,2.426484499,0.88729794,-4.019658007,-22.73462094,44.96849976,0.079117102,0.015,0.005,1.276902621,0.019388407,NA,NA,NA,1190.1,70.1,2020-09,9.422643116,NA,5.274473467
TS-SW,2020-10-30,TS,SW,161.1333446,7.729453942,F15,10,2020,Jackson Lane,Jackson Lane,14:20:00,SW,7.31,40.5,31.1,3.15,13.2,NA,1,pH suspect,0,NA,NA,10,SW,No,2.19912,0.800533,-5.062793427,-28.42391222,42.8220831,0.0815245,0.0091751,0,1.107938,0.021602,NA,NA,NA,771.0606026,83.72419321,2020-10,12.0784352,0.047969301,8.885407244
TS-SW,2021-02-24,TS,SW,493.5010627,5.075019238,F15,2,2021,Jackson Lane,Jackson Lane,13:00:00,SW,10.8,40.6,19.1,2.47,4.2,Ice in south side of pond,1,pH is suspect,0,NA,NA,2,SW,No,2.49399613,0.9899079,-7.094408524,-41.46056294,26.63638903,0.0717941,0.014,0.0025,0.904776,0.012512,NA,NA,NA,726.8,62.7,2021-02,15.29470525,0.010283705,5.12815
TS-SW,2021-05-08,TS,SW,296.8708681,16.50668847,F15,5,2021,Jackson Lane,Jackson Lane,12:30:00,SW,NA,34.2,15.3,1.61,13,NA,0,NA,0,NA,NA,5,SW,No,2.2643333,0.36212699,-3.870123055,-23.33052677,34.97062082,0.06453462,0.00941125,0.0025,1.3294113,0.0290866,NA,NA,NA,947.5,65.3,2021-05,7.63045767,0.055602251,6.857178377
TS-SW,2021-06-17,TS,SW,311.9816218,9.474237343,F15,6,2021,Jackson Lane,Jackson Lane,09:28:00,SW,4.57,23.9,26.2,2.44,18.2,NA,0,NA,0,NA,NA,6,SW,No,2.1157,0.4746,-3.209260344,-20.99634676,29.81196,0.85345481,0.014,0.0425859,1.756795,0.059239,NA,NA,NA,8373.407874,13.68113373,2021-06,4.677735992,0.030367934,60.96105786
TS-SW,2021-09-11,TS,SW,516.3975785,5.53683894,F15,9,2021,Jackson Lane,Jackson Lane,13:00:00,SW,4.4,43.6,15.9,1.46,18.8,NA,0,NA,0,NA,NA,9,SW,No,1.528997,0.67576,-4.83029,-25.740948,48.43713,0.109621,0.007,0.0025,1.677,0.02771,NA,NA,NA,2007.5,72.7,2021-09,12.901372,0.010722047,15.66014286
TS-SW,2021-10-19,TS,SW,308.5595029,3.777140716,F15,10,2021,Jackson Lane,Jackson Lane,13:09:00,SW,4.52,37.5,35.6,3.74,13.3,NA,0,NA,0,NA,762.8,10,SW,No,1.647151,0.200944,-4.127057602,-23.60471255,42.73198,0.030846355,0.035,0.0025,1.40616034,0.02199847,NA,NA,NA,1358.3,79.3,2021-10,9.411748266,0.012241207,0.881324429
TS-SW,2021-11-14,TS,SW,290.1997873,5.49854216,F15,11,2021,Jackson Lane,Jackson Lane,10:15:00,SW,NA,NA,NA,NA,6,NA,1,"No YSI, only thermometer",0,NA,NA,11,SW,No,NA,NA,NA,NA,29.517105,NA,NA,NA,NA,NA,NA,NA,NA,NA,NA,2021-11,NA,0.018947437,NA
TS-SW,2021-12-13,TS,SW,736.6496809,1.648711342,F15,12,2021,Jackson Lane,Jackson Lane,09:47:00,SW,4.66,24.2,45.6,6.05,2.9,Low water some sensors out of the water,0,NA,0,NA,NA,12,SW,No,2.61912466,1.02950702,-3.753089192,-23.48420118,28.1505615,0.02264537,0,0.0025,1.3577424,0.0363129,NA,NA,NA,380,77.8,2021-12,6.540512356,0.002238121,NA
TS-SW,2022-02-22,NA,NA,NA,NA,NA,NA,NA,NA,NA,NA,NA,NA,NA,NA,NA,NA,NA,NA,NA,NA,NA,NA,2,SW,No,2.49748237,4.26280753,-6.727530442,-40.58291154,26.1438,0.01,0.005,0.0025,0.9184859,0.020161,NA,NA,NA,282.1,110.5,2022-02,13.237332,NA,2
TS-SW,2022-03-31,TS,SW,330.8774727,0.849028893,F15,3,2022,Jackson Lane,Jackson Lane,12:05:00,SW,4.38,41.6,57.9,6.05,13.2,NA,0,NA,0,NA,752.4,3,SW,No,2.6886442,1.154226,-5.057302585,-31.77158332,34.02251,0.014,0.01,0.0025,1.30574719,0.02970961,NA,NA,NA,474,94,2022-03,8.68683736,0.002565992,1.4
TS-SW,2022-05-26,NA,NA,NA,NA,NA,NA,NA,NA,NA,NA,NA,NA,NA,NA,NA,NA,NA,NA,NA,NA,NA,NA,5,SW,No,NA,NA,-3.3278602,-23.105745,40.61059,NA,NA,NA,NA,NA,NA,NA,NA,NA,NA,2022-05,3.5171366,NA,NA
TS-SW,2022-06-25,NA,NA,NA,NA,NA,NA,NA,NA,NA,NA,NA,NA,NA,NA,NA,NA,NA,NA,NA,NA,NA,NA,6,SW,Yes,4.355034,0.15,-4.214960072,-25.38331702,29.10338,0.09593559,0.015,0.00922024,1.372952,0.041787,NA,NA,NA,NA,NA,2022-06,8.336363556,NA,6.395706
TS-SW,2022-12-13,TS,SW,349.7818463,-0.056067174,F15,12,2022,Jackson Lane,Jackson Lane,14:30:00,SW,NA,NA,NA,NA,4,Ice on pond but it thawed out. Just a very shallow puddle.,2,No YSI. Only temp,0,NA,NA,12,SW,No,1.0574,21.225506,-4.836969349,-24.555444,18.417001,0.02,0.01,0.0039297,0.7198683,0.0245602,NA,NA,NA,NA,NA,2022-12,14.14031079,-1.6e-4,2
TS-UW1,2021-02-24,TS,UW,145.4901669,0.217592577,F15,2,2021,Jackson Lane,Jackson Lane,13:00:00,UW,9.98,24.1,78,9.28,8,NA,1,Excess sediment in new well. pH is suspect,1,Excess sediment in the new well,NA,2,UW,No,1.16672692,2.4014415,-8.138944609,-48.1044661,5.52257848,0.0035,0.0546653,0.0025,0.2626618,0.0025,NA,NA,NA,19.8,2.6,2021-02,17.00709077,0.001495583,0.064025991
TS-UW1,2021-05-08,TS,UW,203.0199835,0.165583498,F15,5,2021,Jackson Lane,Jackson Lane,17:00:00,UW,NA,27.6,63.5,6.84,11.9,NA,0,NA,0,NA,NA,5,UW,No,1.1529155,4.356321,-7.266030597,-40.33347476,3.596648592,0.035562576,0.039851325,0.0025,0.397574,0.005,NA,NA,NA,49.7,7,2021-05,17.79477002,8.16e-4,0.89238127
TS-UW1,2021-06-17,NA,NA,NA,NA,NA,NA,NA,NA,NA,NA,NA,NA,NA,NA,NA,NA,NA,NA,NA,NA,NA,NA,6,UW,No,1.489,5.1677,-6.617262555,-37.86222411,3.99817,0.09222125,0.04020241,0.003,0.358543,0.006,NA,NA,NA,NA,NA,2021-06,15.07587633,NA,2.293923424
TS-UW1,2021-09-11,TS,UW,664.4038307,0.111317728,F15,9,2021,Jackson Lane,Jackson Lane,13:15:00,UW,4.58,25.2,71.7,6.56,19.7,NA,0,NA,0,NA,765.3,9,UW,No,0.708517,3.25488,-5.641999,-31.340788,3.6619,0.011038,0.045339,0.0025,0.4238,0.006,NA,NA,NA,30.4,4.7,2021-09,13.795204,1.68e-4,0.243454862
TS-UW1,2021-12-13,TS,UW,435.4543645,0.541857358,F15,12,2021,Jackson Lane,Jackson Lane,14:25:00,UW,4.81,34,86,9.56,10.6,Well extremely low on water,1,Flag DO becuase of bubbly line and low well water,1,Flag GHGs for bubbly pump line and low well water,1023.5,12,UW,No,1.85144808,5.72496009,-5.848225849,-33.65261736,3.2438499,0.01,0.0768515,0.0025,0.4859438,0.026698,NA,NA,NA,176.6,8.1,2021-12,13.13318943,0.001244349,0.130121078
TS-UW1,2022-02-22,NA,NA,NA,NA,NA,NA,NA,NA,NA,NA,NA,NA,NA,NA,NA,NA,NA,NA,NA,NA,NA,NA,2,UW,No,1.44149838,4.3799116,-6.271062695,-35.03075434,1.76758,0.01,0.08241131,0.0025,0.5650496,0.0177923,NA,NA,NA,12.2,6.3,2022-02,15.13774722,NA,0.121342568
TS-UW1,2022-03-31,TS,UW,339.1021768,0.029055057,F15,3,2022,Jackson Lane,Jackson Lane,12:30:00,UW,4.49,26.9,80,8.27,13.8,NA,0,NA,0,NA,752.3,3,UW,No,1.2964397,4.1131059,-6.895821289,-41.06633523,1.81163,0.014,0.0646567,0.0025,0.4271283,0.01137379,NA,NA,NA,93.2,8.4,2022-03,14.10023508,8.57e-5,0.216528217
TS-UW1,2022-05-26,NA,NA,NA,NA,NA,NA,NA,NA,NA,NA,NA,NA,NA,NA,NA,NA,NA,NA,NA,NA,NA,NA,5,UW,No,1.34917,4.965347,-6.1940397,-37.794733,2.2183,0.01,0.015,0.0025,0.3603137,0.0149679,NA,NA,NA,NA,NA,2022-05,11.7575846,NA,0.666666667
XB-CH,2021-09-10,XB,CH,878.4345542,3.168007896,F16,9,2021,Baltimore Corner,Baltimore Corner,15:15:00,CH,4.02,120.9,2.5,27.9,20.7,Pumped sample from the well; not enough SW.,1,No standing water pumped sample from well,1,No standing water pumped sample from well,759.5,9,CH,Yes,1.992084,26.66041,-5.315961,-28.347465,18.231247,0.103861,0.007,0.006915,0.72242,0.01672,NA,NA,NA,5015.5,107.2,2021-09,14.180223,0.003606424,14.83728571
XB-CH,2021-10-18,XB,CH,1576.235958,41.89686067,F16,10,2021,Baltimore Corner,Baltimore Corner,14:16:00,CH,6.34,214.5,49.6,4.77,17.2,NA,1,"No standing water, sample pumped from the well.",1,"No standing water, sample pumped from the well.",757.8,10,CH,Yes,3.510995,9.4275,-6.066498217,-34.85610283,18.18446,0.771997884,0.035,0.0025,1.36506628,0.06573555,NA,NA,NA,44198.2,1245.6,2021-10,13.67588291,0.026580323,22.0570824
XB-CH,2021-12-15,XB,CH,1056.571557,5.030579143,F16,12,2021,Baltimore Corner,Baltimore Corner,09:45:00,CH,6.09,174.3,62.1,6.94,10.1,NA,1,No standing water pumped from well,1,No standing water pumped from well,NA,12,CH,Yes,3.89795298,16.85098442,-5.867807465,-34.00963064,8.5735125,0.4679332,0,0.0025,1.1036847,0.1125218,NA,NA,NA,28137.4,303.5,2021-12,12.93282908,0.004761229,NA
XB-CH,2022-02-23,NA,NA,NA,NA,NA,NA,NA,NA,NA,NA,NA,NA,NA,NA,NA,NA,NA,NA,NA,NA,NA,NA,2,CH,Yes,2.91116466,8.82996105,-5.985877779,-33.17968048,10.30296,0.01,0.005,0.0025,0.7542917,0.0429279,NA,NA,NA,2372,40.5,2022-02,14.70734175,NA,2
XB-CH,2022-04-01,XB,CH,755.3681946,1.497016306,F16,4,2022,Baltimore Corner,Baltimore Corner,14:40:00,CH,5.03,36.9,31.2,3.14,15,NA,1,Sampled from the well. Not enough standing water.,1,Sampled from the well. Not enough standing water.,754,4,CH,Yes,2.5886431,3.0705225,-6.053036149,-35.11215686,19.07271,0.0363135,0.01,0.0025,1.04118501,0.04830972,NA,NA,NA,3859.5,50.5,2022-04,13.31213233,0.001981837,3.63135
XB-CH,2022-05-25,NA,NA,NA,NA,NA,NA,NA,NA,NA,NA,NA,NA,NA,NA,NA,NA,NA,NA,NA,NA,NA,NA,5,CH,Yes,3.235738,1.077839,-5.00296,-29.176462,41.60891,0.05123294,0.015,0.01074752,1.8655673,0.1088922,NA,NA,NA,NA,NA,2022-05,10.847218,NA,3.415529333
XB-CH,2022-06-24,NA,NA,NA,NA,NA,NA,NA,NA,NA,NA,NA,NA,NA,NA,NA,NA,NA,NA,NA,NA,NA,NA,6,CH,Yes,3.252339,9.915049,-6.0464007,-34.205257,13.27437,0.27866157,0.015,0.0142962,0.698342,0.236155,NA,NA,NA,NA,NA,2022-06,14.1659486,NA,18.577438
XB-CH,2022-07-26,NA,NA,NA,NA,NA,NA,NA,NA,NA,NA,NA,NA,NA,NA,NA,NA,NA,NA,NA,NA,NA,NA,7,CH,Yes,3.676667,9.679312,-5.820424649,-33.96973948,10.95734841,0.24191116,0.015,0.0025,0.902262,0.107384,NA,NA,NA,NA,NA,2022-07,12.59365771,NA,16.12741067
XB-CH,2022-10-30,NA,NA,NA,NA,NA,NA,NA,NA,NA,NA,NA,NA,NA,NA,NA,NA,NA,NA,NA,NA,NA,NA,10,CH,Yes,3.098316,21.532281,-6.141522625,-34.34609751,14.13698858,0.2492596,0.01,0.039384,0.7567112,0.05885,NA,NA,NA,NA,NA,2022-10,14.78608349,NA,24.92596
XB-CH,2022-12-12,XB,CH,975.5469022,-0.151670983,F16,12,2022,Baltimore Corner,Baltimore Corner,10:30:00,CH,NA,NA,NA,NA,10,NA,2,No YSI. Only temp,1,No standing water sample pumped from well.,NA,12,CH,Yes,2.60405,32.132143,-6.145303938,-33.68081552,8.074965,0.0865849,0.01,0.0033078,0.3756529,0.0325682,NA,NA,NA,NA,NA,2022-12,15.48161598,-1.55e-4,8.65849
XB-SW,2021-09-10,XB,SW,431.2381464,2.643306302,F16,9,2021,Baltimore Corner,Baltimore Corner,14:15:00,SW,3.85,128.4,37.6,3.47,19.2,NA,0,NA,0,NA,759.4,9,SW,No,1.374276,22.53636,-4.969285,-24.471079,23.43889,0.020373,0.007,0.0025,0.82346,0.01754,NA,NA,NA,1436.2,74.5,2021-09,15.283201,0.006129574,2.910428571
XB-SW,2021-10-18,XB,SW,248.053121,1.442534951,F16,10,2021,Baltimore Corner,Baltimore Corner,14:52:00,SW,4.38,51.8,71.9,7.07,16.2,NA,0,NA,0,NA,757.6,10,SW,No,2.167861,4.765516,-4.464480627,-26.3285093,37.64536,0.02594055,0.035,0.00532,1.40189177,0.03310625,NA,NA,NA,1413.2,50.8,2021-10,9.387335716,0.005815428,0.741158571
XB-SW,2021-11-13,XB,SW,284.9521385,6.698021981,F16,11,2021,Baltimore Corner,Baltimore Corner,16:00:00,SW,NA,NA,NA,NA,10,NA,1,"No YSI, only thermometer",0,NA,NA,11,SW,No,NA,NA,NA,NA,58.1008928,NA,NA,NA,NA,NA,NA,NA,NA,NA,NA,2021-11,NA,0.023505779,NA
XB-SW,2021-12-15,XB,SW,713.6433899,18.3769735,F16,12,2021,Baltimore Corner,Baltimore Corner,09:12:00,SW,4.64,22.7,42.7,5.88,2.1,NA,0,NA,0,NA,NA,12,SW,No,3.09938973,0.94626195,-3.937463731,-24.79182847,57.227028,0.01,0,0.0025,1.868379,0.0491257,NA,NA,NA,1149.5,72.7,2021-12,6.707881378,0.02575092,NA
XB-SW,2022-02-23,NA,NA,NA,NA,NA,NA,NA,NA,NA,NA,NA,NA,NA,NA,NA,NA,NA,NA,NA,NA,NA,NA,2,SW,No,3.09703406,6.05863173,-6.101668287,-35.61260584,32.88207,0.01,0.005,0.0025,1.3329968,0.0396816,NA,NA,NA,1032.2,73.5,2022-02,13.20074046,NA,2
XB-SW,2022-04-01,XB,SW,359.909938,2.196643726,F16,4,2022,Baltimore Corner,Baltimore Corner,13:40:00,SW,4.16,45.2,80.8,8.08,15.4,NA,0,NA,0,NA,753.7,4,SW,No,2.9418272,1.6343204,-5.01405132,-29.33046829,33.56696,0.0281959,0.023117,0.0025,1.36130197,0.0342341,NA,NA,NA,1109.1,41,2022-04,10.78194227,0.006103315,1.219704114
XB-SW,2022-05-25,NA,NA,NA,NA,NA,NA,NA,NA,NA,NA,NA,NA,NA,NA,NA,NA,NA,NA,NA,NA,NA,NA,5,SW,No,2.773198,0.356564,-4.3822373,-26.431403,44.54604,0.01,0.015,0.0025,1.622665,0.0422972,NA,NA,NA,NA,NA,2022-05,8.6264954,NA,0.666666667
XB-SW,2022-06-24,NA,NA,NA,NA,NA,NA,NA,NA,NA,NA,NA,NA,NA,NA,NA,NA,NA,NA,NA,NA,NA,NA,6,SW,No,2.738953,3.202495,-3.8820657,-19.943784,15.495,0.21211389,0.015,0.0065224,1.611161,0.037202,NA,NA,NA,NA,NA,2022-06,11.1127416,NA,14.140926
XB-SW,2022-07-26,NA,NA,NA,NA,NA,NA,NA,NA,NA,NA,NA,NA,NA,NA,NA,NA,NA,NA,NA,NA,NA,NA,7,SW,No,1.930925,5.910455,-3.31827868,-16.56744184,31.15390644,0.01,0.015,0.0025,1.025709,0.01729,NA,NA,NA,NA,NA,2022-07,9.9787876,NA,0.666666667
XB-SW,2022-10-30,XB,SW,1344.925903,0.069659481,F16,10,2022,Baltimore Corner,Baltimore Corner,11:20:00,SW,4.06,148.9,52.81,5.43,13.9,No standing water sampled from the well.,1,No standing water sampled from the well.,1,No standing water sampled from the well.,766.8,10,SW,Yes,1.302645,49.400881,-4.940528161,-26.94222986,10.86507851,0.1318459,0.01,0.0015,0.4075136,0.007182,NA,NA,NA,NA,NA,2022-10,12.58199543,5.18e-5,13.18459
XB-SW,2022-12-12,XB,SW,451.1505687,-0.09099963,F16,12,2022,Baltimore Corner,Baltimore Corner,09:00:00,SW,NA,NA,NA,NA,4,NA,2,No YSI. Only temp,0,NA,NA,12,SW,No,1.66135,46.599152,-4.569884602,-19.902915,50.388422,0.02,0.016822,0.0075699,1.0136776,0.0329609,NA,NA,NA,NA,NA,2022-12,16.65616182,-2.02e-4,1.188919272
XB-UW1,2021-09-10,XB,UW,366.93506,0.075734755,F16,9,2021,Baltimore Corner,Baltimore Corner,14:50:00,UW,4.72,29.4,92.3,8.41,19.9,NA,0,NA,0,NA,759.4,9,UW,No,1.006263,4.74613,-7.354129,-42.135579,2.060147,0.016044,0.019437,0.0025,0.15665,0.006,NA,NA,NA,6.9,81,2021-09,16.697453,2.06e-4,0.825436024
XB-UW1,2021-12-15,XB,UW,340.1665617,6.927753513,F16,12,2021,Baltimore Corner,Baltimore Corner,10:30:00,UW,5.16,28.4,96.1,10.07,13.3,Low water in the well,1,Flag DO becuase of bubbly line and low well water,1,Flag GHGs for bubbly pump line and low well water,NA,12,UW,No,1.38369231,5.12179127,-7.52552866,-44.54545417,1.7036915,0.04573997,0,0.0025,0.4837251,0.005,NA,NA,NA,406.9,45.4,2021-12,15.65877511,0.020365769,NA
XB-UW1,2022-02-23,NA,NA,NA,NA,NA,NA,NA,NA,NA,NA,NA,NA,NA,NA,NA,NA,NA,NA,NA,NA,NA,NA,2,UW,No,1.24411224,4.42285259,-6.079112127,-34.32268244,1.49413,0.30293311,0.05887274,0.0025,0.7198101,0.0241287,NA,NA,NA,19,19.8,2022-02,14.31021458,NA,5.145558199
XB-UW1,2022-04-01,XB,UW,275.2256504,-0.084634089,F16,4,2022,Baltimore Corner,Baltimore Corner,14:00:00,UW,4.37,29,87.8,9.6,11.4,NA,0,NA,0,NA,753.8,4,UW,No,1.4105949,4.1015767,-6.052430005,-33.05540227,1.62214,0.0425034,0.0954764,0.0050343,0.45322345000000003,0.02085619,NA,NA,NA,21,15.6,2022-04,15.36403777,-3.08e-4,0.445171791
XB-UW1,2022-05-25,NA,NA,NA,NA,NA,NA,NA,NA,NA,NA,NA,NA,NA,NA,NA,NA,NA,NA,NA,NA,NA,NA,5,UW,No,1.835499,4.93885,-7.0903535,-42.616225,2.97327,1.41729905,1.36037044,0.08060342,3.0878191,0.1058098,NA,NA,NA,NA,NA,2022-05,14.106603,NA,1.041847873
XB-UW1,2022-06-24,NA,NA,NA,NA,NA,NA,NA,NA,NA,NA,NA,NA,NA,NA,NA,NA,NA,NA,NA,NA,NA,NA,6,UW,No,1.492169,4.226356,-6.946610287,-40.31740838,3.10441,0.05456775,0.65288129,0.02014637,0.961829,0.02967,NA,NA,NA,NA,NA,2022-06,15.25547392,NA,0.083579896
XB-UW1,2022-07-26,NA,NA,NA,NA,NA,NA,NA,NA,NA,NA,NA,NA,NA,NA,NA,NA,NA,NA,NA,NA,NA,NA,7,UW,No,1.81652,4.433941,-7.305633096,-44.49719342,2.496961301,0.01,0.04502327,0.01949371,0.309228,0.023647,NA,NA,NA,NA,NA,2022-07,13.94787135,NA,0.222107368
XB-UW1,2022-12-12,XB,UW,222.2367641,0.01253263,F16,12,2022,Baltimore Corner,Baltimore Corner,10:00:00,UW,NA,NA,NA,NA,10,NA,2,No YSI. Only temp,0,NA,NA,12,UW,No,1.84631,4.260839,-7.427338003,-43.9798545,2.359659,0.02,0.01,0.0109837,0.2693288,0.0215926,NA,NA,NA,NA,NA,2022-12,15.43884952,5.64e-5,2
